[
    {
        "parameters": {
            "alpha": 3.0
        }, 
        "score_time": 3, 
        "test_score": 0.5683176279772918, 
        "fit_time": 68, 
        "num_samples": 1103, 
        "best_iteration": null, 
        "train_score": 0.586200011043694, 
        "parameter_id": 2, 
        "time": 71, 
        "done_at": 1544046190991, 
        "grid_point_id": "{\"alpha\": 3.0}@0"
    }, 
    {
        "parameters": {
            "alpha": 0.1
        }, 
        "score_time": 3, 
        "test_score": 0.8094065848796932, 
        "fit_time": 33, 
        "num_samples": 1103, 
        "best_iteration": null, 
        "train_score": 0.8223498970163673, 
        "parameter_id": 0, 
        "time": 36, 
        "done_at": 1544046191131, 
        "grid_point_id": "{\"alpha\": 0.1}@1"
    }, 
    {
        "parameters": {
            "alpha": 1.0
        }, 
        "score_time": 4, 
        "test_score": 0.7312257732150458, 
        "fit_time": 46, 
        "num_samples": 1102, 
        "best_iteration": null, 
        "train_score": 0.7467190251961876, 
        "parameter_id": 1, 
        "time": 50, 
        "done_at": 1544046191105, 
        "grid_point_id": "{\"alpha\": 1.0}@2"
    }, 
    {
        "parameters": {
            "alpha": 100.0
        }, 
        "score_time": 13, 
        "test_score": 0.04534910157455341, 
        "fit_time": 55, 
        "num_samples": 1103, 
        "best_iteration": null, 
        "train_score": 0.04730873076617881, 
        "parameter_id": 4, 
        "time": 68, 
        "done_at": 1544046191014, 
        "grid_point_id": "{\"alpha\": 100.0}@0"
    }, 
    {
        "parameters": {
            "alpha": 0.1
        }, 
        "score_time": 2, 
        "test_score": 0.7973982910026783, 
        "fit_time": 25, 
        "num_samples": 1103, 
        "best_iteration": null, 
        "train_score": 0.8260277217022074, 
        "parameter_id": 0, 
        "time": 27, 
        "done_at": 1544046191094, 
        "grid_point_id": "{\"alpha\": 0.1}@0"
    }, 
    {
        "parameters": {
            "alpha": 1.0
        }, 
        "score_time": 9, 
        "test_score": 0.751964643906991, 
        "fit_time": 25, 
        "num_samples": 1103, 
        "best_iteration": null, 
        "train_score": 0.746384139597553, 
        "parameter_id": 1, 
        "time": 34, 
        "done_at": 1544046191089, 
        "grid_point_id": "{\"alpha\": 1.0}@1"
    }, 
    {
        "parameters": {
            "alpha": 1.0
        }, 
        "score_time": 2, 
        "test_score": 0.7261516709908867, 
        "fit_time": 28, 
        "num_samples": 1103, 
        "best_iteration": null, 
        "train_score": 0.7485665585120047, 
        "parameter_id": 1, 
        "time": 30, 
        "done_at": 1544046191064, 
        "grid_point_id": "{\"alpha\": 1.0}@0"
    }, 
    {
        "parameters": {
            "alpha": 100.0
        }, 
        "score_time": 2, 
        "test_score": 0.0460490038873268, 
        "fit_time": 27, 
        "num_samples": 1102, 
        "best_iteration": null, 
        "train_score": 0.04813542717072272, 
        "parameter_id": 4, 
        "time": 29, 
        "done_at": 1544046191030, 
        "grid_point_id": "{\"alpha\": 100.0}@2"
    }, 
    {
        "parameters": {
            "alpha": 3.0
        }, 
        "score_time": 5, 
        "test_score": 0.5710699237891312, 
        "fit_time": 45, 
        "num_samples": 1102, 
        "best_iteration": null, 
        "train_score": 0.5879967941401968, 
        "parameter_id": 2, 
        "time": 50, 
        "done_at": 1544046190994, 
        "grid_point_id": "{\"alpha\": 3.0}@2"
    }, 
    {
        "parameters": {
            "alpha": 0.1
        }, 
        "score_time": 2, 
        "test_score": 0.8054468631832921, 
        "fit_time": 30, 
        "num_samples": 1102, 
        "best_iteration": null, 
        "train_score": 0.8207881062334547, 
        "parameter_id": 0, 
        "time": 32, 
        "done_at": 1544046191134, 
        "grid_point_id": "{\"alpha\": 0.1}@2"
    }, 
    {
        "parameters": {
            "alpha": 10.0
        }, 
        "score_time": 7, 
        "test_score": 0.31194648370555733, 
        "fit_time": 42, 
        "num_samples": 1103, 
        "best_iteration": null, 
        "train_score": 0.3228415278023473, 
        "parameter_id": 3, 
        "time": 49, 
        "done_at": 1544046191049, 
        "grid_point_id": "{\"alpha\": 10.0}@0"
    }, 
    {
        "parameters": {
            "alpha": 10.0
        }, 
        "score_time": 1, 
        "test_score": 0.332515328360632, 
        "fit_time": 33, 
        "num_samples": 1103, 
        "best_iteration": null, 
        "train_score": 0.3229270716163859, 
        "parameter_id": 3, 
        "time": 34, 
        "done_at": 1544046191054, 
        "grid_point_id": "{\"alpha\": 10.0}@1"
    }, 
    {
        "parameters": {
            "alpha": 3.0
        }, 
        "score_time": 4, 
        "test_score": 0.5974104145150265, 
        "fit_time": 52, 
        "num_samples": 1103, 
        "best_iteration": null, 
        "train_score": 0.585637596741394, 
        "parameter_id": 2, 
        "time": 56, 
        "done_at": 1544046190992, 
        "grid_point_id": "{\"alpha\": 3.0}@1"
    }, 
    {
        "parameters": {
            "alpha": 10.0
        }, 
        "score_time": 3, 
        "test_score": 0.313911345791522, 
        "fit_time": 60, 
        "num_samples": 1102, 
        "best_iteration": null, 
        "train_score": 0.32625935145527696, 
        "parameter_id": 3, 
        "time": 63, 
        "done_at": 1544046191091, 
        "grid_point_id": "{\"alpha\": 10.0}@2"
    }, 
    {
        "parameters": {
            "alpha": 100.0
        }, 
        "score_time": 2, 
        "test_score": 0.04892964865596938, 
        "fit_time": 28, 
        "num_samples": 1103, 
        "best_iteration": null, 
        "train_score": 0.047324094280210116, 
        "parameter_id": 4, 
        "time": 30, 
        "done_at": 1544046191025, 
        "grid_point_id": "{\"alpha\": 100.0}@1"
    }
]