{
    "gridSize": 5, 
    "nThreads": 4, 
    "metric": "R2", 
    "gridPoints": [
        {
            "index": 0, 
            "finishedAt": 1544046191134.0, 
            "score": 0.80408350100551496, 
            "parameters": {
                "alpha": 0.1
            }, 
            "time": 95.0
        }, 
        {
            "index": 1, 
            "finishedAt": 1544046191105.0, 
            "score": 0.73645047506576899, 
            "parameters": {
                "alpha": 1.0
            }, 
            "time": 114.0
        }, 
        {
            "index": 2, 
            "finishedAt": 1544046190994.0, 
            "score": 0.57892706964749818, 
            "parameters": {
                "alpha": 3.0
            }, 
            "time": 177.0
        }, 
        {
            "index": 3, 
            "finishedAt": 1544046191091.0, 
            "score": 0.31945939594052725, 
            "parameters": {
                "alpha": 10.0
            }, 
            "time": 146.0
        }, 
        {
            "index": 4, 
            "finishedAt": 1544046191030.0, 
            "score": 0.046775266971986737, 
            "parameters": {
                "alpha": 100.0
            }, 
            "time": 127.0
        }
    ], 
    "startedAt": 1544046190917, 
    "nSplits": 3
}