{
    "metrics": {
        "rmse": 373.4304830606223, 
        "pearson": 0.89024112815867118, 
        "mae": 257.94747532989805, 
        "r2": 0.79210104883443933, 
        "mape": 0.16803721972467953, 
        "mse": 139450.32567888973, 
        "evs": 0.7921217350511367, 
        "rmsle": 0.21169687946022983
    }, 
    "scatterPlotData": {
        "y": [
            1965.3572, 
            729.8735, 
            1013.0767, 
            2044.1769, 
            2095.562, 
            1153.4434, 
            2831.8672, 
            2661.2738, 
            2196.0682, 
            2453.8339, 
            1873.6202, 
            1600.8169, 
            1530.991, 
            3323.9285, 
            2068.2974, 
            612.3512, 
            1775.4138, 
            2034.7284, 
            2824.4335, 
            1510.631, 
            1950.5973, 
            1078.2887, 
            846.3887, 
            567.5906, 
            1027.4264, 
            2439.7384, 
            2483.0515, 
            1327.7636, 
            3185.592, 
            2426.2874, 
            1554.5579, 
            2293.0901, 
            1396.8417, 
            1147.7112, 
            1028.863, 
            1987.5173, 
            2559.6936, 
            923.2731, 
            1471.2965, 
            898.5832, 
            800.6413, 
            1012.7443, 
            906.3844, 
            1409.3369, 
            1069.8641, 
            661.4358, 
            1542.351, 
            851.6735, 
            774.1075, 
            2714.5867, 
            4315.1307, 
            1827.7192, 
            1003.3521, 
            2831.8672, 
            1237.5396, 
            1566.5687, 
            765.3182, 
            1615.727, 
            2273.6651, 
            921.1781, 
            2273.5042, 
            2660.3265, 
            1131.5045, 
            1635.6407, 
            1814.7545, 
            2566.542, 
            1001.1052, 
            699.0296, 
            1879.0179, 
            3361.5282, 
            2039.5208, 
            943.5632, 
            2981.9109, 
            494.6278, 
            1515.8309, 
            1261.2069, 
            2165.1818, 
            1931.5592, 
            1434.5503, 
            600.0196, 
            1120.0609, 
            650.2006, 
            2533.1924, 
            1872.775, 
            1451.268, 
            1027.4264, 
            1891.8208, 
            629.8014, 
            1694.513, 
            3040.1562, 
            1232.9324, 
            1856.3676, 
            2176.3905, 
            864.6879, 
            1007.688, 
            1159.196, 
            1335.0781, 
            960.8286, 
            789.2178, 
            2872.0444, 
            2070.5382, 
            1842.7367, 
            1418.8721, 
            1534.9189, 
            766.0586, 
            2130.2235, 
            2772.1448, 
            1299.0803, 
            936.4325, 
            980.3839, 
            2072.6197, 
            1743.1704, 
            1277.1145, 
            2279.9275, 
            1103.8297, 
            3377.8105, 
            2185.9336, 
            1901.9847, 
            1061.6578, 
            1419.6447, 
            1705.1148, 
            1036.7384, 
            1713.6604, 
            2041.3291, 
            1253.4624, 
            766.72, 
            2975.2942, 
            2017.3653, 
            2054.0165, 
            1986.5145, 
            950.226, 
            806.9847, 
            1085.1441, 
            3313.2851, 
            1880.6687, 
            1662.5496, 
            1741.9792, 
            761.7934, 
            2024.8332, 
            1733.7109, 
            1497.4586, 
            1404.8434, 
            1277.8763, 
            3162.6763, 
            954.6718, 
            3278.8454, 
            1014.8068, 
            1276.1658, 
            1977.5786, 
            1475.8308, 
            2381.9076, 
            1555.0397, 
            3075.3527, 
            921.9866, 
            1836.832, 
            1322.3926, 
            1510.8708, 
            866.6821, 
            1739.2107, 
            2292.4666, 
            980.3839, 
            1802.8288, 
            796.1776, 
            1020.5123, 
            1258.372, 
            1899.1716, 
            2017.731, 
            917.6911, 
            1071.2994, 
            1023.1674, 
            920.6642, 
            1406.464, 
            2249.1111, 
            1131.4272, 
            2411.18, 
            1373.1855, 
            1268.7824, 
            883.586, 
            655.5258, 
            2459.8673, 
            1171.0466, 
            2311.9705, 
            2309.5243, 
            2468.4254, 
            1013.1429, 
            889.1037, 
            1277.8763, 
            2873.8671, 
            2724.7725, 
            1549.8462, 
            1483.9628, 
            2034.2486, 
            1358.4738, 
            1694.6333, 
            1727.9701, 
            1466.6653, 
            1161.3401, 
            1166.0059, 
            2111.598, 
            1910.3217, 
            1007.2445, 
            1646.6761, 
            1619.6913, 
            1000.9283, 
            1755.4646, 
            903.0266, 
            840.0759, 
            2891.6292, 
            1174.1575, 
            1932.2682, 
            1694.513, 
            1375.2071, 
            2235.897, 
            617.9606, 
            1479.9887, 
            1339.7525, 
            658.3907, 
            3067.6639, 
            1336.0984, 
            1366.3018, 
            1286.3376, 
            875.454, 
            918.25, 
            2063.1156, 
            2605.165, 
            686.0366, 
            1228.1135, 
            1083.1167, 
            1456.2729, 
            1567.9021, 
            3059.5124, 
            1794.3236, 
            2013.4371, 
            1637.1595, 
            1256.6372, 
            1630.3814, 
            2233.9084, 
            2337.2201, 
            797.1476, 
            1509.4471, 
            2037.7169, 
            1856.604, 
            1022.6323, 
            1006.6516, 
            1706.1157, 
            2286.2725, 
            1541.7179, 
            982.5499, 
            1463.0946, 
            3102.6549, 
            1883.6774, 
            937.342, 
            2731.4972, 
            1305.0278, 
            1594.8255, 
            3101.6776, 
            1022.6163, 
            2409.6288, 
            1682.3813, 
            1583.3509, 
            1405.9531, 
            2046.0556, 
            1196.2523, 
            1429.4743, 
            1154.4241, 
            927.365, 
            1095.7371, 
            2338.4755, 
            2928.4652, 
            526.2962, 
            1039.5414, 
            745.6936, 
            1614.0533, 
            2510.254, 
            3505.5221, 
            993.8386, 
            2165.1818, 
            1884.845, 
            2302.4862, 
            1516.6594, 
            1313.2123, 
            1862.1484, 
            2017.6733, 
            3067.2223, 
            1545.6981, 
            2781.8082, 
            1032.0926, 
            2172.8116, 
            1555.0978, 
            1606.7638, 
            2893.8009, 
            1264.7103, 
            1846.7388, 
            2198.3352, 
            1757.7228, 
            1364.2198, 
            1325.6289, 
            1513.674, 
            936.3915, 
            822.2051, 
            904.3209, 
            3100.0298, 
            1789.0183, 
            2946.4029, 
            1316.3618, 
            2016.6055, 
            1897.5339, 
            1064.5027, 
            1049.8905, 
            1271.2999, 
            1397.5416, 
            2818.42, 
            1797.7962, 
            1073.3429, 
            1205.3375, 
            940.7649, 
            1735.767, 
            1894.1565, 
            1186.3168, 
            2724.4072, 
            1587.1079, 
            491.0738, 
            1235.8811, 
            1547.6295, 
            1973.5398, 
            1134.6169, 
            1131.7467, 
            1503.9612, 
            992.5044, 
            527.335, 
            1355.5262, 
            3599.4423, 
            855.4213, 
            1485.1657, 
            932.4267, 
            2781.8082, 
            884.7397, 
            1077.1451, 
            1912.9304, 
            2263.5961, 
            1319.4946, 
            923.0689, 
            3364.1647, 
            1248.6169, 
            3345.1409, 
            1945.9037, 
            870.9736, 
            1145.8841, 
            2372.8734, 
            898.821, 
            613.259, 
            1772.7327, 
            2302.4015, 
            1990.4344, 
            1755.0031, 
            1380.8244, 
            2759.8983, 
            2833.8016, 
            1783.5293, 
            2705.0642, 
            1059.9916, 
            2075.1863, 
            1404.2277, 
            1763.1826, 
            1484.9193, 
            969.3642, 
            2960.2217, 
            1700.6496, 
            1862.1484, 
            1039.3177, 
            1702.6987, 
            1461.9541, 
            763.5227, 
            678.7326, 
            1744.2774, 
            1713.2284, 
            1058.5859, 
            1708.2269, 
            1353.2675, 
            1321.3296, 
            784.4675, 
            766.5933, 
            1167.0631, 
            2318.3987, 
            792.1128, 
            1277.8763, 
            844.0015, 
            669.9962, 
            1250.3776, 
            3007.782, 
            869.0476, 
            1879.7508, 
            733.5316, 
            1282.3505, 
            1697.1605, 
            3865.981, 
            1631.2476, 
            1459.355, 
            1586.9306, 
            3170.3496, 
            826.574, 
            1493.4726, 
            2852.7287, 
            1991.0866, 
            1242.8173, 
            1118.3822, 
            1136.2836, 
            2890.1379, 
            960.0331, 
            1218.0809, 
            756.0738, 
            722.2897, 
            1280.8112, 
            1698.0036, 
            1625.996, 
            2044.0978, 
            1120.8624, 
            1269.5806, 
            1111.8391, 
            1016.9894, 
            1487.0233, 
            692.4467, 
            1501.7731, 
            1035.7737, 
            730.9746, 
            1331.943, 
            3395.1366, 
            3116.0111, 
            2390.0612, 
            779.909, 
            1102.9814, 
            1951.7207, 
            1408.4056, 
            1627.676, 
            1098.0596, 
            2754.656, 
            1387.326, 
            282.8394, 
            1895.7267, 
            482.9398, 
            1559.3652, 
            1292.3876, 
            673.2054, 
            763.9209, 
            910.852, 
            1296.6355, 
            1778.7737, 
            1406.8925, 
            832.7947, 
            1796.1546, 
            819.2266, 
            2589.9236, 
            991.1241, 
            3289.287, 
            1246.9161, 
            677.4344, 
            2217.034, 
            2680.2992, 
            2737.4862, 
            1132.0011, 
            940.952, 
            1603.0797, 
            1269.8116, 
            2106.3407, 
            3787.1212, 
            2178.8074, 
            1190.0127, 
            721.6084, 
            1560.5566, 
            1528.2956, 
            1429.4766, 
            558.5448, 
            662.3993, 
            1628.4926, 
            1434.7947, 
            812.8798, 
            1711.376, 
            823.2002, 
            1053.1369, 
            1693.6177, 
            1662.5556, 
            941.0611, 
            1163.3535, 
            1011.2225, 
            1817.0098, 
            1124.6565, 
            746.3633, 
            1175.5712, 
            1570.1955, 
            1285.1757, 
            1202.4888, 
            492.2205, 
            1032.2245, 
            821.3947, 
            2844.2636, 
            1232.1657, 
            1605.4495, 
            760.4899, 
            2058.0553, 
            1311.7243, 
            2165.5248, 
            923.8263, 
            1033.4873, 
            1532.4643, 
            1950.343, 
            1768.8159, 
            2577.2388, 
            1104.12, 
            3042.6972, 
            1902.1967, 
            1111.1906, 
            601.8694, 
            1055.4991, 
            1643.4191, 
            2645.8231, 
            1243.6678, 
            1346.441, 
            1157.4985, 
            798.9917, 
            2007.6517, 
            858.9758, 
            767.3744, 
            2555.1617, 
            918.25, 
            1184.1645, 
            2270.4589, 
            2273.8806, 
            2414.5719, 
            1475.4313, 
            2390.6364, 
            2353.2464, 
            703.0511, 
            421.8023, 
            1661.5677, 
            957.1025, 
            1704.6964, 
            2139.2267, 
            1932.2682, 
            942.706, 
            2444.8894, 
            703.0495, 
            2611.406, 
            659.1348, 
            745.8323, 
            2226.8463, 
            2372.8734, 
            2062.586, 
            759.9775, 
            1897.668, 
            1858.6186, 
            1299.3317, 
            1186.3168, 
            1049.2838, 
            1149.2015, 
            648.7793, 
            2839.8386, 
            865.3647, 
            2560.7382, 
            1478.2617, 
            399.9896, 
            1661.6539, 
            2022.7141, 
            1866.8953, 
            2200.2125, 
            1579.2855, 
            864.2515, 
            1052.4279, 
            945.3483, 
            1670.737, 
            1777.7734, 
            943.5632, 
            958.4226, 
            2982.2087, 
            903.7936, 
            1084.5619, 
            2748.5899, 
            1524.0331, 
            1952.8298, 
            1490.8108, 
            1360.1905, 
            2295.0262, 
            2529.2705, 
            2149.5675, 
            1448.2832, 
            1872.775, 
            2125.8577, 
            1652.5607, 
            1434.8232, 
            1394.3172, 
            1098.0596, 
            1706.933, 
            1487.2695, 
            1825.9193, 
            766.3124, 
            1988.5461, 
            1128.3926, 
            2724.4072, 
            888.2383, 
            1663.2395, 
            2183.5489, 
            760.1517, 
            791.0915, 
            2962.8387, 
            1476.208, 
            904.7469, 
            758.9005, 
            539.4011, 
            1106.0373, 
            2345.8236, 
            2125.0943, 
            1135.4083, 
            1527.2348, 
            1845.7445, 
            1551.5544, 
            820.2746, 
            2175.3991, 
            1267.4953, 
            1510.4234, 
            885.4798, 
            1206.804, 
            1992.1077, 
            1812.9945, 
            2316.7213, 
            1199.5079, 
            905.1315, 
            1751.755, 
            761.403, 
            1583.7732, 
            2204.414, 
            2644.4258, 
            1178.0883, 
            1925.6209, 
            2625.5069, 
            1040.95, 
            1513.3769, 
            1314.0024, 
            1394.4461, 
            1120.4366, 
            1671.3547, 
            901.4277, 
            3937.332, 
            1514.6255, 
            1219.2367, 
            1541.2772, 
            1622.0346, 
            2125.0943, 
            3181.4961, 
            1459.8402, 
            1559.7812, 
            1215.5964, 
            2024.2074, 
            822.6402, 
            1617.4376, 
            1999.7478, 
            2157.6313, 
            1315.7185, 
            1621.1005, 
            954.6718, 
            1107.6275, 
            1021.8042, 
            655.3778, 
            662.0151, 
            2133.0391, 
            1604.9942, 
            1054.8576, 
            1213.6594, 
            2415.5999, 
            2184.1122, 
            575.1473, 
            1754.9928, 
            918.9239, 
            1107.1143, 
            2123.1228, 
            2186.7489, 
            984.7223, 
            1116.0002, 
            2418.6729, 
            1341.0, 
            1298.8282, 
            895.9477, 
            2227.2725, 
            981.7536, 
            2342.6816, 
            1051.9529, 
            893.0518, 
            1532.0278, 
            1204.1723, 
            1499.9506, 
            1795.6701, 
            1061.3706, 
            1170.6372, 
            992.7949, 
            1077.7996, 
            1099.7558, 
            1023.2512, 
            1047.0306, 
            1326.3968, 
            1256.77, 
            2165.8044, 
            1431.2478, 
            1833.8365, 
            1257.2743, 
            1372.0654, 
            1990.4559, 
            1344.6149, 
            3334.731, 
            2575.6774, 
            535.8305, 
            948.3575, 
            2589.0358, 
            3227.9259, 
            1388.1578, 
            649.7563, 
            2024.0078, 
            2051.1065, 
            1688.8088, 
            1478.2617, 
            2413.015, 
            392.2195, 
            929.4814, 
            2056.8632, 
            799.8436, 
            1727.3984, 
            3360.9892, 
            1354.546, 
            2308.0466, 
            747.8894, 
            1217.0286, 
            1052.5849, 
            443.8116, 
            1478.2617, 
            2608.3237, 
            649.3328, 
            1751.7644, 
            2549.7086, 
            1212.8371, 
            905.0109, 
            2728.1985, 
            779.7563, 
            1260.0684, 
            3290.7964, 
            831.6978, 
            750.9942, 
            2782.502, 
            1687.9258, 
            2246.1134, 
            700.0283, 
            2282.9993, 
            2680.6737, 
            2617.0774, 
            841.1235, 
            1107.6537, 
            1178.5337, 
            1971.246, 
            2776.0616, 
            1162.5795, 
            695.2713, 
            2304.7903, 
            1133.3934, 
            684.1242, 
            1188.198, 
            1032.6379, 
            4546.2637, 
            1074.5106, 
            2351.4115, 
            1703.1965, 
            2647.5101, 
            2760.1874, 
            1920.9858, 
            1078.8325, 
            4457.0299, 
            1711.6035, 
            1547.5549, 
            1522.4704, 
            2316.7213, 
            935.7254, 
            1670.2216, 
            1146.1458, 
            2064.5013, 
            1365.4683, 
            1889.8856, 
            687.3195, 
            842.2135, 
            1445.843, 
            1071.2813, 
            846.8407, 
            2091.5134, 
            1009.8675, 
            1429.7555, 
            1131.1992, 
            2049.6534, 
            885.8668, 
            3009.6502, 
            2249.1111, 
            3185.4913, 
            2954.3273, 
            798.7308, 
            1369.348, 
            1107.8255, 
            752.2574, 
            4088.7354, 
            980.0201, 
            1956.4239, 
            1029.0675, 
            1565.1198, 
            1643.9101, 
            1713.0059, 
            1111.1137, 
            2055.2238, 
            1862.1484, 
            1611.0405, 
            2150.3182, 
            2757.0534, 
            1652.5221, 
            1663.579, 
            841.5132, 
            1559.7812, 
            1966.5252, 
            2706.2774, 
            1902.5071, 
            1341.8723, 
            1931.5086, 
            1392.3549, 
            1731.5453, 
            1759.1369, 
            1353.6462, 
            2064.8544, 
            889.0467, 
            1800.1468, 
            1214.0134, 
            834.9386, 
            875.8591, 
            2128.1248, 
            862.1773, 
            1321.9413, 
            1922.0408, 
            939.9499, 
            1307.4278, 
            1146.2719, 
            2131.8244
        ], 
        "x": [
            2000.0, 
            600.0, 
            460.0, 
            1500.0, 
            2500.0, 
            1400.0, 
            3500.0, 
            3600.0, 
            1950.0, 
            3500.0, 
            2350.0, 
            1490.0, 
            1000.0, 
            3000.0, 
            1750.0, 
            850.0, 
            1390.0, 
            2150.0, 
            3600.0, 
            950.0, 
            1800.0, 
            900.0, 
            675.0, 
            700.0, 
            1000.0, 
            2300.0, 
            2900.0, 
            1200.0, 
            2800.0, 
            2100.0, 
            1800.0, 
            2300.0, 
            1000.0, 
            1100.0, 
            850.0, 
            1400.0, 
            1900.0, 
            1200.0, 
            950.0, 
            1000.0, 
            800.0, 
            850.0, 
            750.0, 
            1350.0, 
            1350.0, 
            850.0, 
            1200.0, 
            900.0, 
            800.0, 
            2350.0, 
            4000.0, 
            2550.0, 
            900.0, 
            3500.0, 
            1300.0, 
            1450.0, 
            1025.0, 
            1400.0, 
            2600.0, 
            800.0, 
            1900.0, 
            2500.0, 
            1200.0, 
            1650.0, 
            850.0, 
            2350.0, 
            1030.0, 
            795.0, 
            760.0, 
            3700.0, 
            1600.0, 
            980.0, 
            2600.0, 
            720.0, 
            1550.0, 
            1175.0, 
            2400.0, 
            2300.0, 
            1450.0, 
            800.0, 
            925.0, 
            895.0, 
            2750.0, 
            1950.0, 
            1500.0, 
            1000.0, 
            1950.0, 
            750.0, 
            1500.0, 
            2300.0, 
            1100.0, 
            1275.0, 
            2650.0, 
            800.0, 
            900.0, 
            1200.0, 
            1400.0, 
            900.0, 
            790.0, 
            2800.0, 
            1700.0, 
            1350.0, 
            1300.0, 
            1300.0, 
            850.0, 
            1950.0, 
            2850.0, 
            2000.0, 
            950.0, 
            1000.0, 
            2200.0, 
            1700.0, 
            1390.0, 
            2800.0, 
            1100.0, 
            3990.0, 
            2280.0, 
            1870.0, 
            930.0, 
            1100.0, 
            1700.0, 
            1375.0, 
            1350.0, 
            1900.0, 
            1400.0, 
            699.0, 
            3100.0, 
            1300.0, 
            1750.0, 
            1750.0, 
            950.0, 
            850.0, 
            1040.0, 
            2600.0, 
            2000.0, 
            1500.0, 
            1980.0, 
            790.0, 
            1580.0, 
            1650.0, 
            1410.0, 
            1450.0, 
            1300.0, 
            3900.0, 
            1000.0, 
            2500.0, 
            850.0, 
            1200.0, 
            2500.0, 
            1750.0, 
            3150.0, 
            1200.0, 
            2950.0, 
            875.0, 
            1850.0, 
            930.0, 
            1700.0, 
            1090.0, 
            1650.0, 
            2700.0, 
            1000.0, 
            1750.0, 
            650.0, 
            815.0, 
            1375.0, 
            2300.0, 
            1700.0, 
            810.0, 
            1300.0, 
            1150.0, 
            800.0, 
            1200.0, 
            2450.0, 
            950.0, 
            2400.0, 
            1400.0, 
            1000.0, 
            820.0, 
            870.0, 
            2700.0, 
            1180.0, 
            2550.0, 
            2400.0, 
            2500.0, 
            990.0, 
            900.0, 
            1300.0, 
            2800.0, 
            2100.0, 
            1380.0, 
            1700.0, 
            1700.0, 
            1270.0, 
            2700.0, 
            1550.0, 
            2000.0, 
            1150.0, 
            750.0, 
            3780.0, 
            1300.0, 
            919.0, 
            2000.0, 
            1200.0, 
            1100.0, 
            1600.0, 
            650.0, 
            700.0, 
            2400.0, 
            1400.0, 
            2000.0, 
            1500.0, 
            1200.0, 
            2300.0, 
            615.0, 
            1500.0, 
            1180.0, 
            600.0, 
            2500.0, 
            1150.0, 
            1500.0, 
            1299.0, 
            900.0, 
            930.0, 
            2500.0, 
            2100.0, 
            950.0, 
            1615.0, 
            1200.0, 
            1400.0, 
            1350.0, 
            2600.0, 
            1400.0, 
            1650.0, 
            1250.0, 
            1300.0, 
            1350.0, 
            1950.0, 
            2700.0, 
            1150.0, 
            1450.0, 
            2000.0, 
            1900.0, 
            1100.0, 
            1100.0, 
            1300.0, 
            2350.0, 
            1250.0, 
            480.0, 
            1500.0, 
            2950.0, 
            1550.0, 
            775.0, 
            2500.0, 
            1300.0, 
            1600.0, 
            2400.0, 
            820.0, 
            2500.0, 
            1300.0, 
            990.0, 
            1350.0, 
            1950.0, 
            900.0, 
            1100.0, 
            1350.0, 
            1000.0, 
            1000.0, 
            1900.0, 
            1950.0, 
            575.0, 
            930.0, 
            750.0, 
            1200.0, 
            2500.0, 
            2950.0, 
            1000.0, 
            2400.0, 
            1550.0, 
            2700.0, 
            1297.0, 
            1600.0, 
            1300.0, 
            2800.0, 
            3500.0, 
            1575.0, 
            3300.0, 
            1100.0, 
            1990.0, 
            800.0, 
            1400.0, 
            3200.0, 
            1190.0, 
            2600.0, 
            3240.0, 
            1800.0, 
            975.0, 
            795.0, 
            1200.0, 
            980.0, 
            775.0, 
            1000.0, 
            3500.0, 
            1690.0, 
            2000.0, 
            1200.0, 
            1500.0, 
            1700.0, 
            970.0, 
            800.0, 
            900.0, 
            1250.0, 
            3600.0, 
            1300.0, 
            950.0, 
            850.0, 
            890.0, 
            1800.0, 
            1850.0, 
            1100.0, 
            2100.0, 
            1350.0, 
            700.0, 
            950.0, 
            1900.0, 
            1400.0, 
            950.0, 
            990.0, 
            1450.0, 
            900.0, 
            700.0, 
            999.0, 
            3080.0, 
            700.0, 
            1200.0, 
            815.0, 
            3300.0, 
            980.0, 
            1000.0, 
            2500.0, 
            2300.0, 
            1650.0, 
            1100.0, 
            3400.0, 
            1200.0, 
            3950.0, 
            1660.0, 
            900.0, 
            975.0, 
            3780.0, 
            1100.0, 
            850.0, 
            1700.0, 
            1950.0, 
            2000.0, 
            1700.0, 
            1200.0, 
            2900.0, 
            2800.0, 
            2600.0, 
            3800.0, 
            1000.0, 
            2100.0, 
            900.0, 
            1450.0, 
            1600.0, 
            1100.0, 
            2800.0, 
            2500.0, 
            1300.0, 
            1100.0, 
            1250.0, 
            1600.0, 
            850.0, 
            750.0, 
            1500.0, 
            2430.0, 
            1200.0, 
            1500.0, 
            1200.0, 
            1190.0, 
            790.0, 
            800.0, 
            1300.0, 
            2100.0, 
            750.0, 
            1300.0, 
            1050.0, 
            750.0, 
            1300.0, 
            3850.0, 
            900.0, 
            1566.0, 
            1050.0, 
            950.0, 
            1520.0, 
            4000.0, 
            1650.0, 
            1300.0, 
            1650.0, 
            3500.0, 
            850.0, 
            1190.0, 
            2650.0, 
            2200.0, 
            1100.0, 
            1200.0, 
            1050.0, 
            2600.0, 
            1090.0, 
            1300.0, 
            900.0, 
            620.0, 
            1000.0, 
            1300.0, 
            1850.0, 
            1700.0, 
            1200.0, 
            800.0, 
            1099.0, 
            795.0, 
            1600.0, 
            775.0, 
            1745.0, 
            850.0, 
            975.0, 
            1100.0, 
            2800.0, 
            3300.0, 
            2700.0, 
            900.0, 
            1350.0, 
            1600.0, 
            1000.0, 
            1700.0, 
            900.0, 
            2800.0, 
            1150.0, 
            700.0, 
            2300.0, 
            750.0, 
            1600.0, 
            1200.0, 
            600.0, 
            830.0, 
            1100.0, 
            900.0, 
            1750.0, 
            800.0, 
            900.0, 
            1750.0, 
            850.0, 
            3200.0, 
            1100.0, 
            3500.0, 
            1100.0, 
            650.0, 
            3995.0, 
            2700.0, 
            3300.0, 
            1150.0, 
            840.0, 
            1200.0, 
            1100.0, 
            2400.0, 
            3800.0, 
            2800.0, 
            1500.0, 
            590.0, 
            1200.0, 
            1400.0, 
            1250.0, 
            700.0, 
            850.0, 
            1300.0, 
            1600.0, 
            950.0, 
            1700.0, 
            870.0, 
            750.0, 
            1600.0, 
            1400.0, 
            850.0, 
            980.0, 
            730.0, 
            1700.0, 
            1100.0, 
            850.0, 
            1080.0, 
            1580.0, 
            950.0, 
            1150.0, 
            650.0, 
            1250.0, 
            850.0, 
            2800.0, 
            950.0, 
            1500.0, 
            850.0, 
            2200.0, 
            1250.0, 
            2200.0, 
            1100.0, 
            1400.0, 
            1425.0, 
            3780.0, 
            1900.0, 
            2800.0, 
            700.0, 
            2500.0, 
            2000.0, 
            1450.0, 
            780.0, 
            1000.0, 
            1250.0, 
            2000.0, 
            990.0, 
            1250.0, 
            995.0, 
            1105.0, 
            2800.0, 
            890.0, 
            850.0, 
            2650.0, 
            930.0, 
            1025.0, 
            1800.0, 
            2190.0, 
            2000.0, 
            1450.0, 
            2700.0, 
            1600.0, 
            1000.0, 
            690.0, 
            1495.0, 
            800.0, 
            1650.0, 
            1150.0, 
            2000.0, 
            875.0, 
            3000.0, 
            800.0, 
            2900.0, 
            700.0, 
            1075.0, 
            1980.0, 
            3780.0, 
            2400.0, 
            850.0, 
            1750.0, 
            1300.0, 
            1250.0, 
            1100.0, 
            800.0, 
            900.0, 
            750.0, 
            3300.0, 
            850.0, 
            3600.0, 
            1500.0, 
            600.0, 
            1300.0, 
            1850.0, 
            1950.0, 
            2200.0, 
            1250.0, 
            950.0, 
            1000.0, 
            1200.0, 
            3000.0, 
            1850.0, 
            980.0, 
            700.0, 
            3499.0, 
            750.0, 
            850.0, 
            3000.0, 
            1500.0, 
            1550.0, 
            1250.0, 
            1150.0, 
            2200.0, 
            2500.0, 
            1750.0, 
            1600.0, 
            1950.0, 
            2100.0, 
            1400.0, 
            1600.0, 
            1300.0, 
            900.0, 
            1700.0, 
            1025.0, 
            1950.0, 
            800.0, 
            3780.0, 
            990.0, 
            2100.0, 
            1000.0, 
            1660.0, 
            1850.0, 
            1000.0, 
            690.0, 
            2450.0, 
            1700.0, 
            875.0, 
            900.0, 
            685.0, 
            1350.0, 
            2500.0, 
            1800.0, 
            1200.0, 
            1000.0, 
            1300.0, 
            1300.0, 
            700.0, 
            2500.0, 
            1280.0, 
            1199.0, 
            750.0, 
            860.0, 
            2000.0, 
            2100.0, 
            3950.0, 
            1050.0, 
            700.0, 
            1500.0, 
            720.0, 
            1350.0, 
            2000.0, 
            3800.0, 
            1250.0, 
            1750.0, 
            3200.0, 
            1200.0, 
            1350.0, 
            1260.0, 
            820.0, 
            1050.0, 
            1390.0, 
            875.0, 
            3850.0, 
            1200.0, 
            1400.0, 
            1500.0, 
            1600.0, 
            1800.0, 
            3000.0, 
            1350.0, 
            1300.0, 
            900.0, 
            1850.0, 
            850.0, 
            1500.0, 
            1850.0, 
            1900.0, 
            1100.0, 
            2400.0, 
            1000.0, 
            850.0, 
            1300.0, 
            700.0, 
            890.0, 
            2100.0, 
            2100.0, 
            890.0, 
            1100.0, 
            3000.0, 
            2800.0, 
            600.0, 
            1500.0, 
            750.0, 
            900.0, 
            2300.0, 
            3630.0, 
            850.0, 
            875.0, 
            2500.0, 
            1100.0, 
            1100.0, 
            900.0, 
            3000.0, 
            900.0, 
            2300.0, 
            1000.0, 
            950.0, 
            1250.0, 
            1050.0, 
            1300.0, 
            1700.0, 
            1100.0, 
            900.0, 
            1200.0, 
            1300.0, 
            950.0, 
            850.0, 
            890.0, 
            1200.0, 
            985.0, 
            2400.0, 
            1400.0, 
            2200.0, 
            1405.0, 
            1000.0, 
            2200.0, 
            1190.0, 
            3700.0, 
            3300.0, 
            699.0, 
            800.0, 
            3500.0, 
            2800.0, 
            1490.0, 
            675.0, 
            2200.0, 
            1300.0, 
            1400.0, 
            1500.0, 
            1975.0, 
            600.0, 
            900.0, 
            2000.0, 
            790.0, 
            1150.0, 
            2600.0, 
            1700.0, 
            1975.0, 
            820.0, 
            850.0, 
            1000.0, 
            700.0, 
            1500.0, 
            2900.0, 
            980.0, 
            1200.0, 
            3300.0, 
            950.0, 
            875.0, 
            3450.0, 
            700.0, 
            1675.0, 
            3400.0, 
            800.0, 
            875.0, 
            3600.0, 
            1700.0, 
            2500.0, 
            980.0, 
            2500.0, 
            2500.0, 
            2900.0, 
            1100.0, 
            1350.0, 
            1050.0, 
            1850.0, 
            4000.0, 
            900.0, 
            800.0, 
            2700.0, 
            1200.0, 
            800.0, 
            800.0, 
            990.0, 
            3500.0, 
            950.0, 
            3850.0, 
            600.0, 
            2100.0, 
            3000.0, 
            1935.0, 
            950.0, 
            3900.0, 
            1400.0, 
            1200.0, 
            1200.0, 
            3950.0, 
            875.0, 
            1700.0, 
            1100.0, 
            1950.0, 
            1350.0, 
            2500.0, 
            700.0, 
            800.0, 
            1590.0, 
            1100.0, 
            850.0, 
            3000.0, 
            1100.0, 
            1450.0, 
            1250.0, 
            1800.0, 
            800.0, 
            3100.0, 
            2450.0, 
            4000.0, 
            3700.0, 
            670.0, 
            1450.0, 
            1000.0, 
            695.0, 
            4000.0, 
            1030.0, 
            2500.0, 
            950.0, 
            1500.0, 
            1164.0, 
            1800.0, 
            1000.0, 
            1700.0, 
            1300.0, 
            1600.0, 
            2400.0, 
            2300.0, 
            1450.0, 
            1500.0, 
            850.0, 
            1300.0, 
            1500.0, 
            4000.0, 
            1700.0, 
            1750.0, 
            2600.0, 
            1100.0, 
            1800.0, 
            1850.0, 
            1200.0, 
            1750.0, 
            1350.0, 
            1750.0, 
            950.0, 
            900.0, 
            1000.0, 
            2745.0, 
            824.0, 
            1100.0, 
            1900.0, 
            900.0, 
            1450.0, 
            800.0, 
            2500.0
        ]
    }, 
    "processed_feature_names": [
        "bathrooms", 
        "distance", 
        "floor", 
        "rooms", 
        "size", 
        "dummy:has360:False", 
        "dummy:has360:N/A", 
        "dummy:hasLift:True", 
        "dummy:hasLift:N/A", 
        "dummy:propertyType:flat", 
        "dummy:propertyType:penthouse", 
        "dummy:propertyType:studio", 
        "dummy:propertyType:duplex", 
        "dummy:propertyType:N/A", 
        "dummy:municipality:Madrid", 
        "dummy:municipality:Pozuelo de Alarc\u00f3n", 
        "dummy:municipality:Majadahonda", 
        "dummy:municipality:La Moraleja", 
        "dummy:municipality:Alcorc\u00f3n", 
        "dummy:municipality:Getafe", 
        "dummy:municipality:Legan\u00e9s", 
        "dummy:municipality:Alcobendas", 
        "dummy:municipality:Boadilla del Monte", 
        "dummy:municipality:Rivas-Vaciamadrid", 
        "dummy:municipality:San Fernando de Henares", 
        "dummy:municipality:Coslada", 
        "dummy:municipality:N/A", 
        "dummy:exterior:True", 
        "dummy:exterior:N/A", 
        "dummy:neighborhood:Recoletos", 
        "dummy:neighborhood:Lavapi\u00e9s-Embajadores", 
        "dummy:neighborhood:Goya", 
        "dummy:neighborhood:Castellana", 
        "dummy:neighborhood:Chueca-Justicia", 
        "dummy:neighborhood:Malasa\u00f1a-Universidad", 
        "dummy:neighborhood:Arg\u00fcelles", 
        "dummy:neighborhood:Palacio", 
        "dummy:neighborhood:Trafalgar", 
        "dummy:neighborhood:Lista", 
        "dummy:neighborhood:Bernab\u00e9u-Hispanoam\u00e9rica", 
        "dummy:neighborhood:Huertas-Cortes", 
        "dummy:neighborhood:Cuzco-Castillejos", 
        "dummy:neighborhood:Conde Orgaz-Piovera", 
        "dummy:neighborhood:Sanchinarro", 
        "dummy:neighborhood:Ibiza", 
        "dummy:neighborhood:Almagro", 
        "dummy:neighborhood:Castilla", 
        "dummy:neighborhood:El Viso", 
        "dummy:neighborhood:Nueva Espa\u00f1a", 
        "dummy:neighborhood:Prosperidad", 
        "dummy:neighborhood:Arapiles", 
        "dummy:neighborhood:Nuevos Ministerios-R\u00edos Rosas", 
        "dummy:neighborhood:Sol", 
        "dummy:neighborhood:Cuatro Caminos", 
        "dummy:neighborhood:Guindalera", 
        "dummy:neighborhood:Las Tablas", 
        "dummy:neighborhood:Ventilla-Almenara", 
        "dummy:neighborhood:Pac\u00edfico", 
        "dummy:neighborhood:Costillares", 
        "dummy:neighborhood:Aravaca", 
        "dummy:neighborhood:Bellas Vistas", 
        "dummy:neighborhood:Fuente del Berro", 
        "dummy:neighborhood:Ensanche de Vallecas - La Gavia", 
        "dummy:neighborhood:Gaztambide", 
        "dummy:neighborhood:Vallehermoso", 
        "dummy:neighborhood:Ciudad Jard\u00edn", 
        "dummy:neighborhood:Jer\u00f3nimos", 
        "dummy:neighborhood:San Pascual", 
        "dummy:neighborhood:La Paz", 
        "dummy:neighborhood:Palos de Moguer", 
        "dummy:neighborhood:Pe\u00f1agrande", 
        "dummy:neighborhood:Rejas", 
        "dummy:neighborhood:Valdeacederas", 
        "dummy:neighborhood:Acacias", 
        "dummy:neighborhood:Ni\u00f1o Jes\u00fas", 
        "dummy:neighborhood:Valdemar\u00edn", 
        "dummy:neighborhood:Ciudad Universitaria", 
        "dummy:neighborhood:Legazpi", 
        "dummy:neighborhood:Concepci\u00f3n", 
        "dummy:neighborhood:Tres Olivos - Valverde", 
        "dummy:neighborhood:Somosaguas", 
        "dummy:neighborhood:Canillas", 
        "dummy:neighborhood:Adelfas", 
        "dummy:neighborhood:Pilar", 
        "dummy:neighborhood:Berruguete", 
        "dummy:neighborhood:San Juan Bautista", 
        "dummy:neighborhood:Estrella", 
        "dummy:neighborhood:Atalaya", 
        "dummy:neighborhood:Zona Avenida Europa", 
        "dummy:neighborhood:Simancas", 
        "dummy:neighborhood:Alameda de Osuna", 
        "dummy:neighborhood:Imperial", 
        "dummy:neighborhood:San Diego", 
        "dummy:neighborhood:Opa\u00f1el", 
        "dummy:neighborhood:Pueblo Nuevo", 
        "dummy:neighborhood:Pinar del Rey", 
        "dummy:neighborhood:Palomas", 
        "dummy:neighborhood:Prado de Somosaguas", 
        "dummy:neighborhood:Puerta del \u00c1ngel", 
        "dummy:neighborhood:Valdezarza", 
        "dummy:neighborhood:Ventas", 
        "dummy:neighborhood:Valdebebas - Valdefuentes", 
        "dummy:neighborhood:Delicias", 
        "dummy:neighborhood:Montecarmelo", 
        "dummy:neighborhood:Lucero", 
        "dummy:neighborhood:Comillas", 
        "dummy:neighborhood:Parque Lisboa - La Paz", 
        "dummy:neighborhood:Chopera", 
        "dummy:neighborhood:Rosas", 
        "dummy:neighborhood:Numancia", 
        "dummy:neighborhood:Zona Estaci\u00f3n", 
        "dummy:neighborhood:Zona Pueblo", 
        "dummy:neighborhood:Campo de las Naciones-Corralejos", 
        "dummy:neighborhood:Quintana", 
        "dummy:neighborhood:Mirasierra", 
        "dummy:neighborhood:San Isidro", 
        "dummy:neighborhood:Aluche", 
        "dummy:neighborhood:Colina", 
        "dummy:neighborhood:Moscard\u00f3", 
        "dummy:neighborhood:Horcajo", 
        "dummy:neighborhood:Valdebernardo - Valderribas", 
        "dummy:neighborhood:Vista Alegre", 
        "dummy:neighborhood:Campamento", 
        "dummy:neighborhood:Los C\u00e1rmenes", 
        "dummy:neighborhood:Arroyo del Fresno", 
        "dummy:neighborhood:Canillejas", 
        "dummy:neighborhood:Ambroz", 
        "dummy:neighborhood:Zona norte", 
        "dummy:neighborhood:\u00c1guilas", 
        "dummy:neighborhood:N/A", 
        "dummy:hasPlan:False", 
        "dummy:hasPlan:N/A", 
        "dummy:district:Centro", 
        "dummy:district:Salamanca", 
        "dummy:district:Chamart\u00edn", 
        "dummy:district:Chamber\u00ed", 
        "dummy:district:Tetu\u00e1n", 
        "dummy:district:Hortaleza", 
        "dummy:district:Moncloa", 
        "dummy:district:Retiro", 
        "dummy:district:Fuencarral", 
        "dummy:district:Ciudad Lineal", 
        "dummy:district:Arganzuela", 
        "dummy:district:San Blas", 
        "dummy:district:Carabanchel", 
        "dummy:district:Latina", 
        "dummy:district:Villa de Vallecas", 
        "dummy:district:Puente de Vallecas", 
        "dummy:district:Barajas", 
        "dummy:district:Encinar de los Reyes", 
        "dummy:district:Usera", 
        "dummy:district:Somosaguas", 
        "dummy:district:Golf - El Carralero", 
        "dummy:district:Zona Prado de Somosaguas - La Finca", 
        "dummy:district:Zona Monte el Pilar", 
        "dummy:district:Zona Avenida Europa", 
        "dummy:district:Villaverde", 
        "dummy:district:Vic\u00e1lvaro", 
        "dummy:district:Moratalaz", 
        "dummy:district:Parque Lisboa - La Paz", 
        "dummy:district:Zona Estaci\u00f3n", 
        "dummy:district:El Soto de la Moraleja", 
        "dummy:district:Zona Pueblo", 
        "dummy:district:Zona Carretera del Plant\u00edo", 
        "dummy:district:Casco Antiguo", 
        "dummy:district:Urbanizaciones", 
        "dummy:district:Ensanche", 
        "dummy:district:Getafe Centro", 
        "dummy:district:Zona norte", 
        "dummy:district:El Bercial", 
        "dummy:district:Valdepastores - Las Encinas", 
        "dummy:district:Zarzaquemada", 
        "dummy:district:Arroyo de la Vega", 
        "dummy:district:La Alh\u00f3ndiga", 
        "dummy:district:Covibar - Pablo Iglesias", 
        "dummy:district:Valderas - Los Castillos", 
        "dummy:district:Universidad", 
        "dummy:district:San Nicasio - Campo de Tiro - Solagua", 
        "dummy:district:Valdelacasa", 
        "dummy:district:Urb. este - Montepr\u00edncipe", 
        "dummy:district:Alcobendas Centro", 
        "dummy:district:Parque Ondarreta - Urtinsa", 
        "dummy:district:Prado de Santo Domingo", 
        "dummy:district:Fuencasa", 
        "dummy:district:El Carrascal", 
        "dummy:district:Valdepelayo - Montepinos - Arroyo Culebro", 
        "dummy:district:Juan de la Cierva", 
        "dummy:district:Getafe norte", 
        "dummy:district:El Puerto", 
        "dummy:district:Norte", 
        "dummy:district:Legan\u00e9s norte", 
        "dummy:district:El Barral Ferial", 
        "dummy:district:Perales del Rio", 
        "dummy:district:Buenavista", 
        "dummy:district:Rivas Urbanizaciones", 
        "dummy:district:Yucat\u00e1n- Las Cornisas", 
        "dummy:district:N/A", 
        "dummy:hasVideo:False", 
        "dummy:hasVideo:N/A", 
        "dummy:detailedType_typology:flat", 
        "dummy:detailedType_typology:N/A", 
        "dummy:hasParkingSpace:True", 
        "dummy:hasParkingSpace:N/A", 
        "dummy:hasParkingSpace:__Others__"
    ], 
    "regression_performance": {
        "max_error": 1039.7904549231828, 
        "median_error": -29.8789155921491, 
        "error_distribution": [
            {
                "count": 57, 
                "bin_max": -480.00807837769798, 
                "bin_id": 0, 
                "bin_min": -650.56324711479681
            }, 
            {
                "count": 84, 
                "bin_max": -311.14157467760009, 
                "bin_id": 1, 
                "bin_min": -480.00807837769798
            }, 
            {
                "count": 142, 
                "bin_max": -142.2750709775022, 
                "bin_id": 2, 
                "bin_min": -311.14157467760009
            }, 
            {
                "count": 215, 
                "bin_max": 26.591432722595641, 
                "bin_id": 3, 
                "bin_min": -142.2750709775022
            }, 
            {
                "count": 165, 
                "bin_max": 195.45793642269348, 
                "bin_id": 4, 
                "bin_min": 26.591432722595641
            }, 
            {
                "count": 88, 
                "bin_max": 364.32444012279143, 
                "bin_id": 5, 
                "bin_min": 195.45793642269348
            }, 
            {
                "count": 29, 
                "bin_max": 533.19094382288927, 
                "bin_id": 6, 
                "bin_min": 364.32444012279143
            }, 
            {
                "count": 18, 
                "bin_max": 702.0574475229871, 
                "bin_id": 7, 
                "bin_min": 533.19094382288927
            }, 
            {
                "count": 20, 
                "bin_max": 870.92395122308494, 
                "bin_id": 8, 
                "bin_min": 702.0574475229871
            }, 
            {
                "count": 22, 
                "bin_max": 1039.7904549231828, 
                "bin_id": 9, 
                "bin_min": 870.92395122308494
            }
        ], 
        "min_error": -648.87458207779582, 
        "average_error": -7.47621265654163, 
        "std_error": 334.9669449972533, 
        "p75_error": 133.77837634921298, 
        "p90_error": 370.2853372576551, 
        "p25_error": -204.59339997303493
    }
}