{
  "state": "DONE",
  "preSearchDescription": {
    "gridLength": 5,
    "importantParams": [
      {
        "name": "alpha",
        "vals": [
          "0.1",
          "1.0",
          "3.0",
          "10.0",
          "100.0"
        ]
      }
    ]
  },
  "postSearchDescription": {
    "importantParams": [
      {
        "name": "alpha",
        "val": "0.1"
      }
    ]
  },
  "sampleWeightsEnabled": false,
  "modelId": "m1",
  "progress": {
    "top_level_todo": [],
    "stack": [],
    "top_level_done": [
      {
        "name": "Loading train set",
        "time": 39
      },
      {
        "name": "Loading test set",
        "time": 17
      },
      {
        "name": "Collecting statistics",
        "time": 25
      },
      {
        "name": "Preprocessing train set",
        "time": 55
      },
      {
        "name": "Preprocessing test set",
        "time": 39
      },
      {
        "name": "Grid searching",
        "time": 1043
      },
      {
        "name": "Fitting model",
        "time": 28
      },
      {
        "name": "Saving model",
        "time": 1
      },
      {
        "name": "Scoring model",
        "time": 55
      }
    ]
  },
  "startTime": 1544046190709,
  "endTime": 1544046192015,
  "preprocessingTime": 179,
  "trainingTime": 1127
}