{
  "params": {
    "ttPolicy": "SPLIT_SINGLE_DATASET",
    "ssdSplitMode": "RANDOM",
    "splitBeforePrepare": true,
    "ssdSelection": {
      "useMemTable": false,
      "filter": {
        "distinct": false,
        "enabled": false
      },
      "partitionSelectionMethod": "ALL",
      "latestPartitionsN": 1,
      "ordering": {
        "enabled": false,
        "rules": []
      },
      "samplingMethod": "FULL",
      "maxRecords": 100000,
      "targetRatio": 0.02,
      "withinFirstN": -1,
      "maxReadUncompressedBytes": -1
    },
    "ssdTrainingRatio": 0.8,
    "ssdSeed": 1337,
    "kfold": false,
    "nFolds": 5,
    "instanceIdRefresher": 0,
    "subSamplingSeed": 1337
  },
  "generationDate": 1544050857073,
  "policyId": "type\u003dSPLIT_SINGLE_DATASET,split\u003dRANDOM,splitBeforePrepare\u003dtrue,ds\u003dtrain_set,sel\u003d(method\u003dfull),r\u003d0.8,s\u003d1337",
  "instanceId": "a398ccd718dcc8df1817f813b41d061d-0",
  "format": "csv1",
  "schema": {
    "columns": [
      {"name":"address","type":"string"},
      {"name":"bathrooms","type":"bigint"},
      {"name":"country","type":"string"},
      {"name":"detailedType_typology","type":"string"},
      {"name":"detailedType_subTypology","type":"string"},
      {"name":"distance","type":"bigint"},
      {"name":"district","type":"string"},
      {"name":"exterior","type":"boolean"},
      {"name":"externalReference","type":"string"},
      {"name":"floor","type":"bigint"},
      {"name":"has360","type":"boolean"},
      {"name":"has3DTour","type":"boolean"},
      {"name":"hasLift","type":"boolean"},
      {"name":"hasPlan","type":"boolean"},
      {"name":"hasVideo","type":"boolean"},
      {"name":"latitude","type":"double"},
      {"name":"longitude","type":"double"},
      {"name":"municipality","type":"string"},
      {"name":"neighborhood","type":"string"},
      {"name":"newDevelopment","type":"string"},
      {"name":"numPhotos","type":"bigint"},
      {"name":"operation","type":"string"},
      {"name":"hasParkingSpace","type":"string"},
      {"name":"parkingSpaceIncluded","type":"boolean"},
      {"name":"parkingSpacePrice","type":"double"},
      {"name":"price","type":"double"},
      {"name":"priceByArea","type":"double"},
      {"name":"propertyCode","type":"double"},
      {"name":"propertyType","type":"string"},
      {"name":"province","type":"string"},
      {"name":"rooms","type":"bigint"},
      {"name":"showAddress","type":"boolean"},
      {"name":"size","type":"double"},
      {"name":"status","type":"string"},
      {"name":"suggestedTexts_subtitle","type":"string"},
      {"name":"suggestedTexts_title","type":"string"},
      {"name":"thumbnail","type":"string"},
      {"name":"url","type":"string"},
      {"name":"geopoint","type":"string"}
    ],
    "userModified": false
  },
  "trainPath": "train-a398ccd718dcc8df1817f813b41d061d-0.csv.gz",
  "testPath": "test-a398ccd718dcc8df1817f813b41d061d-0.csv.gz",
  "trainRows": 2655,
  "testRows": 664,
  "fullRows": 0
}