{
  "trainedWithDSSVersion": "5.0.2",
  "isValid": true,
  "type": "REGRESSION",
  "algorithm_name": "GRADIENT_BOOSTING_REGRESSOR",
  "columns": [
    "bathrooms",
    "floor",
    "numPhotos",
    "rooms",
    "size",
    "dummy:has360:False",
    "dummy:has360:True",
    "dummy:has360:N/A",
    "dummy:has360:__Others__",
    "dummy:hasLift:True",
    "dummy:hasLift:False",
    "dummy:hasLift:N/A",
    "dummy:hasLift:__Others__",
    "dummy:propertyType:flat",
    "dummy:propertyType:penthouse",
    "dummy:propertyType:studio",
    "dummy:propertyType:duplex",
    "dummy:propertyType:chalet",
    "dummy:propertyType:N/A",
    "dummy:propertyType:__Others__",
    "dummy:municipality:Madrid",
    "dummy:municipality:Pozuelo de Alarcón",
    "dummy:municipality:Majadahonda",
    "dummy:municipality:La Moraleja",
    "dummy:municipality:Alcorcón",
    "dummy:municipality:Leganés",
    "dummy:municipality:Getafe",
    "dummy:municipality:Boadilla del Monte",
    "dummy:municipality:Alcobendas",
    "dummy:municipality:Coslada",
    "dummy:municipality:San Fernando de Henares",
    "dummy:municipality:Las Rozas de Madrid",
    "dummy:municipality:Rivas-Vaciamadrid",
    "dummy:municipality:N/A",
    "dummy:municipality:__Others__",
    "dummy:exterior:True",
    "dummy:exterior:False",
    "dummy:exterior:N/A",
    "dummy:exterior:__Others__",
    "dummy:neighborhood:Recoletos",
    "dummy:neighborhood:Lavapiés-Embajadores",
    "dummy:neighborhood:Castellana",
    "dummy:neighborhood:Goya",
    "dummy:neighborhood:Palacio",
    "dummy:neighborhood:Malasaña-Universidad",
    "dummy:neighborhood:Chueca-Justicia",
    "dummy:neighborhood:Argüelles",
    "dummy:neighborhood:Trafalgar",
    "dummy:neighborhood:Lista",
    "dummy:neighborhood:Bernabéu-Hispanoamérica",
    "dummy:neighborhood:Almagro",
    "dummy:neighborhood:Cuzco-Castillejos",
    "dummy:neighborhood:Huertas-Cortes",
    "dummy:neighborhood:El Viso",
    "dummy:neighborhood:Conde Orgaz-Piovera",
    "dummy:neighborhood:Sanchinarro",
    "dummy:neighborhood:Castilla",
    "dummy:neighborhood:Nueva España",
    "dummy:neighborhood:Sol",
    "dummy:neighborhood:Prosperidad",
    "dummy:neighborhood:Ibiza",
    "dummy:neighborhood:Cuatro Caminos",
    "dummy:neighborhood:Arapiles",
    "dummy:neighborhood:Las Tablas",
    "dummy:neighborhood:Ventilla-Almenara",
    "dummy:neighborhood:Guindalera",
    "dummy:neighborhood:Nuevos Ministerios-Ríos Rosas",
    "dummy:neighborhood:Aravaca",
    "dummy:neighborhood:Ciudad Jardín",
    "dummy:neighborhood:Costillares",
    "dummy:neighborhood:Fuente del Berro",
    "dummy:neighborhood:San Pascual",
    "dummy:neighborhood:Bellas Vistas",
    "dummy:neighborhood:Vallehermoso",
    "dummy:neighborhood:Ensanche de Vallecas - La Gavia",
    "dummy:neighborhood:Gaztambide",
    "dummy:neighborhood:Jerónimos",
    "dummy:neighborhood:Pacífico",
    "dummy:neighborhood:La Paz",
    "dummy:neighborhood:Acacias",
    "dummy:neighborhood:Rejas",
    "dummy:neighborhood:Legazpi",
    "dummy:neighborhood:Niño Jesús",
    "dummy:neighborhood:Canillas",
    "dummy:neighborhood:San Juan Bautista",
    "dummy:neighborhood:Palos de Moguer",
    "dummy:neighborhood:Valdemarín",
    "dummy:neighborhood:Peñagrande",
    "dummy:neighborhood:Pilar",
    "dummy:neighborhood:Simancas",
    "dummy:neighborhood:Concepción",
    "dummy:neighborhood:Valdeacederas",
    "dummy:neighborhood:Ventas",
    "dummy:neighborhood:Estrella",
    "dummy:neighborhood:Pueblo Nuevo",
    "dummy:neighborhood:Chopera",
    "dummy:neighborhood:Atalaya",
    "dummy:neighborhood:Berruguete",
    "dummy:neighborhood:Comillas",
    "dummy:neighborhood:Adelfas",
    "dummy:neighborhood:Tres Olivos - Valverde",
    "dummy:neighborhood:Valdezarza",
    "dummy:neighborhood:Pinar del Rey",
    "dummy:neighborhood:Alameda de Osuna",
    "dummy:neighborhood:Colina",
    "dummy:neighborhood:Somosaguas",
    "dummy:neighborhood:Lucero",
    "dummy:neighborhood:Imperial",
    "dummy:neighborhood:Montecarmelo",
    "dummy:neighborhood:Zona Avenida Europa",
    "dummy:neighborhood:Delicias",
    "dummy:neighborhood:Palomas",
    "dummy:neighborhood:Ciudad Universitaria",
    "dummy:neighborhood:San Diego",
    "dummy:neighborhood:Mirasierra",
    "dummy:neighborhood:Prado de Somosaguas",
    "dummy:neighborhood:Opañel",
    "dummy:neighborhood:Numancia",
    "dummy:neighborhood:Vista Alegre",
    "dummy:neighborhood:Valdebernardo - Valderribas",
    "dummy:neighborhood:Zona Estación",
    "dummy:neighborhood:Zona norte",
    "dummy:neighborhood:Valdebebas - Valdefuentes",
    "dummy:neighborhood:Almendrales",
    "dummy:neighborhood:Rosas",
    "dummy:neighborhood:Puerta del Ángel",
    "dummy:neighborhood:Zofío",
    "dummy:neighborhood:Parque Lisboa - La Paz",
    "dummy:neighborhood:Quintana",
    "dummy:neighborhood:San Isidro",
    "dummy:neighborhood:Águilas",
    "dummy:neighborhood:Campo de las Naciones-Corralejos",
    "dummy:neighborhood:Ambroz",
    "dummy:neighborhood:Casco Histórico de Vallecas",
    "dummy:neighborhood:Moscardó",
    "dummy:neighborhood:Abrantes",
    "dummy:neighborhood:Canillejas",
    "dummy:neighborhood:Horcajo",
    "dummy:neighborhood:Puerta Bonita",
    "dummy:neighborhood:N/A",
    "dummy:neighborhood:__Others__",
    "dummy:hasPlan:False",
    "dummy:hasPlan:True",
    "dummy:hasPlan:N/A",
    "dummy:hasPlan:__Others__",
    "dummy:district:Centro",
    "dummy:district:Salamanca",
    "dummy:district:Chamartín",
    "dummy:district:Chamberí",
    "dummy:district:Tetuán",
    "dummy:district:Hortaleza",
    "dummy:district:Ciudad Lineal",
    "dummy:district:Moncloa",
    "dummy:district:Retiro",
    "dummy:district:Fuencarral",
    "dummy:district:Arganzuela",
    "dummy:district:San Blas",
    "dummy:district:Carabanchel",
    "dummy:district:Latina",
    "dummy:district:Villa de Vallecas",
    "dummy:district:Usera",
    "dummy:district:Encinar de los Reyes",
    "dummy:district:Puente de Vallecas",
    "dummy:district:Barajas",
    "dummy:district:Zona Monte el Pilar",
    "dummy:district:Vicálvaro",
    "dummy:district:Golf - El Carralero",
    "dummy:district:Zona Prado de Somosaguas - La Finca",
    "dummy:district:Somosaguas",
    "dummy:district:Zona Avenida Europa",
    "dummy:district:El Soto de la Moraleja",
    "dummy:district:Villaverde",
    "dummy:district:Moratalaz",
    "dummy:district:Zona Estación",
    "dummy:district:Zona norte",
    "dummy:district:Parque Lisboa - La Paz",
    "dummy:district:Valdepastores - Las Encinas",
    "dummy:district:Urbanizaciones",
    "dummy:district:Getafe Centro",
    "dummy:district:Zarzaquemada",
    "dummy:district:San Nicasio - Campo de Tiro - Solagua",
    "dummy:district:Zona Pueblo",
    "dummy:district:Prado de Santo Domingo",
    "dummy:district:Valdepelayo - Montepinos - Arroyo Culebro",
    "dummy:district:Casco Antiguo",
    "dummy:district:Valderas - Los Castillos",
    "dummy:district:El Bercial",
    "dummy:district:El Carrascal",
    "dummy:district:Yucatán- Las Cornisas",
    "dummy:district:Alcobendas Centro",
    "dummy:district:Fuencasa",
    "dummy:district:Ensanche",
    "dummy:district:Arroyo de la Vega",
    "dummy:district:Valdelacasa",
    "dummy:district:Universidad",
    "dummy:district:Zona Carretera del Plantío",
    "dummy:district:Urb. este - Montepríncipe",
    "dummy:district:El Puerto",
    "dummy:district:Parque Ondarreta - Urtinsa",
    "dummy:district:Buenavista",
    "dummy:district:Valleaguado - La Cañada",
    "dummy:district:Covibar - Pablo Iglesias",
    "dummy:district:Las Dehesillas - Vereda de los Estudiantes",
    "dummy:district:Norte",
    "dummy:district:Juan de la Cierva",
    "dummy:district:Getafe norte",
    "dummy:district:El Barral Ferial",
    "dummy:district:N/A",
    "dummy:district:__Others__",
    "dummy:hasVideo:False",
    "dummy:hasVideo:True",
    "dummy:hasVideo:N/A",
    "dummy:hasVideo:__Others__",
    "dummy:detailedType_typology:flat",
    "dummy:detailedType_typology:chalet",
    "dummy:detailedType_typology:N/A",
    "dummy:detailedType_typology:__Others__",
    "dummy:parkingSpaceIncluded:True",
    "dummy:parkingSpaceIncluded:False",
    "dummy:parkingSpaceIncluded:N/A",
    "dummy:parkingSpaceIncluded:__Others__",
    "dummy:hasParkingSpace:True",
    "dummy:hasParkingSpace:N/A",
    "dummy:hasParkingSpace:__Others__"
  ]
}