[
    {
        "parameters": {
            "loss": "ls", 
            "learning_rate": 0.5, 
            "min_samples_leaf": 3, 
            "n_estimators": 100, 
            "max_features": "auto", 
            "max_depth": 5
        }, 
        "score_time": 8, 
        "test_score": 0.8399170532292013, 
        "fit_time": 1542, 
        "num_samples": 885, 
        "best_iteration": null, 
        "train_score": 0.9792256964831609, 
        "parameter_id": 6, 
        "time": 1550, 
        "done_at": 1545228549724, 
        "grid_point_id": "{\"loss\": \"ls\", \"learning_rate\": 0.5, \"min_samples_leaf\": 3, \"n_estimators\": 100, \"max_features\": \"auto\", \"max_depth\": 5}@0"
    }, 
    {
        "parameters": {
            "loss": "ls", 
            "learning_rate": 0.1, 
            "min_samples_leaf": 3, 
            "n_estimators": 300, 
            "max_features": "auto", 
            "max_depth": 3
        }, 
        "score_time": 18, 
        "test_score": 0.8236033131795262, 
        "fit_time": 2651, 
        "num_samples": 885, 
        "best_iteration": null, 
        "train_score": 0.902047383545368, 
        "parameter_id": 1, 
        "time": 2669, 
        "done_at": 1545228550842, 
        "grid_point_id": "{\"loss\": \"ls\", \"learning_rate\": 0.1, \"min_samples_leaf\": 3, \"n_estimators\": 300, \"max_features\": \"auto\", \"max_depth\": 3}@2"
    }, 
    {
        "parameters": {
            "loss": "ls", 
            "learning_rate": 0.1, 
            "min_samples_leaf": 3, 
            "n_estimators": 300, 
            "max_features": "auto", 
            "max_depth": 3
        }, 
        "score_time": 12, 
        "test_score": 0.8102661139375386, 
        "fit_time": 2616, 
        "num_samples": 885, 
        "best_iteration": null, 
        "train_score": 0.9079830934561257, 
        "parameter_id": 1, 
        "time": 2628, 
        "done_at": 1545228550792, 
        "grid_point_id": "{\"loss\": \"ls\", \"learning_rate\": 0.1, \"min_samples_leaf\": 3, \"n_estimators\": 300, \"max_features\": \"auto\", \"max_depth\": 3}@1"
    }, 
    {
        "parameters": {
            "loss": "ls", 
            "learning_rate": 0.1, 
            "min_samples_leaf": 3, 
            "n_estimators": 300, 
            "max_features": "auto", 
            "max_depth": 3
        }, 
        "score_time": 11, 
        "test_score": 0.8387869997233509, 
        "fit_time": 2545, 
        "num_samples": 885, 
        "best_iteration": null, 
        "train_score": 0.9000619682869939, 
        "parameter_id": 1, 
        "time": 2556, 
        "done_at": 1545228550720, 
        "grid_point_id": "{\"loss\": \"ls\", \"learning_rate\": 0.1, \"min_samples_leaf\": 3, \"n_estimators\": 300, \"max_features\": \"auto\", \"max_depth\": 3}@0"
    }, 
    {
        "parameters": {
            "loss": "ls", 
            "learning_rate": 0.5, 
            "min_samples_leaf": 3, 
            "n_estimators": 100, 
            "max_features": "auto", 
            "max_depth": 5
        }, 
        "score_time": 8, 
        "test_score": 0.7820883543916308, 
        "fit_time": 1504, 
        "num_samples": 885, 
        "best_iteration": null, 
        "train_score": 0.9831536909366414, 
        "parameter_id": 6, 
        "time": 1512, 
        "done_at": 1545228551240, 
        "grid_point_id": "{\"loss\": \"ls\", \"learning_rate\": 0.5, \"min_samples_leaf\": 3, \"n_estimators\": 100, \"max_features\": \"auto\", \"max_depth\": 5}@1"
    }, 
    {
        "parameters": {
            "loss": "ls", 
            "learning_rate": 0.5, 
            "min_samples_leaf": 3, 
            "n_estimators": 100, 
            "max_features": "auto", 
            "max_depth": 5
        }, 
        "score_time": 13, 
        "test_score": 0.8044250677764628, 
        "fit_time": 1348, 
        "num_samples": 885, 
        "best_iteration": null, 
        "train_score": 0.9821164583907127, 
        "parameter_id": 6, 
        "time": 1361, 
        "done_at": 1545228552084, 
        "grid_point_id": "{\"loss\": \"ls\", \"learning_rate\": 0.5, \"min_samples_leaf\": 3, \"n_estimators\": 100, \"max_features\": \"auto\", \"max_depth\": 5}@2"
    }, 
    {
        "parameters": {
            "loss": "ls", 
            "learning_rate": 0.5, 
            "min_samples_leaf": 3, 
            "n_estimators": 100, 
            "max_features": "auto", 
            "max_depth": 3
        }, 
        "score_time": 6, 
        "test_score": 0.8310717823405387, 
        "fit_time": 825, 
        "num_samples": 885, 
        "best_iteration": null, 
        "train_score": 0.9309527455480614, 
        "parameter_id": 4, 
        "time": 831, 
        "done_at": 1545228552921, 
        "grid_point_id": "{\"loss\": \"ls\", \"learning_rate\": 0.5, \"min_samples_leaf\": 3, \"n_estimators\": 100, \"max_features\": \"auto\", \"max_depth\": 3}@0"
    }, 
    {
        "parameters": {
            "loss": "ls", 
            "learning_rate": 0.5, 
            "min_samples_leaf": 3, 
            "n_estimators": 300, 
            "max_features": "auto", 
            "max_depth": 3
        }, 
        "score_time": 12, 
        "test_score": 0.798702844287631, 
        "fit_time": 2443, 
        "num_samples": 885, 
        "best_iteration": null, 
        "train_score": 0.9738126605134405, 
        "parameter_id": 5, 
        "time": 2455, 
        "done_at": 1545228553698, 
        "grid_point_id": "{\"loss\": \"ls\", \"learning_rate\": 0.5, \"min_samples_leaf\": 3, \"n_estimators\": 300, \"max_features\": \"auto\", \"max_depth\": 3}@2"
    }, 
    {
        "parameters": {
            "loss": "ls", 
            "learning_rate": 0.5, 
            "min_samples_leaf": 3, 
            "n_estimators": 100, 
            "max_features": "auto", 
            "max_depth": 3
        }, 
        "score_time": 7, 
        "test_score": 0.8056646395384389, 
        "fit_time": 747, 
        "num_samples": 885, 
        "best_iteration": null, 
        "train_score": 0.9320806318704826, 
        "parameter_id": 4, 
        "time": 754, 
        "done_at": 1545228554040, 
        "grid_point_id": "{\"loss\": \"ls\", \"learning_rate\": 0.5, \"min_samples_leaf\": 3, \"n_estimators\": 100, \"max_features\": \"auto\", \"max_depth\": 3}@2"
    }, 
    {
        "parameters": {
            "loss": "ls", 
            "learning_rate": 0.5, 
            "min_samples_leaf": 3, 
            "n_estimators": 300, 
            "max_features": "auto", 
            "max_depth": 3
        }, 
        "score_time": 11, 
        "test_score": 0.8209603475266192, 
        "fit_time": 2427, 
        "num_samples": 885, 
        "best_iteration": null, 
        "train_score": 0.9737151166795692, 
        "parameter_id": 5, 
        "time": 2438, 
        "done_at": 1545228553284, 
        "grid_point_id": "{\"loss\": \"ls\", \"learning_rate\": 0.5, \"min_samples_leaf\": 3, \"n_estimators\": 300, \"max_features\": \"auto\", \"max_depth\": 3}@1"
    }, 
    {
        "parameters": {
            "loss": "ls", 
            "learning_rate": 0.5, 
            "min_samples_leaf": 3, 
            "n_estimators": 100, 
            "max_features": "auto", 
            "max_depth": 3
        }, 
        "score_time": 10, 
        "test_score": 0.8138170567320988, 
        "fit_time": 799, 
        "num_samples": 885, 
        "best_iteration": null, 
        "train_score": 0.9327765923464474, 
        "parameter_id": 4, 
        "time": 809, 
        "done_at": 1545228553733, 
        "grid_point_id": "{\"loss\": \"ls\", \"learning_rate\": 0.5, \"min_samples_leaf\": 3, \"n_estimators\": 100, \"max_features\": \"auto\", \"max_depth\": 3}@1"
    }, 
    {
        "parameters": {
            "loss": "ls", 
            "learning_rate": 0.5, 
            "min_samples_leaf": 3, 
            "n_estimators": 300, 
            "max_features": "auto", 
            "max_depth": 3
        }, 
        "score_time": 13, 
        "test_score": 0.8296401653734546, 
        "fit_time": 2578, 
        "num_samples": 885, 
        "best_iteration": null, 
        "train_score": 0.9722907529808924, 
        "parameter_id": 5, 
        "time": 2591, 
        "done_at": 1545228553387, 
        "grid_point_id": "{\"loss\": \"ls\", \"learning_rate\": 0.5, \"min_samples_leaf\": 3, \"n_estimators\": 300, \"max_features\": \"auto\", \"max_depth\": 3}@0"
    }, 
    {
        "parameters": {
            "loss": "ls", 
            "learning_rate": 0.1, 
            "min_samples_leaf": 3, 
            "n_estimators": 100, 
            "max_features": "auto", 
            "max_depth": 5
        }, 
        "score_time": 8, 
        "test_score": 0.8364811452213012, 
        "fit_time": 1510, 
        "num_samples": 885, 
        "best_iteration": null, 
        "train_score": 0.9190947275688526, 
        "parameter_id": 2, 
        "time": 1518, 
        "done_at": 1545228554909, 
        "grid_point_id": "{\"loss\": \"ls\", \"learning_rate\": 0.1, \"min_samples_leaf\": 3, \"n_estimators\": 100, \"max_features\": \"auto\", \"max_depth\": 5}@0"
    }, 
    {
        "parameters": {
            "loss": "ls", 
            "learning_rate": 0.1, 
            "min_samples_leaf": 3, 
            "n_estimators": 100, 
            "max_features": "auto", 
            "max_depth": 3
        }, 
        "score_time": 7, 
        "test_score": 0.8230291254322529, 
        "fit_time": 965, 
        "num_samples": 885, 
        "best_iteration": null, 
        "train_score": 0.8592902402516245, 
        "parameter_id": 0, 
        "time": 972, 
        "done_at": 1545228555016, 
        "grid_point_id": "{\"loss\": \"ls\", \"learning_rate\": 0.1, \"min_samples_leaf\": 3, \"n_estimators\": 100, \"max_features\": \"auto\", \"max_depth\": 3}@0"
    }, 
    {
        "parameters": {
            "loss": "ls", 
            "learning_rate": 0.1, 
            "min_samples_leaf": 3, 
            "n_estimators": 100, 
            "max_features": "auto", 
            "max_depth": 5
        }, 
        "score_time": 10, 
        "test_score": 0.808584671128367, 
        "fit_time": 1465, 
        "num_samples": 885, 
        "best_iteration": null, 
        "train_score": 0.9241521054577077, 
        "parameter_id": 2, 
        "time": 1475, 
        "done_at": 1545228555176, 
        "grid_point_id": "{\"loss\": \"ls\", \"learning_rate\": 0.1, \"min_samples_leaf\": 3, \"n_estimators\": 100, \"max_features\": \"auto\", \"max_depth\": 5}@1"
    }, 
    {
        "parameters": {
            "loss": "ls", 
            "learning_rate": 0.1, 
            "min_samples_leaf": 3, 
            "n_estimators": 100, 
            "max_features": "auto", 
            "max_depth": 3
        }, 
        "score_time": 5, 
        "test_score": 0.7851995362412392, 
        "fit_time": 825, 
        "num_samples": 885, 
        "best_iteration": null, 
        "train_score": 0.8704050709359241, 
        "parameter_id": 0, 
        "time": 830, 
        "done_at": 1545228555743, 
        "grid_point_id": "{\"loss\": \"ls\", \"learning_rate\": 0.1, \"min_samples_leaf\": 3, \"n_estimators\": 100, \"max_features\": \"auto\", \"max_depth\": 3}@1"
    }, 
    {
        "parameters": {
            "loss": "ls", 
            "learning_rate": 0.1, 
            "min_samples_leaf": 3, 
            "n_estimators": 100, 
            "max_features": "auto", 
            "max_depth": 5
        }, 
        "score_time": 10, 
        "test_score": 0.8112178683394224, 
        "fit_time": 1455, 
        "num_samples": 885, 
        "best_iteration": null, 
        "train_score": 0.9219750927501488, 
        "parameter_id": 2, 
        "time": 1465, 
        "done_at": 1545228555201, 
        "grid_point_id": "{\"loss\": \"ls\", \"learning_rate\": 0.1, \"min_samples_leaf\": 3, \"n_estimators\": 100, \"max_features\": \"auto\", \"max_depth\": 5}@2"
    }, 
    {
        "parameters": {
            "loss": "ls", 
            "learning_rate": 0.1, 
            "min_samples_leaf": 3, 
            "n_estimators": 100, 
            "max_features": "auto", 
            "max_depth": 3
        }, 
        "score_time": 6, 
        "test_score": 0.8031262047812285, 
        "fit_time": 816, 
        "num_samples": 885, 
        "best_iteration": null, 
        "train_score": 0.863150845080806, 
        "parameter_id": 0, 
        "time": 822, 
        "done_at": 1545228555840, 
        "grid_point_id": "{\"loss\": \"ls\", \"learning_rate\": 0.1, \"min_samples_leaf\": 3, \"n_estimators\": 100, \"max_features\": \"auto\", \"max_depth\": 3}@2"
    }, 
    {
        "parameters": {
            "loss": "ls", 
            "learning_rate": 0.1, 
            "min_samples_leaf": 3, 
            "n_estimators": 300, 
            "max_features": "auto", 
            "max_depth": 5
        }, 
        "score_time": 20, 
        "test_score": 0.8205725891560927, 
        "fit_time": 3867, 
        "num_samples": 885, 
        "best_iteration": null, 
        "train_score": 0.9629819432442414, 
        "parameter_id": 3, 
        "time": 3887, 
        "done_at": 1545228559092, 
        "grid_point_id": "{\"loss\": \"ls\", \"learning_rate\": 0.1, \"min_samples_leaf\": 3, \"n_estimators\": 300, \"max_features\": \"auto\", \"max_depth\": 5}@1"
    }, 
    {
        "parameters": {
            "loss": "ls", 
            "learning_rate": 0.1, 
            "min_samples_leaf": 3, 
            "n_estimators": 300, 
            "max_features": "auto", 
            "max_depth": 5
        }, 
        "score_time": 32, 
        "test_score": 0.8439647617179322, 
        "fit_time": 4106, 
        "num_samples": 885, 
        "best_iteration": null, 
        "train_score": 0.9599552129932165, 
        "parameter_id": 3, 
        "time": 4138, 
        "done_at": 1545228559320, 
        "grid_point_id": "{\"loss\": \"ls\", \"learning_rate\": 0.1, \"min_samples_leaf\": 3, \"n_estimators\": 300, \"max_features\": \"auto\", \"max_depth\": 5}@0"
    }, 
    {
        "parameters": {
            "loss": "ls", 
            "learning_rate": 0.5, 
            "min_samples_leaf": 3, 
            "n_estimators": 300, 
            "max_features": "auto", 
            "max_depth": 5
        }, 
        "score_time": 22, 
        "test_score": 0.8343021094617763, 
        "fit_time": 4296, 
        "num_samples": 885, 
        "best_iteration": null, 
        "train_score": 0.9978624901632099, 
        "parameter_id": 7, 
        "time": 4318, 
        "done_at": 1545228560161, 
        "grid_point_id": "{\"loss\": \"ls\", \"learning_rate\": 0.5, \"min_samples_leaf\": 3, \"n_estimators\": 300, \"max_features\": \"auto\", \"max_depth\": 5}@0"
    }, 
    {
        "parameters": {
            "loss": "ls", 
            "learning_rate": 0.1, 
            "min_samples_leaf": 3, 
            "n_estimators": 300, 
            "max_features": "auto", 
            "max_depth": 5
        }, 
        "score_time": 20, 
        "test_score": 0.8218703012790571, 
        "fit_time": 4200, 
        "num_samples": 885, 
        "best_iteration": null, 
        "train_score": 0.9573675422371599, 
        "parameter_id": 3, 
        "time": 4220, 
        "done_at": 1545228559967, 
        "grid_point_id": "{\"loss\": \"ls\", \"learning_rate\": 0.1, \"min_samples_leaf\": 3, \"n_estimators\": 300, \"max_features\": \"auto\", \"max_depth\": 5}@2"
    }, 
    {
        "parameters": {
            "loss": "ls", 
            "learning_rate": 0.5, 
            "min_samples_leaf": 3, 
            "n_estimators": 300, 
            "max_features": "auto", 
            "max_depth": 5
        }, 
        "score_time": 16, 
        "test_score": 0.7743946687615632, 
        "fit_time": 3153, 
        "num_samples": 885, 
        "best_iteration": null, 
        "train_score": 0.9984180033696124, 
        "parameter_id": 7, 
        "time": 3169, 
        "done_at": 1545228562266, 
        "grid_point_id": "{\"loss\": \"ls\", \"learning_rate\": 0.5, \"min_samples_leaf\": 3, \"n_estimators\": 300, \"max_features\": \"auto\", \"max_depth\": 5}@1"
    }, 
    {
        "parameters": {
            "loss": "ls", 
            "learning_rate": 0.5, 
            "min_samples_leaf": 3, 
            "n_estimators": 300, 
            "max_features": "auto", 
            "max_depth": 5
        }, 
        "score_time": 16, 
        "test_score": 0.7935073748185546, 
        "fit_time": 3087, 
        "num_samples": 885, 
        "best_iteration": null, 
        "train_score": 0.9980843245218206, 
        "parameter_id": 7, 
        "time": 3103, 
        "done_at": 1545228562426, 
        "grid_point_id": "{\"loss\": \"ls\", \"learning_rate\": 0.5, \"min_samples_leaf\": 3, \"n_estimators\": 300, \"max_features\": \"auto\", \"max_depth\": 5}@2"
    }
]