{
    "gridSize": 8, 
    "nThreads": 4, 
    "metric": "R2", 
    "gridPoints": [
        {
            "index": 0, 
            "finishedAt": 1545228555840.0, 
            "score": 0.80378495548490692, 
            "parameters": {
                "loss": "ls", 
                "learning_rate": 0.1, 
                "min_samples_leaf": 3, 
                "n_estimators": 100, 
                "max_features": "auto", 
                "max_depth": 3
            }, 
            "time": 2624.0
        }, 
        {
            "index": 1, 
            "finishedAt": 1545228550842.0, 
            "score": 0.82421880894680521, 
            "parameters": {
                "loss": "ls", 
                "learning_rate": 0.1, 
                "min_samples_leaf": 3, 
                "n_estimators": 300, 
                "max_features": "auto", 
                "max_depth": 3
            }, 
            "time": 7853.0
        }, 
        {
            "index": 2, 
            "finishedAt": 1545228555201.0, 
            "score": 0.81876122822969688, 
            "parameters": {
                "loss": "ls", 
                "learning_rate": 0.1, 
                "min_samples_leaf": 3, 
                "n_estimators": 100, 
                "max_features": "auto", 
                "max_depth": 5
            }, 
            "time": 4458.0
        }, 
        {
            "index": 3, 
            "finishedAt": 1545228559967.0, 
            "score": 0.82880255071769404, 
            "parameters": {
                "loss": "ls", 
                "learning_rate": 0.1, 
                "min_samples_leaf": 3, 
                "n_estimators": 300, 
                "max_features": "auto", 
                "max_depth": 5
            }, 
            "time": 12245.0
        }, 
        {
            "index": 4, 
            "finishedAt": 1545228554040.0, 
            "score": 0.81685115953702547, 
            "parameters": {
                "loss": "ls", 
                "learning_rate": 0.5, 
                "min_samples_leaf": 3, 
                "n_estimators": 100, 
                "max_features": "auto", 
                "max_depth": 3
            }, 
            "time": 2394.0
        }, 
        {
            "index": 5, 
            "finishedAt": 1545228553698.0, 
            "score": 0.81643445239590151, 
            "parameters": {
                "loss": "ls", 
                "learning_rate": 0.5, 
                "min_samples_leaf": 3, 
                "n_estimators": 300, 
                "max_features": "auto", 
                "max_depth": 3
            }, 
            "time": 7484.0
        }, 
        {
            "index": 6, 
            "finishedAt": 1545228552084.0, 
            "score": 0.80881015846576487, 
            "parameters": {
                "loss": "ls", 
                "learning_rate": 0.5, 
                "min_samples_leaf": 3, 
                "n_estimators": 100, 
                "max_features": "auto", 
                "max_depth": 5
            }, 
            "time": 4423.0
        }, 
        {
            "index": 7, 
            "finishedAt": 1545228562426.0, 
            "score": 0.80073471768063142, 
            "parameters": {
                "loss": "ls", 
                "learning_rate": 0.5, 
                "min_samples_leaf": 3, 
                "n_estimators": 300, 
                "max_features": "auto", 
                "max_depth": 5
            }, 
            "time": 10590.0
        }
    ], 
    "startedAt": 1545228548158, 
    "nSplits": 3
}