{
    "metrics": {
        "rmse": 325.34024618704586, 
        "pearson": 0.91886009166561045, 
        "mae": 209.26236406485944, 
        "r2": 0.84399188618129806, 
        "mape": 0.1341084414604582, 
        "mse": 105846.27578904762, 
        "evs": 0.8442124933350188, 
        "rmsle": 0.1773497558966965
    }, 
    "scatterPlotData": {
        "y": [
            1816.9133, 
            1541.2194, 
            2341.6407, 
            1217.3111, 
            996.8396, 
            1452.3189, 
            1652.9871, 
            1245.4911, 
            1552.0882, 
            2824.1901, 
            1031.5194, 
            602.0033, 
            1539.7654, 
            1207.876, 
            1185.7636, 
            3018.5543, 
            1583.7201, 
            908.7862, 
            2237.6664, 
            908.1096, 
            2401.9074, 
            1265.888, 
            1234.7188, 
            1860.0026, 
            2677.3592, 
            1101.1529, 
            1120.4475, 
            1953.9194, 
            3602.985, 
            1033.0742, 
            3093.4119, 
            2704.5344, 
            1119.6563, 
            1791.452, 
            1124.7716, 
            1791.581, 
            2274.5562, 
            1123.1418, 
            1609.9748, 
            1546.9303, 
            2051.6108, 
            898.4935, 
            1171.9119, 
            1143.1595, 
            1155.0206, 
            743.6996, 
            1161.6715, 
            4100.4171, 
            2158.731, 
            3327.0449, 
            1560.8639, 
            2423.1819, 
            1184.7243, 
            2544.4841, 
            1047.4993, 
            1115.6967, 
            1229.1781, 
            864.995, 
            2764.5823, 
            1031.2415, 
            2405.2383, 
            1068.1571, 
            1166.9313, 
            999.395, 
            1140.122, 
            1406.8302, 
            947.6167, 
            2248.5342, 
            1469.0061, 
            1959.5079, 
            2003.7568, 
            2393.8326, 
            3724.4819, 
            2046.3313, 
            2461.0925, 
            994.9363, 
            1682.6699, 
            900.1317, 
            730.7321, 
            2935.4149, 
            946.2274, 
            1069.0668, 
            720.5193, 
            2370.6543, 
            1203.3406, 
            827.043, 
            1672.7784, 
            869.321, 
            1132.5763, 
            883.6148, 
            1293.1821, 
            1342.7868, 
            2451.7693, 
            1168.7438, 
            1449.5174, 
            999.395, 
            1797.0412, 
            640.4952, 
            2760.5051, 
            1442.0651, 
            2100.4794, 
            893.3152, 
            2112.9339, 
            1327.899, 
            2570.2065, 
            691.8764, 
            1629.3646, 
            1177.8686, 
            1483.3887, 
            1607.5049, 
            973.297, 
            1499.881, 
            1293.2234, 
            3211.9445, 
            3117.9943, 
            1251.9643, 
            2911.6767, 
            1686.7368, 
            2481.6005, 
            1123.0629, 
            927.7621, 
            1090.9179, 
            1972.7723, 
            1965.1562, 
            1184.3525, 
            979.6849, 
            2937.462, 
            1999.233, 
            2431.3684, 
            1007.4931, 
            1894.654, 
            3041.2276, 
            3475.9041, 
            1160.1607, 
            1052.9858, 
            793.892, 
            2010.2643, 
            982.8352, 
            971.848, 
            1080.0392, 
            1492.1503, 
            1034.9295, 
            1474.6448, 
            807.3357, 
            810.8699, 
            1167.0077, 
            4030.8747, 
            2033.3578, 
            3962.0605, 
            1022.4442, 
            1140.0583, 
            1455.5096, 
            1213.0126, 
            950.1873, 
            1679.4001, 
            1370.3706, 
            1958.2909, 
            971.3971, 
            1199.7199, 
            592.3123, 
            1405.7825, 
            1517.5359, 
            3080.4633, 
            1708.0078, 
            1475.2916, 
            2763.348, 
            1416.5853, 
            2775.6493, 
            2104.6867, 
            3308.2405, 
            1865.8265, 
            2152.9798, 
            1338.7142, 
            1076.7986, 
            928.0166, 
            1898.5807, 
            1072.4, 
            938.6946, 
            833.6469, 
            838.4753, 
            1514.9134, 
            1169.0739, 
            1116.8245, 
            832.4379, 
            681.3922, 
            943.5527, 
            2246.177, 
            1132.695, 
            3955.7706, 
            1101.2879, 
            787.2865, 
            1797.6824, 
            1379.8779, 
            2010.7642, 
            1258.3423, 
            1047.121, 
            1500.934, 
            1812.5477, 
            2031.2482, 
            1102.3401, 
            842.1882, 
            668.3657, 
            868.4474, 
            905.6267, 
            1229.5514, 
            1580.6205, 
            1582.0041, 
            3994.615, 
            1013.6233, 
            2636.0683, 
            2361.5887, 
            1384.6792, 
            2570.1916, 
            656.9223, 
            1081.8531, 
            1131.7432, 
            1233.6122, 
            1538.7942, 
            934.1604, 
            940.3039, 
            2277.9304, 
            1363.8028, 
            632.1687, 
            1963.7924, 
            1396.4741, 
            3003.3782, 
            1532.8669, 
            1114.3729, 
            1923.9104, 
            681.9463, 
            972.7014, 
            2057.5106, 
            1454.3934, 
            1209.1033, 
            1367.2173, 
            1372.3456, 
            1985.919, 
            1247.6803, 
            1246.3596, 
            715.2915, 
            1062.3329, 
            924.6906, 
            1371.6252, 
            1108.7599, 
            1320.4714, 
            1652.511, 
            1212.0232, 
            870.0293, 
            2401.9074, 
            1034.4926, 
            1324.9062, 
            656.1568, 
            983.1561, 
            2121.177, 
            733.0502, 
            1344.255, 
            1014.1742, 
            1478.991, 
            652.1074, 
            1633.8711, 
            1214.4715, 
            781.6832, 
            788.5287, 
            1872.8779, 
            3222.2003, 
            1336.482, 
            865.3706, 
            1515.3917, 
            1472.2116, 
            3313.4595, 
            1140.0583, 
            1272.5143, 
            871.6819, 
            3029.9645, 
            3847.2092, 
            1027.8414, 
            2774.8794, 
            781.767, 
            808.9075, 
            3050.5428, 
            801.2922, 
            1446.4868, 
            2179.5219, 
            1481.6059, 
            2786.2756, 
            648.6667, 
            1369.769, 
            786.2086, 
            1940.7662, 
            2553.4161, 
            2864.322, 
            1810.3313, 
            809.2599, 
            1943.6279, 
            1296.8189, 
            1175.7689, 
            1323.9422, 
            624.991, 
            2253.2008, 
            2242.9656, 
            1433.621, 
            810.0907, 
            858.4401, 
            1594.694, 
            702.0401, 
            2386.6633, 
            1336.5597, 
            3275.0306, 
            1695.4821, 
            1040.2856, 
            2023.6801, 
            1216.2694, 
            924.7658, 
            3200.1851, 
            1178.5039, 
            1639.5608, 
            1790.6696, 
            2999.4218, 
            1139.7851, 
            637.7391, 
            1429.9709, 
            948.2377, 
            871.5584, 
            811.9919, 
            2431.7391, 
            3474.4052, 
            1313.4351, 
            1186.8134, 
            1326.3657, 
            1980.1106, 
            899.9471, 
            2006.7743, 
            1626.4537, 
            1406.3624, 
            1313.755, 
            975.7683, 
            1750.9453, 
            896.7468, 
            1412.4184, 
            1094.3132, 
            864.0684, 
            1269.1979, 
            734.1082, 
            3126.187, 
            990.5991, 
            1093.7577, 
            1741.1435, 
            802.841, 
            1106.8614, 
            1107.7151, 
            2624.7573, 
            1479.3796, 
            2359.981, 
            766.4989, 
            922.5294, 
            2010.699, 
            600.1138, 
            1006.1916, 
            1203.172, 
            2837.7699, 
            1196.2641, 
            1550.866, 
            1107.5321, 
            2280.3712, 
            1940.4244, 
            1219.1855, 
            1020.1269, 
            1536.6597, 
            2935.4149, 
            2391.8677, 
            1573.3555, 
            1016.5885, 
            1241.5424, 
            1513.0556, 
            859.929, 
            1231.8664, 
            1221.6433, 
            2248.8792, 
            1184.4465, 
            3415.5539, 
            2546.8954, 
            1212.6857, 
            1315.3878, 
            2955.4937, 
            1173.1246, 
            1561.6667, 
            1204.8075, 
            2694.6491, 
            751.3908, 
            846.8119, 
            966.8814, 
            2001.7697, 
            1834.0667, 
            1007.1638, 
            741.5164, 
            1902.1686, 
            2452.6421, 
            1169.8154, 
            1681.4801, 
            1604.5165, 
            1876.9894, 
            1186.3357, 
            2686.7721, 
            940.1389, 
            1933.1724, 
            2757.6818, 
            2258.0486, 
            1225.4284, 
            1055.6312, 
            828.5154, 
            773.1993, 
            662.9632, 
            2119.8936, 
            822.0227, 
            2029.2978, 
            1369.2517, 
            1641.9652, 
            1385.6624, 
            1432.1575, 
            1462.7556, 
            1310.8198, 
            1495.2353, 
            2804.7173, 
            1382.567, 
            1010.6036, 
            1087.4491, 
            1136.547, 
            821.5276, 
            993.2257, 
            1185.7127, 
            1689.8174, 
            692.3718, 
            802.5252, 
            1059.2152, 
            1329.4328, 
            2750.4461, 
            1465.4953, 
            604.5799, 
            1152.1185, 
            932.3039, 
            2433.523, 
            864.4838, 
            1200.1335, 
            1767.8975, 
            866.3335, 
            951.4547, 
            1858.0731, 
            1235.564, 
            1332.5796, 
            3239.1051, 
            1312.5411, 
            874.1767, 
            740.2812, 
            1014.8852, 
            2719.634, 
            829.086, 
            677.1907, 
            1519.4589, 
            1071.267, 
            974.3513, 
            1395.5555, 
            1231.4704, 
            2078.4553, 
            898.2224, 
            2657.5059, 
            1089.6471, 
            1514.4536, 
            802.1883, 
            1228.175, 
            2907.3768, 
            1374.5684, 
            1701.3966, 
            2452.2116, 
            2276.786, 
            971.9265, 
            3913.6018, 
            767.315, 
            1180.6248, 
            1080.0456, 
            2669.4926, 
            827.8779, 
            949.8839, 
            1273.4707, 
            1280.3083, 
            1917.1473, 
            838.0939, 
            1133.7991, 
            1000.6853, 
            2710.144, 
            1567.7012, 
            1810.9806, 
            1293.3368, 
            1301.7092, 
            2566.6331, 
            2128.6598, 
            1440.7442, 
            2120.3746, 
            912.3701, 
            811.1561, 
            1371.8352, 
            2542.8814, 
            1382.1214, 
            2143.3558, 
            1432.9596, 
            2387.4741, 
            3033.514, 
            2064.5531, 
            2234.8763, 
            848.0367, 
            1438.3134, 
            2047.3235, 
            1088.4527, 
            1074.4651, 
            1992.4998, 
            948.3083, 
            834.527, 
            1476.3842, 
            931.7884, 
            1355.873, 
            1288.5027, 
            1177.6201, 
            827.5647, 
            2699.9796, 
            770.7713, 
            2766.5434, 
            2789.2758, 
            1646.7892, 
            999.0716, 
            2121.408, 
            1170.3234, 
            782.2919, 
            1449.3583, 
            982.5919, 
            1097.928, 
            920.3884, 
            879.1563, 
            2935.8937, 
            1165.0405, 
            3135.1556, 
            842.4008, 
            766.6457, 
            1646.6638, 
            2758.3285, 
            1822.593, 
            1071.267, 
            1080.9515, 
            1491.4949, 
            2280.8478, 
            781.4967, 
            1164.5991, 
            3486.9019, 
            1258.9399, 
            2797.8236, 
            1389.5902, 
            630.3954, 
            748.2038, 
            2797.1849, 
            838.6148, 
            1832.5817, 
            731.1774, 
            2770.8353, 
            1846.3687, 
            894.769, 
            2057.6696, 
            1064.0424, 
            899.9471, 
            856.2381, 
            2255.4699, 
            626.4779, 
            1382.6422, 
            1516.948, 
            2481.0932, 
            767.8063, 
            1045.6689, 
            1542.7821, 
            686.1533, 
            1851.6153, 
            2332.5057, 
            3897.3695, 
            3536.656, 
            1539.415, 
            808.5266, 
            1241.4028, 
            953.4481, 
            1290.2775, 
            1910.4212, 
            2248.9701, 
            2255.4832, 
            944.6159, 
            1633.2775, 
            1406.1422, 
            945.8624, 
            631.4575, 
            901.7504, 
            1124.3968, 
            2015.8934, 
            2743.7322, 
            794.9256, 
            2143.8523, 
            695.4096, 
            1323.7251, 
            818.9236, 
            1382.025, 
            1030.1162, 
            919.2745, 
            533.0382, 
            1413.4416, 
            1262.0709, 
            1766.8558, 
            984.277, 
            915.7736, 
            2474.8775, 
            1240.2433, 
            856.544, 
            881.552, 
            1992.547, 
            913.1779, 
            804.461, 
            1220.788, 
            3673.2891, 
            2090.2359, 
            1002.5418, 
            851.1572, 
            1216.0867, 
            1011.7698, 
            969.2173, 
            1099.2047, 
            2520.8835, 
            725.1842, 
            1037.832, 
            3581.5715, 
            963.8844, 
            1325.6477, 
            1366.6471, 
            1360.4193, 
            753.365, 
            1533.733, 
            2075.5743, 
            1797.0412, 
            1703.6934, 
            2121.408, 
            940.7628, 
            3559.9184, 
            1080.7987, 
            854.2366, 
            1785.4199, 
            3758.6543, 
            809.5217, 
            834.059, 
            3038.577, 
            880.3964, 
            1755.8969, 
            892.3114, 
            2969.1758, 
            1229.9437, 
            904.5055, 
            2306.2517, 
            1858.5058, 
            1039.1619, 
            2558.9242, 
            768.8903, 
            1662.7617, 
            2573.7316, 
            1328.3581
        ], 
        "x": [
            1700.0, 
            1500.0, 
            1900.0, 
            1202.0, 
            1150.0, 
            1550.0, 
            3400.0, 
            1200.0, 
            1600.0, 
            3500.0, 
            850.0, 
            600.0, 
            1200.0, 
            800.0, 
            1400.0, 
            3500.0, 
            1800.0, 
            725.0, 
            3645.0, 
            1000.0, 
            2400.0, 
            1500.0, 
            920.0, 
            1400.0, 
            2900.0, 
            1000.0, 
            1100.0, 
            1650.0, 
            3600.0, 
            1100.0, 
            3240.0, 
            2400.0, 
            850.0, 
            2000.0, 
            1250.0, 
            2200.0, 
            3105.0, 
            950.0, 
            1700.0, 
            1650.0, 
            2300.0, 
            850.0, 
            1125.0, 
            1200.0, 
            1000.0, 
            750.0, 
            900.0, 
            3800.0, 
            2150.0, 
            2950.0, 
            1700.0, 
            2300.0, 
            925.0, 
            2600.0, 
            1300.0, 
            1200.0, 
            1300.0, 
            1100.0, 
            2850.0, 
            900.0, 
            2400.0, 
            1200.0, 
            1200.0, 
            950.0, 
            1350.0, 
            1650.0, 
            800.0, 
            2100.0, 
            1350.0, 
            1800.0, 
            1650.0, 
            3500.0, 
            3850.0, 
            1850.0, 
            2400.0, 
            900.0, 
            2845.0, 
            975.0, 
            770.0, 
            3000.0, 
            900.0, 
            800.0, 
            680.0, 
            2800.0, 
            1250.0, 
            800.0, 
            2600.0, 
            900.0, 
            1000.0, 
            850.0, 
            1600.0, 
            1500.0, 
            1850.0, 
            1500.0, 
            1350.0, 
            950.0, 
            1300.0, 
            650.0, 
            2600.0, 
            1400.0, 
            1900.0, 
            785.0, 
            1550.0, 
            1250.0, 
            3300.0, 
            700.0, 
            2400.0, 
            1060.0, 
            1500.0, 
            1910.0, 
            1100.0, 
            1400.0, 
            1200.0, 
            2650.0, 
            3000.0, 
            1240.0, 
            2800.0, 
            1500.0, 
            2800.0, 
            1150.0, 
            1000.0, 
            900.0, 
            1950.0, 
            1800.0, 
            1200.0, 
            1090.0, 
            3000.0, 
            1900.0, 
            2400.0, 
            1200.0, 
            1750.0, 
            3000.0, 
            4000.0, 
            1250.0, 
            1000.0, 
            700.0, 
            2000.0, 
            975.0, 
            825.0, 
            1100.0, 
            1300.0, 
            950.0, 
            1500.0, 
            750.0, 
            850.0, 
            1250.0, 
            4000.0, 
            2200.0, 
            4000.0, 
            900.0, 
            1200.0, 
            1350.0, 
            1300.0, 
            1150.0, 
            1580.0, 
            1300.0, 
            1900.0, 
            900.0, 
            1250.0, 
            650.0, 
            1300.0, 
            1400.0, 
            2400.0, 
            1500.0, 
            1100.0, 
            3500.0, 
            1390.0, 
            3400.0, 
            1950.0, 
            3700.0, 
            1550.0, 
            1650.0, 
            1600.0, 
            1150.0, 
            900.0, 
            1399.0, 
            1000.0, 
            675.0, 
            650.0, 
            800.0, 
            1400.0, 
            1130.0, 
            1300.0, 
            900.0, 
            850.0, 
            900.0, 
            2500.0, 
            1300.0, 
            4000.0, 
            950.0, 
            850.0, 
            1275.0, 
            1400.0, 
            1600.0, 
            1250.0, 
            1035.0, 
            1250.0, 
            1690.0, 
            1850.0, 
            850.0, 
            950.0, 
            850.0, 
            700.0, 
            900.0, 
            1800.0, 
            1600.0, 
            1600.0, 
            4000.0, 
            950.0, 
            2700.0, 
            2700.0, 
            1590.0, 
            2700.0, 
            575.0, 
            1300.0, 
            1500.0, 
            1260.0, 
            1600.0, 
            1150.0, 
            850.0, 
            2000.0, 
            1400.0, 
            690.0, 
            1700.0, 
            1400.0, 
            2500.0, 
            1890.0, 
            1200.0, 
            1850.0, 
            720.0, 
            900.0, 
            1150.0, 
            1350.0, 
            1350.0, 
            1250.0, 
            1000.0, 
            1900.0, 
            1400.0, 
            1600.0, 
            800.0, 
            850.0, 
            900.0, 
            1250.0, 
            1100.0, 
            1100.0, 
            1500.0, 
            1100.0, 
            950.0, 
            2400.0, 
            700.0, 
            1700.0, 
            750.0, 
            900.0, 
            1865.0, 
            700.0, 
            1590.0, 
            900.0, 
            1100.0, 
            650.0, 
            2600.0, 
            1400.0, 
            800.0, 
            850.0, 
            1850.0, 
            2800.0, 
            1500.0, 
            850.0, 
            1400.0, 
            1550.0, 
            3300.0, 
            1200.0, 
            1355.0, 
            750.0, 
            3200.0, 
            3900.0, 
            1050.0, 
            2000.0, 
            875.0, 
            850.0, 
            3450.0, 
            725.0, 
            1100.0, 
            3200.0, 
            1490.0, 
            2500.0, 
            625.0, 
            1425.0, 
            790.0, 
            1700.0, 
            3240.0, 
            2700.0, 
            1500.0, 
            730.0, 
            1400.0, 
            1500.0, 
            1300.0, 
            995.0, 
            600.0, 
            2800.0, 
            1900.0, 
            1430.0, 
            750.0, 
            895.0, 
            1575.0, 
            800.0, 
            1950.0, 
            1400.0, 
            3000.0, 
            1800.0, 
            1375.0, 
            2200.0, 
            1100.0, 
            1100.0, 
            3500.0, 
            1170.0, 
            1200.0, 
            1950.0, 
            3700.0, 
            810.0, 
            650.0, 
            1425.0, 
            900.0, 
            1250.0, 
            1100.0, 
            1700.0, 
            3975.0, 
            1400.0, 
            1200.0, 
            2470.0, 
            1600.0, 
            1045.0, 
            3700.0, 
            1300.0, 
            2995.0, 
            2100.0, 
            850.0, 
            1850.0, 
            1100.0, 
            1500.0, 
            750.0, 
            800.0, 
            1100.0, 
            725.0, 
            3300.0, 
            835.0, 
            950.0, 
            1700.0, 
            750.0, 
            730.0, 
            1500.0, 
            2700.0, 
            1750.0, 
            3300.0, 
            900.0, 
            900.0, 
            1600.0, 
            650.0, 
            1100.0, 
            995.0, 
            2700.0, 
            1500.0, 
            1300.0, 
            1200.0, 
            1850.0, 
            1950.0, 
            1250.0, 
            1100.0, 
            1450.0, 
            3000.0, 
            2450.0, 
            1850.0, 
            1000.0, 
            1250.0, 
            1800.0, 
            1100.0, 
            995.0, 
            1200.0, 
            1300.0, 
            1100.0, 
            3850.0, 
            3200.0, 
            1100.0, 
            1500.0, 
            3950.0, 
            1300.0, 
            1100.0, 
            1200.0, 
            3000.0, 
            850.0, 
            680.0, 
            1000.0, 
            1900.0, 
            1400.0, 
            1200.0, 
            650.0, 
            1935.0, 
            2350.0, 
            950.0, 
            1500.0, 
            1400.0, 
            1900.0, 
            1000.0, 
            3800.0, 
            990.0, 
            1566.0, 
            3000.0, 
            3900.0, 
            1650.0, 
            1200.0, 
            900.0, 
            820.0, 
            750.0, 
            1800.0, 
            780.0, 
            2100.0, 
            1300.0, 
            1800.0, 
            1300.0, 
            1400.0, 
            1650.0, 
            1400.0, 
            1350.0, 
            2500.0, 
            1250.0, 
            870.0, 
            1200.0, 
            890.0, 
            750.0, 
            980.0, 
            950.0, 
            2000.0, 
            850.0, 
            700.0, 
            1300.0, 
            980.0, 
            3100.0, 
            1600.0, 
            550.0, 
            900.0, 
            950.0, 
            1975.0, 
            810.0, 
            1100.0, 
            1300.0, 
            650.0, 
            800.0, 
            1865.0, 
            950.0, 
            995.0, 
            3780.0, 
            1250.0, 
            900.0, 
            850.0, 
            1090.0, 
            2700.0, 
            800.0, 
            650.0, 
            1400.0, 
            950.0, 
            800.0, 
            1500.0, 
            1300.0, 
            2430.0, 
            1100.0, 
            2700.0, 
            900.0, 
            1300.0, 
            700.0, 
            1130.0, 
            3000.0, 
            1067.0, 
            1650.0, 
            2350.0, 
            3630.0, 
            810.0, 
            3990.0, 
            1100.0, 
            1100.0, 
            1400.0, 
            2900.0, 
            795.0, 
            1300.0, 
            1300.0, 
            1350.0, 
            1500.0, 
            900.0, 
            900.0, 
            950.0, 
            2499.0, 
            1490.0, 
            1980.0, 
            1390.0, 
            1500.0, 
            2450.0, 
            2300.0, 
            1390.0, 
            2600.0, 
            1150.0, 
            980.0, 
            1700.0, 
            2700.0, 
            800.0, 
            2600.0, 
            1500.0, 
            2300.0, 
            3000.0, 
            1690.0, 
            1900.0, 
            1200.0, 
            1300.0, 
            1900.0, 
            1000.0, 
            850.0, 
            1900.0, 
            750.0, 
            780.0, 
            1400.0, 
            1300.0, 
            1200.0, 
            1150.0, 
            890.0, 
            850.0, 
            2600.0, 
            975.0, 
            2800.0, 
            1650.0, 
            1700.0, 
            950.0, 
            1950.0, 
            1250.0, 
            745.0, 
            1450.0, 
            900.0, 
            950.0, 
            900.0, 
            690.0, 
            3000.0, 
            950.0, 
            1900.0, 
            750.0, 
            770.0, 
            1500.0, 
            3100.0, 
            1500.0, 
            950.0, 
            800.0, 
            1400.0, 
            2000.0, 
            630.0, 
            1100.0, 
            3500.0, 
            1380.0, 
            2700.0, 
            1000.0, 
            657.0, 
            740.0, 
            2700.0, 
            790.0, 
            1650.0, 
            745.0, 
            2100.0, 
            2650.0, 
            875.0, 
            1950.0, 
            1000.0, 
            1045.0, 
            800.0, 
            1950.0, 
            520.0, 
            1350.0, 
            1100.0, 
            2500.0, 
            850.0, 
            1099.0, 
            1950.0, 
            780.0, 
            2350.0, 
            2000.0, 
            3500.0, 
            3700.0, 
            1700.0, 
            815.0, 
            1275.0, 
            915.0, 
            1300.0, 
            2300.0, 
            1600.0, 
            1900.0, 
            980.0, 
            1700.0, 
            1450.0, 
            1000.0, 
            585.0, 
            1050.0, 
            1250.0, 
            1900.0, 
            2900.0, 
            600.0, 
            2900.0, 
            650.0, 
            950.0, 
            800.0, 
            1390.0, 
            900.0, 
            1000.0, 
            750.0, 
            1700.0, 
            1500.0, 
            1900.0, 
            890.0, 
            800.0, 
            2300.0, 
            1200.0, 
            699.0, 
            1000.0, 
            1850.0, 
            850.0, 
            680.0, 
            1300.0, 
            3500.0, 
            1650.0, 
            990.0, 
            1150.0, 
            1100.0, 
            800.0, 
            1100.0, 
            1300.0, 
            2800.0, 
            750.0, 
            1150.0, 
            3950.0, 
            850.0, 
            1100.0, 
            1500.0, 
            1800.0, 
            850.0, 
            1700.0, 
            2650.0, 
            1300.0, 
            1600.0, 
            1950.0, 
            975.0, 
            4000.0, 
            850.0, 
            815.0, 
            1800.0, 
            3800.0, 
            900.0, 
            900.0, 
            3600.0, 
            960.0, 
            1250.0, 
            820.0, 
            1500.0, 
            1240.0, 
            800.0, 
            3105.0, 
            2200.0, 
            1000.0, 
            2300.0, 
            850.0, 
            2970.0, 
            2100.0, 
            1450.0
        ]
    }, 
    "processed_feature_names": [
        "bathrooms", 
        "floor", 
        "numPhotos", 
        "rooms", 
        "size", 
        "dummy:has360:False", 
        "dummy:has360:True", 
        "dummy:has360:N/A", 
        "dummy:has360:__Others__", 
        "dummy:hasLift:True", 
        "dummy:hasLift:False", 
        "dummy:hasLift:N/A", 
        "dummy:hasLift:__Others__", 
        "dummy:propertyType:flat", 
        "dummy:propertyType:penthouse", 
        "dummy:propertyType:studio", 
        "dummy:propertyType:duplex", 
        "dummy:propertyType:chalet", 
        "dummy:propertyType:N/A", 
        "dummy:propertyType:__Others__", 
        "dummy:municipality:Madrid", 
        "dummy:municipality:Pozuelo de Alarc\u00f3n", 
        "dummy:municipality:Majadahonda", 
        "dummy:municipality:La Moraleja", 
        "dummy:municipality:Alcorc\u00f3n", 
        "dummy:municipality:Legan\u00e9s", 
        "dummy:municipality:Getafe", 
        "dummy:municipality:Boadilla del Monte", 
        "dummy:municipality:Alcobendas", 
        "dummy:municipality:Coslada", 
        "dummy:municipality:San Fernando de Henares", 
        "dummy:municipality:Las Rozas de Madrid", 
        "dummy:municipality:Rivas-Vaciamadrid", 
        "dummy:municipality:N/A", 
        "dummy:municipality:__Others__", 
        "dummy:exterior:True", 
        "dummy:exterior:False", 
        "dummy:exterior:N/A", 
        "dummy:exterior:__Others__", 
        "dummy:neighborhood:Recoletos", 
        "dummy:neighborhood:Lavapi\u00e9s-Embajadores", 
        "dummy:neighborhood:Castellana", 
        "dummy:neighborhood:Goya", 
        "dummy:neighborhood:Palacio", 
        "dummy:neighborhood:Malasa\u00f1a-Universidad", 
        "dummy:neighborhood:Chueca-Justicia", 
        "dummy:neighborhood:Arg\u00fcelles", 
        "dummy:neighborhood:Trafalgar", 
        "dummy:neighborhood:Lista", 
        "dummy:neighborhood:Bernab\u00e9u-Hispanoam\u00e9rica", 
        "dummy:neighborhood:Almagro", 
        "dummy:neighborhood:Cuzco-Castillejos", 
        "dummy:neighborhood:Huertas-Cortes", 
        "dummy:neighborhood:El Viso", 
        "dummy:neighborhood:Conde Orgaz-Piovera", 
        "dummy:neighborhood:Sanchinarro", 
        "dummy:neighborhood:Castilla", 
        "dummy:neighborhood:Nueva Espa\u00f1a", 
        "dummy:neighborhood:Sol", 
        "dummy:neighborhood:Prosperidad", 
        "dummy:neighborhood:Ibiza", 
        "dummy:neighborhood:Cuatro Caminos", 
        "dummy:neighborhood:Arapiles", 
        "dummy:neighborhood:Las Tablas", 
        "dummy:neighborhood:Ventilla-Almenara", 
        "dummy:neighborhood:Guindalera", 
        "dummy:neighborhood:Nuevos Ministerios-R\u00edos Rosas", 
        "dummy:neighborhood:Aravaca", 
        "dummy:neighborhood:Ciudad Jard\u00edn", 
        "dummy:neighborhood:Costillares", 
        "dummy:neighborhood:Fuente del Berro", 
        "dummy:neighborhood:San Pascual", 
        "dummy:neighborhood:Bellas Vistas", 
        "dummy:neighborhood:Vallehermoso", 
        "dummy:neighborhood:Ensanche de Vallecas - La Gavia", 
        "dummy:neighborhood:Gaztambide", 
        "dummy:neighborhood:Jer\u00f3nimos", 
        "dummy:neighborhood:Pac\u00edfico", 
        "dummy:neighborhood:La Paz", 
        "dummy:neighborhood:Acacias", 
        "dummy:neighborhood:Rejas", 
        "dummy:neighborhood:Legazpi", 
        "dummy:neighborhood:Ni\u00f1o Jes\u00fas", 
        "dummy:neighborhood:Canillas", 
        "dummy:neighborhood:San Juan Bautista", 
        "dummy:neighborhood:Palos de Moguer", 
        "dummy:neighborhood:Valdemar\u00edn", 
        "dummy:neighborhood:Pe\u00f1agrande", 
        "dummy:neighborhood:Pilar", 
        "dummy:neighborhood:Simancas", 
        "dummy:neighborhood:Concepci\u00f3n", 
        "dummy:neighborhood:Valdeacederas", 
        "dummy:neighborhood:Ventas", 
        "dummy:neighborhood:Estrella", 
        "dummy:neighborhood:Pueblo Nuevo", 
        "dummy:neighborhood:Chopera", 
        "dummy:neighborhood:Atalaya", 
        "dummy:neighborhood:Berruguete", 
        "dummy:neighborhood:Comillas", 
        "dummy:neighborhood:Adelfas", 
        "dummy:neighborhood:Tres Olivos - Valverde", 
        "dummy:neighborhood:Valdezarza", 
        "dummy:neighborhood:Pinar del Rey", 
        "dummy:neighborhood:Alameda de Osuna", 
        "dummy:neighborhood:Colina", 
        "dummy:neighborhood:Somosaguas", 
        "dummy:neighborhood:Lucero", 
        "dummy:neighborhood:Imperial", 
        "dummy:neighborhood:Montecarmelo", 
        "dummy:neighborhood:Zona Avenida Europa", 
        "dummy:neighborhood:Delicias", 
        "dummy:neighborhood:Palomas", 
        "dummy:neighborhood:Ciudad Universitaria", 
        "dummy:neighborhood:San Diego", 
        "dummy:neighborhood:Mirasierra", 
        "dummy:neighborhood:Prado de Somosaguas", 
        "dummy:neighborhood:Opa\u00f1el", 
        "dummy:neighborhood:Numancia", 
        "dummy:neighborhood:Vista Alegre", 
        "dummy:neighborhood:Valdebernardo - Valderribas", 
        "dummy:neighborhood:Zona Estaci\u00f3n", 
        "dummy:neighborhood:Zona norte", 
        "dummy:neighborhood:Valdebebas - Valdefuentes", 
        "dummy:neighborhood:Almendrales", 
        "dummy:neighborhood:Rosas", 
        "dummy:neighborhood:Puerta del \u00c1ngel", 
        "dummy:neighborhood:Zof\u00edo", 
        "dummy:neighborhood:Parque Lisboa - La Paz", 
        "dummy:neighborhood:Quintana", 
        "dummy:neighborhood:San Isidro", 
        "dummy:neighborhood:\u00c1guilas", 
        "dummy:neighborhood:Campo de las Naciones-Corralejos", 
        "dummy:neighborhood:Ambroz", 
        "dummy:neighborhood:Casco Hist\u00f3rico de Vallecas", 
        "dummy:neighborhood:Moscard\u00f3", 
        "dummy:neighborhood:Abrantes", 
        "dummy:neighborhood:Canillejas", 
        "dummy:neighborhood:Horcajo", 
        "dummy:neighborhood:Puerta Bonita", 
        "dummy:neighborhood:N/A", 
        "dummy:neighborhood:__Others__", 
        "dummy:hasPlan:False", 
        "dummy:hasPlan:True", 
        "dummy:hasPlan:N/A", 
        "dummy:hasPlan:__Others__", 
        "dummy:district:Centro", 
        "dummy:district:Salamanca", 
        "dummy:district:Chamart\u00edn", 
        "dummy:district:Chamber\u00ed", 
        "dummy:district:Tetu\u00e1n", 
        "dummy:district:Hortaleza", 
        "dummy:district:Ciudad Lineal", 
        "dummy:district:Moncloa", 
        "dummy:district:Retiro", 
        "dummy:district:Fuencarral", 
        "dummy:district:Arganzuela", 
        "dummy:district:San Blas", 
        "dummy:district:Carabanchel", 
        "dummy:district:Latina", 
        "dummy:district:Villa de Vallecas", 
        "dummy:district:Usera", 
        "dummy:district:Encinar de los Reyes", 
        "dummy:district:Puente de Vallecas", 
        "dummy:district:Barajas", 
        "dummy:district:Zona Monte el Pilar", 
        "dummy:district:Vic\u00e1lvaro", 
        "dummy:district:Golf - El Carralero", 
        "dummy:district:Zona Prado de Somosaguas - La Finca", 
        "dummy:district:Somosaguas", 
        "dummy:district:Zona Avenida Europa", 
        "dummy:district:El Soto de la Moraleja", 
        "dummy:district:Villaverde", 
        "dummy:district:Moratalaz", 
        "dummy:district:Zona Estaci\u00f3n", 
        "dummy:district:Zona norte", 
        "dummy:district:Parque Lisboa - La Paz", 
        "dummy:district:Valdepastores - Las Encinas", 
        "dummy:district:Urbanizaciones", 
        "dummy:district:Getafe Centro", 
        "dummy:district:Zarzaquemada", 
        "dummy:district:San Nicasio - Campo de Tiro - Solagua", 
        "dummy:district:Zona Pueblo", 
        "dummy:district:Prado de Santo Domingo", 
        "dummy:district:Valdepelayo - Montepinos - Arroyo Culebro", 
        "dummy:district:Casco Antiguo", 
        "dummy:district:Valderas - Los Castillos", 
        "dummy:district:El Bercial", 
        "dummy:district:El Carrascal", 
        "dummy:district:Yucat\u00e1n- Las Cornisas", 
        "dummy:district:Alcobendas Centro", 
        "dummy:district:Fuencasa", 
        "dummy:district:Ensanche", 
        "dummy:district:Arroyo de la Vega", 
        "dummy:district:Valdelacasa", 
        "dummy:district:Universidad", 
        "dummy:district:Zona Carretera del Plant\u00edo", 
        "dummy:district:Urb. este - Montepr\u00edncipe", 
        "dummy:district:El Puerto", 
        "dummy:district:Parque Ondarreta - Urtinsa", 
        "dummy:district:Buenavista", 
        "dummy:district:Valleaguado - La Ca\u00f1ada", 
        "dummy:district:Covibar - Pablo Iglesias", 
        "dummy:district:Las Dehesillas - Vereda de los Estudiantes", 
        "dummy:district:Norte", 
        "dummy:district:Juan de la Cierva", 
        "dummy:district:Getafe norte", 
        "dummy:district:El Barral Ferial", 
        "dummy:district:N/A", 
        "dummy:district:__Others__", 
        "dummy:hasVideo:False", 
        "dummy:hasVideo:True", 
        "dummy:hasVideo:N/A", 
        "dummy:hasVideo:__Others__", 
        "dummy:detailedType_typology:flat", 
        "dummy:detailedType_typology:chalet", 
        "dummy:detailedType_typology:N/A", 
        "dummy:detailedType_typology:__Others__", 
        "dummy:parkingSpaceIncluded:True", 
        "dummy:parkingSpaceIncluded:False", 
        "dummy:parkingSpaceIncluded:N/A", 
        "dummy:parkingSpaceIncluded:__Others__", 
        "dummy:hasParkingSpace:True", 
        "dummy:hasParkingSpace:N/A", 
        "dummy:hasParkingSpace:__Others__"
    ], 
    "regression_performance": {
        "max_error": 959.34030334663214, 
        "median_error": -11.114270990398268, 
        "error_distribution": [
            {
                "count": 39, 
                "bin_max": -405.52991980008022, 
                "bin_id": 0, 
                "bin_min": -558.69868928654466
            }, 
            {
                "count": 51, 
                "bin_max": -253.87767278377885, 
                "bin_id": 1, 
                "bin_min": -405.52991980008022
            }, 
            {
                "count": 118, 
                "bin_max": -102.22542576747747, 
                "bin_id": 2, 
                "bin_min": -253.87767278377885
            }, 
            {
                "count": 205, 
                "bin_max": 49.426821248823899, 
                "bin_id": 3, 
                "bin_min": -102.22542576747747
            }, 
            {
                "count": 140, 
                "bin_max": 201.07906826512522, 
                "bin_id": 4, 
                "bin_min": 49.426821248823899
            }, 
            {
                "count": 53, 
                "bin_max": 352.73131528142665, 
                "bin_id": 5, 
                "bin_min": 201.07906826512522
            }, 
            {
                "count": 23, 
                "bin_max": 504.38356229772808, 
                "bin_id": 6, 
                "bin_min": 352.73131528142665
            }, 
            {
                "count": 8, 
                "bin_max": 656.03580931402939, 
                "bin_id": 7, 
                "bin_min": 504.38356229772808
            }, 
            {
                "count": 10, 
                "bin_max": 807.68805633033071, 
                "bin_id": 8, 
                "bin_min": 656.03580931402939
            }, 
            {
                "count": 17, 
                "bin_max": 959.34030334663214, 
                "bin_id": 9, 
                "bin_min": 807.68805633033071
            }
        ], 
        "min_error": -557.1821668163816, 
        "average_error": 10.578704876424597, 
        "std_error": 280.5504475972137, 
        "p75_error": 114.02514316723523, 
        "p90_error": 332.25638627911917, 
        "p25_error": -133.8746672254843
    }
}