{
  "algorithm": "GBT_REGRESSION",
  "gbt_regressor_grid": {
    "ls": true,
    "lad": false,
    "huber": false,
    "enabled": true,
    "n_estimators": [
      100,
      300
    ],
    "max_depth": [
      3,
      5
    ],
    "min_samples_leaf": [
      3
    ],
    "selection_mode": "auto",
    "max_features": [
      0
    ],
    "max_feature_prop": 0.3,
    "learning_rate": [
      0.1,
      0.5
    ]
  },
  "max_ensemble_nodes_serialized": 6000,
  "metrics": {
    "evaluationMetric": "R2",
    "customEvaluationMetricGIB": true,
    "customEvaluationMetricNeedsProba": false,
    "costMatrixWeights": {
      "tpGain": 1.0,
      "tnGain": 0.0,
      "fpGain": -0.3,
      "fnGain": 0.0
    },
    "liftPoint": 0.4
  },
  "autoOptimizeThreshold": true,
  "forcedClassifierThreshold": 0.0,
  "gridLength": 8,
  "grid_search_params": {
    "mode": "KFOLD",
    "splitRatio": 0.8,
    "shuffleIterations": 1,
    "nFolds": 3,
    "stratified": true,
    "randomized": true,
    "nIter": 0,
    "timeout": 0,
    "nJobs": 4
  },
  "computeLearningCurves": false
}