{
  "state": "DONE",
  "preSearchDescription": {
    "gridLength": 8,
    "importantParams": [
      {
        "name": "trees",
        "vals": [
          "100",
          "300"
        ]
      },
      {
        "name": "learning_rate",
        "vals": [
          "0.1",
          "0.5"
        ]
      },
      {
        "name": "max_depth",
        "vals": [
          "3",
          "5"
        ]
      }
    ]
  },
  "postSearchDescription": {
    "importantParams": [
      {
        "name": "trees",
        "val": "300"
      },
      {
        "name": "learning_rate",
        "val": "0.1"
      },
      {
        "name": "max_depth",
        "val": "5"
      }
    ]
  },
  "sampleWeightsEnabled": false,
  "modelId": "m1",
  "progress": {
    "top_level_todo": [],
    "stack": [],
    "top_level_done": [
      {
        "name": "Loading train set",
        "time": 31
      },
      {
        "name": "Loading test set",
        "time": 12
      },
      {
        "name": "Collecting statistics",
        "time": 23
      },
      {
        "name": "Preprocessing train set",
        "time": 40
      },
      {
        "name": "Preprocessing test set",
        "time": 45
      },
      {
        "name": "Grid searching",
        "time": 15066
      },
      {
        "name": "Fitting model",
        "time": 3912
      },
      {
        "name": "Saving model",
        "time": 49
      },
      {
        "name": "Scoring model",
        "time": 887
      }
    ]
  },
  "startTime": 1545228547989,
  "endTime": 1545228568059,
  "preprocessingTime": 155,
  "trainingTime": 19915
}