{
    "metrics": {
        "rmse": 3238795571875023.5, 
        "pearson": -0.042022342308467277, 
        "mae": 111749063895335.5, 
        "r2": -1.5638670852706566e+25, 
        "mape": 186248439825.2943, 
        "mse": 1.048979675639726e+31, 
        "evs": -1.5620053387405727e+25, 
        "rmsle": 1.149699893984557
    }, 
    "scatterPlotData": {
        "y": [
            1908.25, 
            685.25, 
            990.75, 
            1991.25, 
            1931.75, 
            1159.25, 
            3030.25, 
            2707.25, 
            2175.75, 
            2504.75, 
            1808.0, 
            1555.75, 
            1534.75, 
            3389.25, 
            2075.75, 
            551.75, 
            1777.75, 
            2165.75, 
            2886.25, 
            1490.75, 
            1980.5, 
            971.75, 
            1031.25, 
            579.75, 
            983.75, 
            2534.25, 
            2443.75, 
            1427.75, 
            3413.25, 
            2454.25, 
            1634.75, 
            2368.75, 
            1394.25, 
            1112.75, 
            977.75, 
            2031.75, 
            2580.25, 
            921.75, 
            1503.75, 
            791.75, 
            807.75, 
            993.75, 
            791.75, 
            1129.25, 
            1070.75, 
            596.75, 
            1515.75, 
            864.75, 
            634.75, 
            2750.75, 
            4310.25, 
            1807.75, 
            1054.75, 
            3030.25, 
            1139.75, 
            1567.75, 
            677.75, 
            1605.75, 
            2297.25, 
            890.75, 
            2279.75, 
            2873.75, 
            971.75, 
            1701.25, 
            1788.75, 
            2565.25, 
            938.25, 
            615.75, 
            1805.75, 
            3478.75, 
            2020.25, 
            975.5, 
            2995.75, 
            317.75, 
            1453.25, 
            1219.25, 
            2200.75, 
            1891.75, 
            1381.25, 
            547.75, 
            1060.25, 
            746.75, 
            2555.25, 
            1925.25, 
            1415.75, 
            983.75, 
            1935.25, 
            662.75, 
            1683.75, 
            3085.75, 
            1211.75, 
            1851.75, 
            2160.25, 
            867.75, 
            1080.25, 
            1118.25, 
            1272.75, 
            936.75, 
            742.25, 
            3009.75, 
            2110.75, 
            1837.75, 
            1403.25, 
            1578.75, 
            691.75, 
            2156.25, 
            2826.25, 
            1283.5, 
            914.75, 
            958.75, 
            2104.25, 
            1708.25, 
            1306.75, 
            2405.75, 
            1077.75, 
            3639.25, 
            2279.75, 
            1898.75, 
            1001.25, 
            1364.25, 
            1716.75, 
            1003.75, 
            1684.75, 
            1986.25, 
            1175.75, 
            654.25, 
            2991.75, 
            2011.75, 
            2107.75, 
            1959.75, 
            949.25, 
            776.25, 
            1084.25, 
            3230.25, 
            1955.5, 
            1705.75, 
            1635.25, 
            799.75, 
            2008.75, 
            1699.75, 
            1456.25, 
            1377.75, 
            1258.25, 
            3057.75, 
            969.25, 
            3239.75, 
            1020.75, 
            1327.25, 
            2035.75, 
            1480.75, 
            2421.25, 
            1507.75, 
            3286.75, 
            859.75, 
            1884.75, 
            1326.25, 
            1465.75, 
            840.25, 
            1800.25, 
            2270.25, 
            958.75, 
            1786.25, 
            598.25, 
            970.25, 
            1271.75, 
            1857.75, 
            2002.75, 
            792.75, 
            965.75, 
            1033.25, 
            917.25, 
            1449.75, 
            2230.75, 
            1123.75, 
            2521.75, 
            1219.75, 
            1239.75, 
            861.75, 
            759.75, 
            2568.25, 
            1101.25, 
            2297.75, 
            2374.75, 
            2526.25, 
            1014.75, 
            828.5, 
            1258.25, 
            2869.25, 
            2680.25, 
            1513.75, 
            1544.75, 
            2025.75, 
            1337.75, 
            1745.25, 
            1661.75, 
            1433.75, 
            1205.75, 
            1198.75, 
            2073.75, 
            1848.75, 
            958.25, 
            1659.75, 
            1559.75, 
            825.75, 
            1690.75, 
            1033.75, 
            805.75, 
            3010.25, 
            1112.75, 
            1991.75, 
            1683.75, 
            1342.75, 
            2240.25, 
            511.25, 
            1549.75, 
            1403.75, 
            650.5, 
            3101.75, 
            1340.75, 
            1337.75, 
            1239.25, 
            805.25, 
            951.5, 
            2097.75, 
            2631.25, 
            652.5, 
            1198.25, 
            1136.75, 
            1442.25, 
            1569.75, 
            3084.25, 
            1829.0, 
            1967.75, 
            1601.75, 
            1205.75, 
            1477.75, 
            2212.75, 
            2353.75, 
            856.75, 
            1537.25, 
            2023.75, 
            1836.75, 
            892.25, 
            994.75, 
            1778.75, 
            2191.75, 
            1505.25, 
            958.75, 
            1476.25, 
            3236.75, 
            1906.75, 
            884.75, 
            2685.75, 
            1313.75, 
            1582.75, 
            3156.75, 
            969.25, 
            2389.75, 
            1571.75, 
            1907.75, 
            1351.75, 
            2044.75, 
            1216.75, 
            1227.75, 
            1092.25, 
            894.75, 
            1081.75, 
            2300.75, 
            2901.75, 
            547.75, 
            987.75, 
            675.75, 
            1624.75, 
            2517.0, 
            3612.25, 
            848.75, 
            2200.75, 
            1875.75, 
            2336.75, 
            1471.25, 
            1329.25, 
            1814.25, 
            2076.25, 
            3223.75, 
            1513.25, 
            2857.25, 
            991.75, 
            2181.75, 
            1532.25, 
            1659.75, 
            3076.25, 
            1302.75, 
            1813.75, 
            2169.75, 
            1823.75, 
            1414.25, 
            1506.75, 
            1282.75, 
            846.25, 
            824.75, 
            896.75, 
            3081.75, 
            1631.0, 
            3103.25, 
            1346.25, 
            2016.75, 
            1925.75, 
            1099.75, 
            822.25, 
            1324.75, 
            1447.75, 
            2872.25, 
            1733.75, 
            1033.25, 
            1160.75, 
            906.25, 
            1828.25, 
            1833.75, 
            1181.75, 
            2715.25, 
            1535.75, 
            497.75, 
            1205.75, 
            1551.75, 
            1950.75, 
            1129.75, 
            1094.25, 
            1517.75, 
            876.0, 
            417.25, 
            1284.75, 
            3581.75, 
            811.25, 
            1454.25, 
            872.75, 
            2857.25, 
            867.25, 
            1049.75, 
            2010.75, 
            2205.75, 
            1283.75, 
            892.75, 
            3341.75, 
            1287.75, 
            3376.75, 
            1896.25, 
            907.75, 
            1119.75, 
            2402.75, 
            1016.25, 
            540.75, 
            1739.75, 
            2339.75, 
            1993.25, 
            1835.75, 
            1351.25, 
            2755.75, 
            2951.75, 
            1775.25, 
            2773.25, 
            1037.75, 
            2088.75, 
            1397.75, 
            1797.25, 
            1549.25, 
            802.75, 
            3079.75, 
            1588.75, 
            1814.25, 
            1044.25, 
            1648.75, 
            1459.75, 
            731.75, 
            587.75, 
            1647.25, 
            1647.25, 
            1016.25, 
            1730.75, 
            1344.25, 
            1303.75, 
            736.25, 
            814.25, 
            1123.75, 
            2267.75, 
            609.75, 
            1258.25, 
            803.75, 
            615.75, 
            1219.75, 
            3125.75, 
            842.25, 
            1812.75, 
            835.75, 
            1251.75, 
            1678.25, 
            3691.25, 
            1589.25, 
            1485.75, 
            1679.75, 
            3209.25, 
            894.75, 
            1495.75, 
            2945.75, 
            1911.75, 
            1251.75, 
            1025.75, 
            1106.25, 
            2999.75, 
            903.75, 
            1226.75, 
            698.25, 
            632.75, 
            1289.75, 
            1725.75, 
            1647.75, 
            2122.75, 
            1079.25, 
            1238.75, 
            1044.25, 
            997.75, 
            1548.25, 
            659.75, 
            1492.75, 
            1053.75, 
            692.75, 
            1312.75, 
            3454.75, 
            3253.25, 
            2455.25, 
            609.25, 
            1050.75, 
            1929.25, 
            1422.75, 
            1723.25, 
            1084.75, 
            2805.75, 
            1386.75, 
            211.75, 
            1885.25, 
            540.75, 
            1489.25, 
            1345.25, 
            9.386921367186269e+16, 
            780.5, 
            862.75, 
            1322.25, 
            1760.75, 
            1386.75, 
            960.75, 
            1861.75, 
            868.25, 
            2629.25, 
            1013.25, 
            3344.75, 
            1238.75, 
            618.25, 
            2241.75, 
            2773.25, 
            2792.75, 
            1113.25, 
            968.75, 
            1617.75, 
            1231.75, 
            2119.25, 
            3897.75, 
            2219.25, 
            1166.25, 
            682.25, 
            1544.75, 
            1563.75, 
            1366.75, 
            530.25, 
            482.75, 
            1594.75, 
            1406.25, 
            733.25, 
            1715.75, 
            796.75, 
            906.75, 
            1699.75, 
            1681.75, 
            808.75, 
            1098.75, 
            724.75, 
            1804.75, 
            1026.75, 
            760.5, 
            1125.75, 
            1540.25, 
            1218.25, 
            1195.25, 
            490.75, 
            1096.25, 
            863.75, 
            2892.25, 
            1228.75, 
            1611.75, 
            714.75, 
            2049.75, 
            1328.75, 
            2215.25, 
            960.75, 
            1030.25, 
            1491.25, 
            1930.75, 
            1736.75, 
            2598.25, 
            1069.75, 
            3191.25, 
            1955.25, 
            1103.75, 
            600.75, 
            1081.75, 
            1598.75, 
            2664.75, 
            1225.25, 
            1383.25, 
            1142.75, 
            770.75, 
            2028.75, 
            822.75, 
            743.75, 
            2439.75, 
            951.5, 
            1178.75, 
            2386.75, 
            2224.75, 
            2410.25, 
            1490.25, 
            2456.75, 
            2344.25, 
            699.75, 
            303.75, 
            1709.75, 
            932.25, 
            1715.75, 
            2157.75, 
            1991.75, 
            918.75, 
            2518.75, 
            643.75, 
            2610.75, 
            659.75, 
            755.25, 
            2284.75, 
            2402.75, 
            2059.75, 
            698.25, 
            1904.25, 
            1822.75, 
            1253.75, 
            1181.75, 
            1020.75, 
            1148.75, 
            587.75, 
            2932.75, 
            908.75, 
            2537.75, 
            1486.25, 
            427.75, 
            1599.75, 
            1985.75, 
            1877.25, 
            2175.75, 
            1527.75, 
            817.25, 
            1024.25, 
            1054.75, 
            1342.75, 
            1755.75, 
            975.5, 
            862.75, 
            3109.25, 
            827.75, 
            1035.75, 
            2824.75, 
            1469.75, 
            1881.75, 
            1487.75, 
            1293.25, 
            2180.75, 
            2560.75, 
            2100.25, 
            1464.5, 
            1925.25, 
            2148.75, 
            1605.75, 
            1375.75, 
            1402.75, 
            1084.75, 
            1688.75, 
            1538.25, 
            1855.75, 
            723.25, 
            2041.75, 
            1083.75, 
            2715.25, 
            697.25, 
            1629.25, 
            2169.75, 
            682.75, 
            878.75, 
            2969.75, 
            1414.25, 
            874.75, 
            698.25, 
            533.25, 
            1088.25, 
            2330.75, 
            2169.25, 
            1014.75, 
            1556.75, 
            1808.25, 
            1538.75, 
            837.25, 
            2213.75, 
            1302.75, 
            1555.75, 
            847.75, 
            1151.75, 
            1997.25, 
            1828.75, 
            2355.75, 
            1212.75, 
            806.75, 
            1642.25, 
            715.75, 
            1433.75, 
            2306.75, 
            2670.75, 
            1130.25, 
            1995.25, 
            2686.25, 
            988.25, 
            1504.25, 
            1296.25, 
            1340.25, 
            976.25, 
            1671.25, 
            898.75, 
            4150.25, 
            1445.75, 
            1132.75, 
            1502.75, 
            1529.25, 
            2169.25, 
            3263.25, 
            1474.25, 
            1536.25, 
            1222.25, 
            2023.75, 
            827.75, 
            1509.25, 
            1954.75, 
            2092.75, 
            1301.75, 
            1632.25, 
            969.25, 
            1078.25, 
            1027.75, 
            647.25, 
            574.0, 
            2102.75, 
            1582.25, 
            1037.75, 
            1189.25, 
            2444.75, 
            2173.75, 
            613.75, 
            1702.75, 
            1124.0, 
            1081.75, 
            2277.75, 
            2030.25, 
            995.25, 
            1073.75, 
            2381.75, 
            1403.75, 
            1288.25, 
            881.25, 
            2382.75, 
            909.75, 
            2367.25, 
            947.5, 
            843.75, 
            1507.25, 
            1214.75, 
            1427.75, 
            1712.75, 
            1073.75, 
            1088.5, 
            966.75, 
            1025.25, 
            1074.75, 
            1095.75, 
            987.75, 
            1225.75, 
            1264.25, 
            2180.25, 
            1458.25, 
            1834.75, 
            1249.75, 
            1433.75, 
            2037.75, 
            1322.75, 
            3603.75, 
            2627.75, 
            487.75, 
            917.0, 
            2648.75, 
            3443.75, 
            1338.75, 
            492.25, 
            1990.75, 
            2104.25, 
            1614.75, 
            1486.25, 
            2394.75, 
            266.25, 
            927.75, 
            2152.25, 
            655.75, 
            1675.75, 
            3507.25, 
            1293.75, 
            2367.75, 
            704.25, 
            1166.75, 
            1000.75, 
            551.75, 
            1486.25, 
            2625.25, 
            647.75, 
            1751.75, 
            2655.75, 
            1216.75, 
            921.75, 
            2764.25, 
            739.75, 
            983.75, 
            3221.75, 
            951.75, 
            701.75, 
            2610.25, 
            1612.5, 
            2330.25, 
            599.75, 
            2285.25, 
            2581.25, 
            2575.75, 
            735.75, 
            1237.25, 
            1219.75, 
            1894.25, 
            2893.25, 
            1134.75, 
            775.75, 
            2339.25, 
            1067.75, 
            661.75, 
            1058.75, 
            1093.25, 
            4648.75, 
            1075.75, 
            2312.75, 
            1741.25, 
            2625.75, 
            2765.75, 
            1923.75, 
            1001.25, 
            4502.25, 
            1757.75, 
            1503.75, 
            1570.75, 
            2355.75, 
            886.75, 
            1675.75, 
            1139.75, 
            2063.75, 
            1370.25, 
            1926.75, 
            779.75, 
            771.75, 
            1384.75, 
            1056.75, 
            784.75, 
            2068.25, 
            1002.75, 
            1451.75, 
            1088.75, 
            2009.75, 
            812.75, 
            3110.25, 
            2230.75, 
            3247.25, 
            2979.75, 
            796.0, 
            1342.25, 
            929.75, 
            695.25, 
            4277.25, 
            1111.75, 
            1917.75, 
            1036.25, 
            1553.75, 
            1628.25, 
            1732.75, 
            1119.75, 
            2165.75, 
            1814.25, 
            1588.25, 
            2156.75, 
            2604.75, 
            1655.75, 
            1640.25, 
            856.75, 
            1536.25, 
            1991.75, 
            2639.75, 
            1932.25, 
            1280.75, 
            1884.75, 
            1393.75, 
            1703.75, 
            1776.75, 
            1442.75, 
            2021.75, 
            901.25, 
            1191.75, 
            1187.75, 
            965.75, 
            850.75, 
            2110.75, 
            678.75, 
            1236.75, 
            1927.75, 
            911.25, 
            1316.25, 
            1164.75, 
            1921.25
        ], 
        "x": [
            2000.0, 
            600.0, 
            460.0, 
            1500.0, 
            2500.0, 
            1400.0, 
            3500.0, 
            3600.0, 
            1950.0, 
            3500.0, 
            2350.0, 
            1490.0, 
            1000.0, 
            3000.0, 
            1750.0, 
            850.0, 
            1390.0, 
            2150.0, 
            3600.0, 
            950.0, 
            1800.0, 
            900.0, 
            675.0, 
            700.0, 
            1000.0, 
            2300.0, 
            2900.0, 
            1200.0, 
            2800.0, 
            2100.0, 
            1800.0, 
            2300.0, 
            1000.0, 
            1100.0, 
            850.0, 
            1400.0, 
            1900.0, 
            1200.0, 
            950.0, 
            1000.0, 
            800.0, 
            850.0, 
            750.0, 
            1350.0, 
            1350.0, 
            850.0, 
            1200.0, 
            900.0, 
            800.0, 
            2350.0, 
            4000.0, 
            2550.0, 
            900.0, 
            3500.0, 
            1300.0, 
            1450.0, 
            1025.0, 
            1400.0, 
            2600.0, 
            800.0, 
            1900.0, 
            2500.0, 
            1200.0, 
            1650.0, 
            850.0, 
            2350.0, 
            1030.0, 
            795.0, 
            760.0, 
            3700.0, 
            1600.0, 
            980.0, 
            2600.0, 
            720.0, 
            1550.0, 
            1175.0, 
            2400.0, 
            2300.0, 
            1450.0, 
            800.0, 
            925.0, 
            895.0, 
            2750.0, 
            1950.0, 
            1500.0, 
            1000.0, 
            1950.0, 
            750.0, 
            1500.0, 
            2300.0, 
            1100.0, 
            1275.0, 
            2650.0, 
            800.0, 
            900.0, 
            1200.0, 
            1400.0, 
            900.0, 
            790.0, 
            2800.0, 
            1700.0, 
            1350.0, 
            1300.0, 
            1300.0, 
            850.0, 
            1950.0, 
            2850.0, 
            2000.0, 
            950.0, 
            1000.0, 
            2200.0, 
            1700.0, 
            1390.0, 
            2800.0, 
            1100.0, 
            3990.0, 
            2280.0, 
            1870.0, 
            930.0, 
            1100.0, 
            1700.0, 
            1375.0, 
            1350.0, 
            1900.0, 
            1400.0, 
            699.0, 
            3100.0, 
            1300.0, 
            1750.0, 
            1750.0, 
            950.0, 
            850.0, 
            1040.0, 
            2600.0, 
            2000.0, 
            1500.0, 
            1980.0, 
            790.0, 
            1580.0, 
            1650.0, 
            1410.0, 
            1450.0, 
            1300.0, 
            3900.0, 
            1000.0, 
            2500.0, 
            850.0, 
            1200.0, 
            2500.0, 
            1750.0, 
            3150.0, 
            1200.0, 
            2950.0, 
            875.0, 
            1850.0, 
            930.0, 
            1700.0, 
            1090.0, 
            1650.0, 
            2700.0, 
            1000.0, 
            1750.0, 
            650.0, 
            815.0, 
            1375.0, 
            2300.0, 
            1700.0, 
            810.0, 
            1300.0, 
            1150.0, 
            800.0, 
            1200.0, 
            2450.0, 
            950.0, 
            2400.0, 
            1400.0, 
            1000.0, 
            820.0, 
            870.0, 
            2700.0, 
            1180.0, 
            2550.0, 
            2400.0, 
            2500.0, 
            990.0, 
            900.0, 
            1300.0, 
            2800.0, 
            2100.0, 
            1380.0, 
            1700.0, 
            1700.0, 
            1270.0, 
            2700.0, 
            1550.0, 
            2000.0, 
            1150.0, 
            750.0, 
            3780.0, 
            1300.0, 
            919.0, 
            2000.0, 
            1200.0, 
            1100.0, 
            1600.0, 
            650.0, 
            700.0, 
            2400.0, 
            1400.0, 
            2000.0, 
            1500.0, 
            1200.0, 
            2300.0, 
            615.0, 
            1500.0, 
            1180.0, 
            600.0, 
            2500.0, 
            1150.0, 
            1500.0, 
            1299.0, 
            900.0, 
            930.0, 
            2500.0, 
            2100.0, 
            950.0, 
            1615.0, 
            1200.0, 
            1400.0, 
            1350.0, 
            2600.0, 
            1400.0, 
            1650.0, 
            1250.0, 
            1300.0, 
            1350.0, 
            1950.0, 
            2700.0, 
            1150.0, 
            1450.0, 
            2000.0, 
            1900.0, 
            1100.0, 
            1100.0, 
            1300.0, 
            2350.0, 
            1250.0, 
            480.0, 
            1500.0, 
            2950.0, 
            1550.0, 
            775.0, 
            2500.0, 
            1300.0, 
            1600.0, 
            2400.0, 
            820.0, 
            2500.0, 
            1300.0, 
            990.0, 
            1350.0, 
            1950.0, 
            900.0, 
            1100.0, 
            1350.0, 
            1000.0, 
            1000.0, 
            1900.0, 
            1950.0, 
            575.0, 
            930.0, 
            750.0, 
            1200.0, 
            2500.0, 
            2950.0, 
            1000.0, 
            2400.0, 
            1550.0, 
            2700.0, 
            1297.0, 
            1600.0, 
            1300.0, 
            2800.0, 
            3500.0, 
            1575.0, 
            3300.0, 
            1100.0, 
            1990.0, 
            800.0, 
            1400.0, 
            3200.0, 
            1190.0, 
            2600.0, 
            3240.0, 
            1800.0, 
            975.0, 
            795.0, 
            1200.0, 
            980.0, 
            775.0, 
            1000.0, 
            3500.0, 
            1690.0, 
            2000.0, 
            1200.0, 
            1500.0, 
            1700.0, 
            970.0, 
            800.0, 
            900.0, 
            1250.0, 
            3600.0, 
            1300.0, 
            950.0, 
            850.0, 
            890.0, 
            1800.0, 
            1850.0, 
            1100.0, 
            2100.0, 
            1350.0, 
            700.0, 
            950.0, 
            1900.0, 
            1400.0, 
            950.0, 
            990.0, 
            1450.0, 
            900.0, 
            700.0, 
            999.0, 
            3080.0, 
            700.0, 
            1200.0, 
            815.0, 
            3300.0, 
            980.0, 
            1000.0, 
            2500.0, 
            2300.0, 
            1650.0, 
            1100.0, 
            3400.0, 
            1200.0, 
            3950.0, 
            1660.0, 
            900.0, 
            975.0, 
            3780.0, 
            1100.0, 
            850.0, 
            1700.0, 
            1950.0, 
            2000.0, 
            1700.0, 
            1200.0, 
            2900.0, 
            2800.0, 
            2600.0, 
            3800.0, 
            1000.0, 
            2100.0, 
            900.0, 
            1450.0, 
            1600.0, 
            1100.0, 
            2800.0, 
            2500.0, 
            1300.0, 
            1100.0, 
            1250.0, 
            1600.0, 
            850.0, 
            750.0, 
            1500.0, 
            2430.0, 
            1200.0, 
            1500.0, 
            1200.0, 
            1190.0, 
            790.0, 
            800.0, 
            1300.0, 
            2100.0, 
            750.0, 
            1300.0, 
            1050.0, 
            750.0, 
            1300.0, 
            3850.0, 
            900.0, 
            1566.0, 
            1050.0, 
            950.0, 
            1520.0, 
            4000.0, 
            1650.0, 
            1300.0, 
            1650.0, 
            3500.0, 
            850.0, 
            1190.0, 
            2650.0, 
            2200.0, 
            1100.0, 
            1200.0, 
            1050.0, 
            2600.0, 
            1090.0, 
            1300.0, 
            900.0, 
            620.0, 
            1000.0, 
            1300.0, 
            1850.0, 
            1700.0, 
            1200.0, 
            800.0, 
            1099.0, 
            795.0, 
            1600.0, 
            775.0, 
            1745.0, 
            850.0, 
            975.0, 
            1100.0, 
            2800.0, 
            3300.0, 
            2700.0, 
            900.0, 
            1350.0, 
            1600.0, 
            1000.0, 
            1700.0, 
            900.0, 
            2800.0, 
            1150.0, 
            700.0, 
            2300.0, 
            750.0, 
            1600.0, 
            1200.0, 
            600.0, 
            830.0, 
            1100.0, 
            900.0, 
            1750.0, 
            800.0, 
            900.0, 
            1750.0, 
            850.0, 
            3200.0, 
            1100.0, 
            3500.0, 
            1100.0, 
            650.0, 
            3995.0, 
            2700.0, 
            3300.0, 
            1150.0, 
            840.0, 
            1200.0, 
            1100.0, 
            2400.0, 
            3800.0, 
            2800.0, 
            1500.0, 
            590.0, 
            1200.0, 
            1400.0, 
            1250.0, 
            700.0, 
            850.0, 
            1300.0, 
            1600.0, 
            950.0, 
            1700.0, 
            870.0, 
            750.0, 
            1600.0, 
            1400.0, 
            850.0, 
            980.0, 
            730.0, 
            1700.0, 
            1100.0, 
            850.0, 
            1080.0, 
            1580.0, 
            950.0, 
            1150.0, 
            650.0, 
            1250.0, 
            850.0, 
            2800.0, 
            950.0, 
            1500.0, 
            850.0, 
            2200.0, 
            1250.0, 
            2200.0, 
            1100.0, 
            1400.0, 
            1425.0, 
            3780.0, 
            1900.0, 
            2800.0, 
            700.0, 
            2500.0, 
            2000.0, 
            1450.0, 
            780.0, 
            1000.0, 
            1250.0, 
            2000.0, 
            990.0, 
            1250.0, 
            995.0, 
            1105.0, 
            2800.0, 
            890.0, 
            850.0, 
            2650.0, 
            930.0, 
            1025.0, 
            1800.0, 
            2190.0, 
            2000.0, 
            1450.0, 
            2700.0, 
            1600.0, 
            1000.0, 
            690.0, 
            1495.0, 
            800.0, 
            1650.0, 
            1150.0, 
            2000.0, 
            875.0, 
            3000.0, 
            800.0, 
            2900.0, 
            700.0, 
            1075.0, 
            1980.0, 
            3780.0, 
            2400.0, 
            850.0, 
            1750.0, 
            1300.0, 
            1250.0, 
            1100.0, 
            800.0, 
            900.0, 
            750.0, 
            3300.0, 
            850.0, 
            3600.0, 
            1500.0, 
            600.0, 
            1300.0, 
            1850.0, 
            1950.0, 
            2200.0, 
            1250.0, 
            950.0, 
            1000.0, 
            1200.0, 
            3000.0, 
            1850.0, 
            980.0, 
            700.0, 
            3499.0, 
            750.0, 
            850.0, 
            3000.0, 
            1500.0, 
            1550.0, 
            1250.0, 
            1150.0, 
            2200.0, 
            2500.0, 
            1750.0, 
            1600.0, 
            1950.0, 
            2100.0, 
            1400.0, 
            1600.0, 
            1300.0, 
            900.0, 
            1700.0, 
            1025.0, 
            1950.0, 
            800.0, 
            3780.0, 
            990.0, 
            2100.0, 
            1000.0, 
            1660.0, 
            1850.0, 
            1000.0, 
            690.0, 
            2450.0, 
            1700.0, 
            875.0, 
            900.0, 
            685.0, 
            1350.0, 
            2500.0, 
            1800.0, 
            1200.0, 
            1000.0, 
            1300.0, 
            1300.0, 
            700.0, 
            2500.0, 
            1280.0, 
            1199.0, 
            750.0, 
            860.0, 
            2000.0, 
            2100.0, 
            3950.0, 
            1050.0, 
            700.0, 
            1500.0, 
            720.0, 
            1350.0, 
            2000.0, 
            3800.0, 
            1250.0, 
            1750.0, 
            3200.0, 
            1200.0, 
            1350.0, 
            1260.0, 
            820.0, 
            1050.0, 
            1390.0, 
            875.0, 
            3850.0, 
            1200.0, 
            1400.0, 
            1500.0, 
            1600.0, 
            1800.0, 
            3000.0, 
            1350.0, 
            1300.0, 
            900.0, 
            1850.0, 
            850.0, 
            1500.0, 
            1850.0, 
            1900.0, 
            1100.0, 
            2400.0, 
            1000.0, 
            850.0, 
            1300.0, 
            700.0, 
            890.0, 
            2100.0, 
            2100.0, 
            890.0, 
            1100.0, 
            3000.0, 
            2800.0, 
            600.0, 
            1500.0, 
            750.0, 
            900.0, 
            2300.0, 
            3630.0, 
            850.0, 
            875.0, 
            2500.0, 
            1100.0, 
            1100.0, 
            900.0, 
            3000.0, 
            900.0, 
            2300.0, 
            1000.0, 
            950.0, 
            1250.0, 
            1050.0, 
            1300.0, 
            1700.0, 
            1100.0, 
            900.0, 
            1200.0, 
            1300.0, 
            950.0, 
            850.0, 
            890.0, 
            1200.0, 
            985.0, 
            2400.0, 
            1400.0, 
            2200.0, 
            1405.0, 
            1000.0, 
            2200.0, 
            1190.0, 
            3700.0, 
            3300.0, 
            699.0, 
            800.0, 
            3500.0, 
            2800.0, 
            1490.0, 
            675.0, 
            2200.0, 
            1300.0, 
            1400.0, 
            1500.0, 
            1975.0, 
            600.0, 
            900.0, 
            2000.0, 
            790.0, 
            1150.0, 
            2600.0, 
            1700.0, 
            1975.0, 
            820.0, 
            850.0, 
            1000.0, 
            700.0, 
            1500.0, 
            2900.0, 
            980.0, 
            1200.0, 
            3300.0, 
            950.0, 
            875.0, 
            3450.0, 
            700.0, 
            1675.0, 
            3400.0, 
            800.0, 
            875.0, 
            3600.0, 
            1700.0, 
            2500.0, 
            980.0, 
            2500.0, 
            2500.0, 
            2900.0, 
            1100.0, 
            1350.0, 
            1050.0, 
            1850.0, 
            4000.0, 
            900.0, 
            800.0, 
            2700.0, 
            1200.0, 
            800.0, 
            800.0, 
            990.0, 
            3500.0, 
            950.0, 
            3850.0, 
            600.0, 
            2100.0, 
            3000.0, 
            1935.0, 
            950.0, 
            3900.0, 
            1400.0, 
            1200.0, 
            1200.0, 
            3950.0, 
            875.0, 
            1700.0, 
            1100.0, 
            1950.0, 
            1350.0, 
            2500.0, 
            700.0, 
            800.0, 
            1590.0, 
            1100.0, 
            850.0, 
            3000.0, 
            1100.0, 
            1450.0, 
            1250.0, 
            1800.0, 
            800.0, 
            3100.0, 
            2450.0, 
            4000.0, 
            3700.0, 
            670.0, 
            1450.0, 
            1000.0, 
            695.0, 
            4000.0, 
            1030.0, 
            2500.0, 
            950.0, 
            1500.0, 
            1164.0, 
            1800.0, 
            1000.0, 
            1700.0, 
            1300.0, 
            1600.0, 
            2400.0, 
            2300.0, 
            1450.0, 
            1500.0, 
            850.0, 
            1300.0, 
            1500.0, 
            4000.0, 
            1700.0, 
            1750.0, 
            2600.0, 
            1100.0, 
            1800.0, 
            1850.0, 
            1200.0, 
            1750.0, 
            1350.0, 
            1750.0, 
            950.0, 
            900.0, 
            1000.0, 
            2745.0, 
            824.0, 
            1100.0, 
            1900.0, 
            900.0, 
            1450.0, 
            800.0, 
            2500.0
        ]
    }, 
    "processed_feature_names": [
        "bathrooms", 
        "distance", 
        "floor", 
        "rooms", 
        "size", 
        "dummy:has360:False", 
        "dummy:has360:N/A", 
        "dummy:hasLift:True", 
        "dummy:hasLift:N/A", 
        "dummy:propertyType:flat", 
        "dummy:propertyType:penthouse", 
        "dummy:propertyType:studio", 
        "dummy:propertyType:duplex", 
        "dummy:propertyType:N/A", 
        "dummy:municipality:Madrid", 
        "dummy:municipality:Pozuelo de Alarc\u00f3n", 
        "dummy:municipality:Majadahonda", 
        "dummy:municipality:La Moraleja", 
        "dummy:municipality:Alcorc\u00f3n", 
        "dummy:municipality:Getafe", 
        "dummy:municipality:Legan\u00e9s", 
        "dummy:municipality:Alcobendas", 
        "dummy:municipality:Boadilla del Monte", 
        "dummy:municipality:Rivas-Vaciamadrid", 
        "dummy:municipality:San Fernando de Henares", 
        "dummy:municipality:Coslada", 
        "dummy:municipality:N/A", 
        "dummy:exterior:True", 
        "dummy:exterior:N/A", 
        "dummy:neighborhood:Recoletos", 
        "dummy:neighborhood:Lavapi\u00e9s-Embajadores", 
        "dummy:neighborhood:Goya", 
        "dummy:neighborhood:Castellana", 
        "dummy:neighborhood:Chueca-Justicia", 
        "dummy:neighborhood:Malasa\u00f1a-Universidad", 
        "dummy:neighborhood:Arg\u00fcelles", 
        "dummy:neighborhood:Palacio", 
        "dummy:neighborhood:Trafalgar", 
        "dummy:neighborhood:Lista", 
        "dummy:neighborhood:Bernab\u00e9u-Hispanoam\u00e9rica", 
        "dummy:neighborhood:Huertas-Cortes", 
        "dummy:neighborhood:Cuzco-Castillejos", 
        "dummy:neighborhood:Conde Orgaz-Piovera", 
        "dummy:neighborhood:Sanchinarro", 
        "dummy:neighborhood:Ibiza", 
        "dummy:neighborhood:Almagro", 
        "dummy:neighborhood:Castilla", 
        "dummy:neighborhood:El Viso", 
        "dummy:neighborhood:Nueva Espa\u00f1a", 
        "dummy:neighborhood:Prosperidad", 
        "dummy:neighborhood:Arapiles", 
        "dummy:neighborhood:Nuevos Ministerios-R\u00edos Rosas", 
        "dummy:neighborhood:Sol", 
        "dummy:neighborhood:Cuatro Caminos", 
        "dummy:neighborhood:Guindalera", 
        "dummy:neighborhood:Las Tablas", 
        "dummy:neighborhood:Ventilla-Almenara", 
        "dummy:neighborhood:Pac\u00edfico", 
        "dummy:neighborhood:Costillares", 
        "dummy:neighborhood:Aravaca", 
        "dummy:neighborhood:Bellas Vistas", 
        "dummy:neighborhood:Fuente del Berro", 
        "dummy:neighborhood:Ensanche de Vallecas - La Gavia", 
        "dummy:neighborhood:Gaztambide", 
        "dummy:neighborhood:Vallehermoso", 
        "dummy:neighborhood:Ciudad Jard\u00edn", 
        "dummy:neighborhood:Jer\u00f3nimos", 
        "dummy:neighborhood:San Pascual", 
        "dummy:neighborhood:La Paz", 
        "dummy:neighborhood:Palos de Moguer", 
        "dummy:neighborhood:Pe\u00f1agrande", 
        "dummy:neighborhood:Rejas", 
        "dummy:neighborhood:Valdeacederas", 
        "dummy:neighborhood:Acacias", 
        "dummy:neighborhood:Ni\u00f1o Jes\u00fas", 
        "dummy:neighborhood:Valdemar\u00edn", 
        "dummy:neighborhood:Ciudad Universitaria", 
        "dummy:neighborhood:Legazpi", 
        "dummy:neighborhood:Concepci\u00f3n", 
        "dummy:neighborhood:Tres Olivos - Valverde", 
        "dummy:neighborhood:Somosaguas", 
        "dummy:neighborhood:Canillas", 
        "dummy:neighborhood:Adelfas", 
        "dummy:neighborhood:Pilar", 
        "dummy:neighborhood:Berruguete", 
        "dummy:neighborhood:San Juan Bautista", 
        "dummy:neighborhood:Estrella", 
        "dummy:neighborhood:Atalaya", 
        "dummy:neighborhood:Zona Avenida Europa", 
        "dummy:neighborhood:Simancas", 
        "dummy:neighborhood:Alameda de Osuna", 
        "dummy:neighborhood:Imperial", 
        "dummy:neighborhood:San Diego", 
        "dummy:neighborhood:Opa\u00f1el", 
        "dummy:neighborhood:Pueblo Nuevo", 
        "dummy:neighborhood:Pinar del Rey", 
        "dummy:neighborhood:Palomas", 
        "dummy:neighborhood:Prado de Somosaguas", 
        "dummy:neighborhood:Puerta del \u00c1ngel", 
        "dummy:neighborhood:Valdezarza", 
        "dummy:neighborhood:Ventas", 
        "dummy:neighborhood:Valdebebas - Valdefuentes", 
        "dummy:neighborhood:Delicias", 
        "dummy:neighborhood:Montecarmelo", 
        "dummy:neighborhood:Lucero", 
        "dummy:neighborhood:Comillas", 
        "dummy:neighborhood:Parque Lisboa - La Paz", 
        "dummy:neighborhood:Chopera", 
        "dummy:neighborhood:Rosas", 
        "dummy:neighborhood:Numancia", 
        "dummy:neighborhood:Zona Estaci\u00f3n", 
        "dummy:neighborhood:Zona Pueblo", 
        "dummy:neighborhood:Campo de las Naciones-Corralejos", 
        "dummy:neighborhood:Quintana", 
        "dummy:neighborhood:Mirasierra", 
        "dummy:neighborhood:San Isidro", 
        "dummy:neighborhood:Aluche", 
        "dummy:neighborhood:Colina", 
        "dummy:neighborhood:Moscard\u00f3", 
        "dummy:neighborhood:Horcajo", 
        "dummy:neighborhood:Valdebernardo - Valderribas", 
        "dummy:neighborhood:Vista Alegre", 
        "dummy:neighborhood:Campamento", 
        "dummy:neighborhood:Los C\u00e1rmenes", 
        "dummy:neighborhood:Arroyo del Fresno", 
        "dummy:neighborhood:Canillejas", 
        "dummy:neighborhood:Ambroz", 
        "dummy:neighborhood:Zona norte", 
        "dummy:neighborhood:\u00c1guilas", 
        "dummy:neighborhood:N/A", 
        "dummy:hasPlan:False", 
        "dummy:hasPlan:N/A", 
        "dummy:district:Centro", 
        "dummy:district:Salamanca", 
        "dummy:district:Chamart\u00edn", 
        "dummy:district:Chamber\u00ed", 
        "dummy:district:Tetu\u00e1n", 
        "dummy:district:Hortaleza", 
        "dummy:district:Moncloa", 
        "dummy:district:Retiro", 
        "dummy:district:Fuencarral", 
        "dummy:district:Ciudad Lineal", 
        "dummy:district:Arganzuela", 
        "dummy:district:San Blas", 
        "dummy:district:Carabanchel", 
        "dummy:district:Latina", 
        "dummy:district:Villa de Vallecas", 
        "dummy:district:Puente de Vallecas", 
        "dummy:district:Barajas", 
        "dummy:district:Encinar de los Reyes", 
        "dummy:district:Usera", 
        "dummy:district:Somosaguas", 
        "dummy:district:Golf - El Carralero", 
        "dummy:district:Zona Prado de Somosaguas - La Finca", 
        "dummy:district:Zona Monte el Pilar", 
        "dummy:district:Zona Avenida Europa", 
        "dummy:district:Villaverde", 
        "dummy:district:Vic\u00e1lvaro", 
        "dummy:district:Moratalaz", 
        "dummy:district:Parque Lisboa - La Paz", 
        "dummy:district:Zona Estaci\u00f3n", 
        "dummy:district:El Soto de la Moraleja", 
        "dummy:district:Zona Pueblo", 
        "dummy:district:Zona Carretera del Plant\u00edo", 
        "dummy:district:Casco Antiguo", 
        "dummy:district:Urbanizaciones", 
        "dummy:district:Ensanche", 
        "dummy:district:Getafe Centro", 
        "dummy:district:Zona norte", 
        "dummy:district:El Bercial", 
        "dummy:district:Valdepastores - Las Encinas", 
        "dummy:district:Zarzaquemada", 
        "dummy:district:Arroyo de la Vega", 
        "dummy:district:La Alh\u00f3ndiga", 
        "dummy:district:Covibar - Pablo Iglesias", 
        "dummy:district:Valderas - Los Castillos", 
        "dummy:district:Universidad", 
        "dummy:district:San Nicasio - Campo de Tiro - Solagua", 
        "dummy:district:Valdelacasa", 
        "dummy:district:Urb. este - Montepr\u00edncipe", 
        "dummy:district:Alcobendas Centro", 
        "dummy:district:Parque Ondarreta - Urtinsa", 
        "dummy:district:Prado de Santo Domingo", 
        "dummy:district:Fuencasa", 
        "dummy:district:El Carrascal", 
        "dummy:district:Valdepelayo - Montepinos - Arroyo Culebro", 
        "dummy:district:Juan de la Cierva", 
        "dummy:district:Getafe norte", 
        "dummy:district:El Puerto", 
        "dummy:district:Norte", 
        "dummy:district:Legan\u00e9s norte", 
        "dummy:district:El Barral Ferial", 
        "dummy:district:Perales del Rio", 
        "dummy:district:Buenavista", 
        "dummy:district:Rivas Urbanizaciones", 
        "dummy:district:Yucat\u00e1n- Las Cornisas", 
        "dummy:district:N/A", 
        "dummy:hasVideo:False", 
        "dummy:hasVideo:N/A", 
        "dummy:detailedType_typology:flat", 
        "dummy:detailedType_typology:N/A", 
        "dummy:hasParkingSpace:True", 
        "dummy:hasParkingSpace:N/A", 
        "dummy:hasParkingSpace:__Others__"
    ], 
    "regression_performance": {
        "max_error": 1002.1800000000007, 
        "median_error": -15.75, 
        "error_distribution": [
            {
                "count": 42, 
                "bin_max": -540.35699999999997, 
                "bin_id": 0, 
                "bin_min": -713.46393
            }, 
            {
                "count": 61, 
                "bin_max": -368.96399999999983, 
                "bin_id": 1, 
                "bin_min": -540.35699999999997
            }, 
            {
                "count": 112, 
                "bin_max": -197.57099999999969, 
                "bin_id": 2, 
                "bin_min": -368.96399999999983
            }, 
            {
                "count": 188, 
                "bin_max": -26.177999999999656, 
                "bin_id": 3, 
                "bin_min": -197.57099999999969
            }, 
            {
                "count": 206, 
                "bin_max": 145.21500000000037, 
                "bin_id": 4, 
                "bin_min": -26.177999999999656
            }, 
            {
                "count": 120, 
                "bin_max": 316.60800000000063, 
                "bin_id": 5, 
                "bin_min": 145.21500000000037
            }, 
            {
                "count": 47, 
                "bin_max": 488.00100000000066, 
                "bin_id": 6, 
                "bin_min": 316.60800000000063
            }, 
            {
                "count": 21, 
                "bin_max": 659.39400000000069, 
                "bin_id": 7, 
                "bin_min": 488.00100000000066
            }, 
            {
                "count": 18, 
                "bin_max": 830.78700000000072, 
                "bin_id": 8, 
                "bin_min": 659.39400000000069
            }, 
            {
                "count": 25, 
                "bin_max": 1002.1800000000007, 
                "bin_id": 9, 
                "bin_min": 830.78700000000072
            }
        ], 
        "min_error": -711.75, 
        "average_error": -1.6475476190476104, 
        "std_error": 337.92592346283527, 
        "p75_error": 162.25, 
        "p90_error": 386.60000000000014, 
        "p25_error": -203.0
    }
}