{
  "state": "DONE",
  "preSearchDescription": {
    "gridLength": 1,
    "importantParams": []
  },
  "postSearchDescription": {
    "importantParams": []
  },
  "sampleWeightsEnabled": false,
  "modelId": "m1",
  "progress": {
    "top_level_todo": [],
    "stack": [],
    "top_level_done": [
      {
        "name": "Loading train set",
        "time": 31
      },
      {
        "name": "Loading test set",
        "time": 22
      },
      {
        "name": "Collecting statistics",
        "time": 37
      },
      {
        "name": "Preprocessing train set",
        "time": 38
      },
      {
        "name": "Preprocessing test set",
        "time": 31
      },
      {
        "name": "Fitting model",
        "time": 78
      },
      {
        "name": "Saving model",
        "time": 1
      },
      {
        "name": "Scoring model",
        "time": 63
      }
    ]
  },
  "startTime": 1544046192081,
  "endTime": 1544046192384,
  "preprocessingTime": 160,
  "trainingTime": 143
}