{
    "modelInputIsSparse": false, 
    "modelInputNRows": 2655, 
    "modelInputNCols": 194, 
    "modelInputMemory": 4120560, 
    "lmCoefficients": {
        "interceptStderr": null, 
        "interceptTstat": null, 
        "rescaledInterceptCoef": -439.65889057446492, 
        "rescaledCoefs": [
            223.59757890544012, 
            20.41902062623862, 
            347.67216513893152, 
            1.2137896401608532, 
            59.749291285637668, 
            -70.471789679683198, 
            176.18194680841151, 
            534.31322884091514, 
            -316.44918833840342, 
            -174.18518166264491, 
            -96.665987476268398, 
            -53.340352565394404, 
            -97.555969846986301, 
            -4.2117474820259053, 
            -395.04755370184074, 
            125.51678529594317, 
            321.75087349290908, 
            -82.287181249780161, 
            207.86024982408139, 
            115.39029845974167, 
            318.25035026690938, 
            341.1741297819425, 
            69.473209966663916, 
            30.716762774143938, 
            345.53849139163356, 
            41.506130384106783, 
            138.32671328630289, 
            268.87655404934549, 
            -77.914017330137767, 
            183.58625211208025, 
            -234.49626600220896, 
            307.16174906953995, 
            37.690389751613935, 
            -59.099968421380524, 
            -34.51023425036005, 
            41.19560678703283, 
            -346.7675824368838, 
            138.37037428871307, 
            -67.729538616004746, 
            82.049400713689451, 
            -330.69509327963192, 
            -2.4125474952802746, 
            -79.189441133691886, 
            684.8017712355645, 
            -52.663193053203798, 
            -81.165507061606093, 
            352.70674198494476, 
            -71.557301726808248, 
            -71.153938477403827, 
            13.838830419436379, 
            189.18470351842652, 
            -31.317823833095709, 
            -14.522816255391412, 
            -73.892338161712814, 
            122.70261669147342, 
            74.959915900759242, 
            -225.00850909815935, 
            -107.91423341310775, 
            -123.10590927401995, 
            56.22600172714057, 
            -33.840567876200119, 
            179.17443739523878, 
            -85.789268682790322, 
            -26.384103793541925, 
            -2.4635615056675642, 
            -23.087534142767016, 
            -214.77504430920419, 
            -163.01481398874944, 
            -3.2723717552075766, 
            -194.31640391554492, 
            -49.960509125484357, 
            -43.901574794951145, 
            -32.033479161705728, 
            71.095550621637301, 
            -3.6347559145292228, 
            252.87308197165365, 
            482.82614200474882, 
            238.13926935922515, 
            281.55784286957987, 
            -38.291089153777058, 
            -93.89933639124996, 
            -127.80789255430579, 
            -180.45914437197635, 
            -232.02777938648777, 
            -201.79975266931564, 
            -223.09497861078756, 
            -290.41786904746505, 
            33.558915587072974, 
            -172.36050636487104, 
            -186.20487239352121, 
            -261.62910732987888, 
            -112.93191771505001, 
            -9.4624480659291219, 
            68.360051223183561, 
            18.153957840842928, 
            -406.05944871366711, 
            -511.16119488547287, 
            12.460500343988242, 
            -244.08000141563747, 
            168.0668396471163, 
            -147.72019449959626, 
            -161.26948890759098, 
            -472.4639650115397, 
            -424.72819316597003, 
            -34.095218892552126, 
            26.345678111590786, 
            -92.422977582028039, 
            -705.02532715435166, 
            -46.140940842098239, 
            -1061.6383563502484, 
            -91.793276074321113, 
            -73.383092853448048, 
            25.797964037925183, 
            -594.77447521978479, 
            130.71461995463829, 
            54.920627754704206, 
            -3.0979353977476088e-13
        ], 
        "variables": [
            "bathrooms", 
            "rooms", 
            "size", 
            "dummy:hasLift:True", 
            "dummy:propertyType:penthouse", 
            "dummy:propertyType:studio", 
            "dummy:municipality:Madrid", 
            "dummy:municipality:La Moraleja", 
            "dummy:municipality:Alcorc\u00f3n", 
            "dummy:municipality:Legan\u00e9s", 
            "dummy:municipality:Getafe", 
            "dummy:municipality:Boadilla del Monte", 
            "dummy:municipality:Coslada", 
            "dummy:municipality:San Fernando de Henares", 
            "dummy:municipality:Las Rozas de Madrid", 
            "dummy:exterior:True", 
            "dummy:neighborhood:Recoletos", 
            "dummy:neighborhood:Lavapi\u00e9s-Embajadores", 
            "dummy:neighborhood:Castellana", 
            "dummy:neighborhood:Malasa\u00f1a-Universidad", 
            "dummy:neighborhood:Chueca-Justicia", 
            "dummy:neighborhood:Arg\u00fcelles", 
            "dummy:neighborhood:Trafalgar", 
            "dummy:neighborhood:Lista", 
            "dummy:neighborhood:Almagro", 
            "dummy:neighborhood:Cuzco-Castillejos", 
            "dummy:neighborhood:Huertas-Cortes", 
            "dummy:neighborhood:El Viso", 
            "dummy:neighborhood:Sanchinarro", 
            "dummy:neighborhood:Sol", 
            "dummy:neighborhood:Prosperidad", 
            "dummy:neighborhood:Ibiza", 
            "dummy:neighborhood:Cuatro Caminos", 
            "dummy:neighborhood:Arapiles", 
            "dummy:neighborhood:Las Tablas", 
            "dummy:neighborhood:Ventilla-Almenara", 
            "dummy:neighborhood:Guindalera", 
            "dummy:neighborhood:Nuevos Ministerios-R\u00edos Rosas", 
            "dummy:neighborhood:Aravaca", 
            "dummy:neighborhood:Ciudad Jard\u00edn", 
            "dummy:neighborhood:Fuente del Berro", 
            "dummy:neighborhood:Vallehermoso", 
            "dummy:neighborhood:Ensanche de Vallecas - La Gavia", 
            "dummy:neighborhood:Jer\u00f3nimos", 
            "dummy:neighborhood:La Paz", 
            "dummy:neighborhood:Rejas", 
            "dummy:neighborhood:Ni\u00f1o Jes\u00fas", 
            "dummy:neighborhood:Canillas", 
            "dummy:neighborhood:San Juan Bautista", 
            "dummy:neighborhood:Palos de Moguer", 
            "dummy:neighborhood:Valdemar\u00edn", 
            "dummy:neighborhood:Valdeacederas", 
            "dummy:neighborhood:Ventas", 
            "dummy:neighborhood:Estrella", 
            "dummy:neighborhood:Atalaya", 
            "dummy:neighborhood:Comillas", 
            "dummy:neighborhood:Tres Olivos - Valverde", 
            "dummy:neighborhood:Valdezarza", 
            "dummy:neighborhood:Pinar del Rey", 
            "dummy:neighborhood:Colina", 
            "dummy:neighborhood:Delicias", 
            "dummy:neighborhood:Palomas", 
            "dummy:neighborhood:Mirasierra", 
            "dummy:neighborhood:Prado de Somosaguas", 
            "dummy:neighborhood:Opa\u00f1el", 
            "dummy:neighborhood:Vista Alegre", 
            "dummy:neighborhood:Valdebernardo - Valderribas", 
            "dummy:neighborhood:Zona Estaci\u00f3n", 
            "dummy:neighborhood:Valdebebas - Valdefuentes", 
            "dummy:neighborhood:Parque Lisboa - La Paz", 
            "dummy:neighborhood:San Isidro", 
            "dummy:neighborhood:\u00c1guilas", 
            "dummy:neighborhood:Campo de las Naciones-Corralejos", 
            "dummy:neighborhood:Moscard\u00f3", 
            "dummy:neighborhood:Canillejas", 
            "dummy:district:Centro", 
            "dummy:district:Salamanca", 
            "dummy:district:Chamart\u00edn", 
            "dummy:district:Chamber\u00ed", 
            "dummy:district:Hortaleza", 
            "dummy:district:Ciudad Lineal", 
            "dummy:district:Fuencarral", 
            "dummy:district:San Blas", 
            "dummy:district:Carabanchel", 
            "dummy:district:Latina", 
            "dummy:district:Villa de Vallecas", 
            "dummy:district:Usera", 
            "dummy:district:Encinar de los Reyes", 
            "dummy:district:Puente de Vallecas", 
            "dummy:district:Barajas", 
            "dummy:district:Vic\u00e1lvaro", 
            "dummy:district:Golf - El Carralero", 
            "dummy:district:Zona Prado de Somosaguas - La Finca", 
            "dummy:district:Somosaguas", 
            "dummy:district:Zona Avenida Europa", 
            "dummy:district:Villaverde", 
            "dummy:district:Moratalaz", 
            "dummy:district:Zona norte", 
            "dummy:district:Valdepastores - Las Encinas", 
            "dummy:district:Urbanizaciones", 
            "dummy:district:Getafe Centro", 
            "dummy:district:Zona Pueblo", 
            "dummy:district:Valdepelayo - Montepinos - Arroyo Culebro", 
            "dummy:district:El Bercial", 
            "dummy:district:El Carrascal", 
            "dummy:district:Alcobendas Centro", 
            "dummy:district:Ensanche", 
            "dummy:district:Arroyo de la Vega", 
            "dummy:district:Zona Carretera del Plant\u00edo", 
            "dummy:district:Urb. este - Montepr\u00edncipe", 
            "dummy:district:El Puerto", 
            "dummy:district:Covibar - Pablo Iglesias", 
            "dummy:district:Juan de la Cierva", 
            "dummy:district:Getafe norte", 
            "dummy:detailedType_typology:flat", 
            "dummy:hasParkingSpace:True", 
            "dummy:hasParkingSpace:__Others__"
        ], 
        "interceptCoef": 896.199632184383, 
        "interceptPvalue": null, 
        "coefs": [
            200.26233792462398, 
            55.54327844871716, 
            421.50612981442879, 
            81.852426071312152, 
            59.749291285637668, 
            -70.471789679683198, 
            176.18194680841151, 
            534.31322884091514, 
            -316.44918833840342, 
            -174.18518166264491, 
            -96.665987476268398, 
            -53.340352565394404, 
            -97.555969846986301, 
            -4.2117474820259053, 
            -395.04755370184074, 
            125.51678529594317, 
            321.75087349290908, 
            -82.287181249780161, 
            207.86024982408139, 
            115.39029845974167, 
            318.25035026690938, 
            341.1741297819425, 
            69.473209966663916, 
            30.716762774143938, 
            345.53849139163356, 
            41.506130384106783, 
            138.32671328630289, 
            268.87655404934549, 
            -77.914017330137767, 
            183.58625211208025, 
            -234.49626600220896, 
            307.16174906953995, 
            37.690389751613935, 
            -59.099968421380524, 
            -34.51023425036005, 
            41.19560678703283, 
            -346.7675824368838, 
            138.37037428871307, 
            -67.729538616004746, 
            82.049400713689451, 
            -330.69509327963192, 
            -2.4125474952802746, 
            -79.189441133691886, 
            684.8017712355645, 
            -52.663193053203798, 
            -81.165507061606093, 
            352.70674198494476, 
            -71.557301726808248, 
            -71.153938477403827, 
            13.838830419436379, 
            189.18470351842652, 
            -31.317823833095709, 
            -14.522816255391412, 
            -73.892338161712814, 
            122.70261669147342, 
            74.959915900759242, 
            -225.00850909815935, 
            -107.91423341310775, 
            -123.10590927401995, 
            56.22600172714057, 
            -33.840567876200119, 
            179.17443739523878, 
            -85.789268682790322, 
            -26.384103793541925, 
            -2.4635615056675642, 
            -23.087534142767016, 
            -214.77504430920419, 
            -163.01481398874944, 
            -3.2723717552075766, 
            -194.31640391554492, 
            -49.960509125484357, 
            -43.901574794951145, 
            -32.033479161705728, 
            71.095550621637301, 
            -3.6347559145292228, 
            252.87308197165365, 
            482.82614200474882, 
            238.13926935922515, 
            281.55784286957987, 
            -38.291089153777058, 
            -93.89933639124996, 
            -127.80789255430579, 
            -180.45914437197635, 
            -232.02777938648777, 
            -201.79975266931564, 
            -223.09497861078756, 
            -290.41786904746505, 
            33.558915587072974, 
            -172.36050636487104, 
            -186.20487239352121, 
            -261.62910732987888, 
            -112.93191771505001, 
            -9.4624480659291219, 
            68.360051223183561, 
            18.153957840842928, 
            -406.05944871366711, 
            -511.16119488547287, 
            12.460500343988242, 
            -244.08000141563747, 
            168.0668396471163, 
            -147.72019449959626, 
            -161.26948890759098, 
            -472.4639650115397, 
            -424.72819316597003, 
            -34.095218892552126, 
            26.345678111590786, 
            -92.422977582028039, 
            -705.02532715435166, 
            -46.140940842098239, 
            -1061.6383563502484, 
            -91.793276074321113, 
            -73.383092853448048, 
            25.797964037925183, 
            -594.77447521978479, 
            130.71461995463829, 
            54.920627754704206, 
            -3.0979353977476088e-13
        ]
    }
}