{
    "metrics": {
        "rmse": 382.0873689934313, 
        "pearson": 0.88783750579646292, 
        "mae": 256.08903074006525, 
        "r2": 0.78482244604575979, 
        "mape": 0.16432040587492405, 
        "mse": 145990.75754432252, 
        "evs": 0.78694696036456935, 
        "rmsle": 0.2276396990297204
    }, 
    "scatterPlotData": {
        "y": [
            1637.9467, 
            1731.343, 
            2246.9569, 
            1373.0034, 
            1076.245, 
            1559.932, 
            1763.607, 
            1439.4669, 
            1715.0403, 
            2552.6792, 
            988.2494, 
            537.8819, 
            1819.0492, 
            977.2644, 
            1347.4652, 
            3203.8239, 
            1903.2281, 
            761.2071, 
            2058.5247, 
            887.8236, 
            1992.8392, 
            1357.8277, 
            1136.6643, 
            2290.098, 
            2438.9218, 
            993.9333, 
            842.832, 
            1935.2397, 
            2893.9781, 
            1016.2858, 
            1893.0128, 
            3273.6888, 
            1155.7509, 
            1804.49, 
            1340.064, 
            1919.8698, 
            1764.9229, 
            928.6673, 
            1575.4686, 
            1756.4397, 
            2081.6637, 
            878.6329, 
            1150.8379, 
            1190.1596, 
            1417.2352, 
            560.4174, 
            1121.9222, 
            3119.1719, 
            2167.42, 
            3100.0015, 
            1703.9648, 
            2463.4741, 
            1259.8067, 
            3345.9999, 
            1357.7709, 
            1313.8761, 
            1317.1513, 
            1184.8552, 
            2631.3257, 
            1014.5527, 
            2558.0685, 
            1037.5977, 
            1288.9465, 
            1238.208, 
            1290.0383, 
            1445.2094, 
            973.8781, 
            2115.1618, 
            1436.1798, 
            2138.3483, 
            1782.5744, 
            2189.432, 
            3937.7666, 
            2342.3079, 
            2150.9484, 
            1243.6684, 
            1192.4471, 
            867.0118, 
            874.7214, 
            2545.3702, 
            859.235, 
            1402.4999, 
            645.2458, 
            2450.6465, 
            1201.0583, 
            631.6185, 
            1290.2243, 
            835.6176, 
            1088.1975, 
            1197.3016, 
            1064.9567, 
            1425.4466, 
            2460.3887, 
            1212.4953, 
            1585.722, 
            1238.208, 
            1792.6087, 
            392.6634, 
            2922.1848, 
            1546.5834, 
            2065.1562, 
            868.8628, 
            1871.6831, 
            1218.667, 
            2472.6006, 
            637.649, 
            1519.9949, 
            941.4749, 
            1565.7465, 
            1597.4858, 
            1193.2418, 
            1503.3037, 
            1247.7631, 
            2531.9913, 
            2982.531, 
            1416.1701, 
            2768.9678, 
            1767.8783, 
            2395.014, 
            1445.7159, 
            1049.3682, 
            1424.6274, 
            2429.45, 
            1970.664, 
            1242.3305, 
            1097.7638, 
            2546.5619, 
            1637.0221, 
            2069.0565, 
            1035.8737, 
            1869.7347, 
            2861.8403, 
            3144.1691, 
            1315.1848, 
            1528.0167, 
            677.9993, 
            1730.3767, 
            1285.7149, 
            951.2102, 
            1047.0669, 
            1442.2459, 
            1066.29, 
            1656.7593, 
            850.3205, 
            602.7069, 
            1382.045, 
            4178.9962, 
            1889.7258, 
            3651.4537, 
            898.1228, 
            1273.374, 
            1436.1798, 
            1363.2582, 
            1138.2242, 
            1937.809, 
            1573.3058, 
            2018.3261, 
            1124.9086, 
            1362.9591, 
            424.0353, 
            1612.6778, 
            1458.1067, 
            2599.9604, 
            1607.4948, 
            1415.0486, 
            3680.6117, 
            1596.1591, 
            3005.5018, 
            2205.364, 
            2631.1987, 
            1508.9326, 
            1898.0695, 
            1333.0924, 
            948.7226, 
            770.666, 
            1930.3174, 
            1094.7996, 
            942.998, 
            826.0433, 
            858.7495, 
            1778.2178, 
            1123.8169, 
            1166.049, 
            878.7745, 
            916.7923, 
            873.1207, 
            2188.0801, 
            1010.2226, 
            3651.4537, 
            1237.3901, 
            761.2071, 
            1526.0685, 
            1633.8603, 
            2187.0305, 
            1368.7924, 
            1184.2617, 
            1249.5283, 
            1700.2916, 
            1475.5978, 
            1164.4538, 
            810.2141, 
            820.495, 
            942.9937, 
            1121.9222, 
            1573.7301, 
            1317.1222, 
            1772.1927, 
            4178.9962, 
            1139.1889, 
            2386.902, 
            2272.8733, 
            1355.2654, 
            2366.631, 
            608.7252, 
            1105.1161, 
            1392.8532, 
            1360.8988, 
            1503.2414, 
            966.6866, 
            882.0272, 
            2037.5811, 
            1400.4446, 
            414.5398, 
            1763.8925, 
            1401.0582, 
            3325.4991, 
            1170.4847, 
            1104.9052, 
            1925.2035, 
            547.4314, 
            1139.8434, 
            1925.5002, 
            1509.9279, 
            1082.8823, 
            1482.3175, 
            1268.248, 
            1923.7589, 
            1415.7342, 
            1387.4355, 
            654.653, 
            1200.3979, 
            859.235, 
            1387.7341, 
            1089.6565, 
            1433.7525, 
            1548.5803, 
            1246.3063, 
            718.3149, 
            1992.8392, 
            1088.935, 
            1299.5127, 
            755.0265, 
            1007.4562, 
            2157.112, 
            429.8417, 
            1432.1161, 
            959.217, 
            1481.8865, 
            342.0449, 
            1748.0483, 
            1570.0831, 
            792.6013, 
            1110.8606, 
            1728.5704, 
            3061.7274, 
            1771.7937, 
            741.3919, 
            1636.3459, 
            1493.6597, 
            3159.7508, 
            1273.374, 
            1058.4039, 
            933.296, 
            2576.6228, 
            3811.7044, 
            1071.7446, 
            2028.9047, 
            877.2413, 
            828.2738, 
            2795.3908, 
            761.2071, 
            1668.1641, 
            2621.8962, 
            1634.9887, 
            2522.3664, 
            538.3884, 
            1530.7397, 
            818.9263, 
            1849.2698, 
            2465.2183, 
            2928.4353, 
            1756.0862, 
            750.1341, 
            1349.2756, 
            1306.982, 
            1392.5021, 
            1488.735, 
            568.1034, 
            1705.3684, 
            2092.5618, 
            1662.7885, 
            749.0743, 
            1090.6697, 
            1536.1047, 
            737.0665, 
            2158.8508, 
            1452.8257, 
            4174.3954, 
            1670.7686, 
            1064.7716, 
            2177.3889, 
            1378.7178, 
            1109.2077, 
            2913.3822, 
            1238.8282, 
            1722.1886, 
            1824.0318, 
            3169.3966, 
            984.7481, 
            519.9111, 
            1524.4892, 
            990.0598, 
            881.4463, 
            932.45, 
            2080.142, 
            4530.8313, 
            1445.6056, 
            1239.7044, 
            1477.5061, 
            1635.392, 
            836.3549, 
            1973.8912, 
            1017.1422, 
            1373.1849, 
            1482.8576, 
            1471.6615, 
            1998.0231, 
            932.397, 
            1579.2844, 
            1324.1233, 
            1185.4868, 
            1398.2066, 
            757.8644, 
            2089.3256, 
            982.8635, 
            1088.1975, 
            1756.4046, 
            1059.4171, 
            762.5519, 
            1133.8275, 
            2330.5489, 
            1539.4736, 
            2765.8532, 
            667.8677, 
            859.235, 
            2030.3256, 
            583.6958, 
            1002.8713, 
            1200.2972, 
            2786.2731, 
            1096.5917, 
            1711.3474, 
            1214.0658, 
            1786.4846, 
            1886.3665, 
            1429.4592, 
            1155.7509, 
            1420.6471, 
            2545.3702, 
            2451.153, 
            1581.5319, 
            965.4937, 
            1332.0056, 
            1341.6178, 
            774.7046, 
            1215.1964, 
            1565.9258, 
            1607.2131, 
            1343.286, 
            2283.0391, 
            2517.3223, 
            1224.4944, 
            1464.1061, 
            2303.2115, 
            1145.9167, 
            1473.38, 
            1418.8173, 
            3049.3028, 
            768.6157, 
            753.6226, 
            1011.2392, 
            1941.4035, 
            1697.8261, 
            1308.2339, 
            682.746, 
            1958.5164, 
            1943.5335, 
            1510.8006, 
            1650.0554, 
            1656.0964, 
            1684.4817, 
            1384.4727, 
            3494.7968, 
            698.3371, 
            1661.711, 
            2290.2203, 
            2545.0168, 
            1274.921, 
            985.6605, 
            858.9135, 
            778.5669, 
            119.4712, 
            2047.0168, 
            882.4459, 
            1670.6686, 
            1145.9167, 
            1900.9278, 
            1453.9434, 
            1441.8536, 
            1500.4704, 
            1689.7443, 
            1509.9279, 
            1804.9872, 
            1591.7234, 
            1007.8655, 
            1063.6211, 
            1143.6324, 
            831.4274, 
            996.3103, 
            1310.5578, 
            1647.2862, 
            547.8609, 
            914.2621, 
            1143.2498, 
            1111.2474, 
            2622.1601, 
            1310.3652, 
            475.5137, 
            1346.1193, 
            910.5924, 
            2329.3571, 
            645.2846, 
            1176.3231, 
            1792.6087, 
            1201.3516, 
            850.0766, 
            1933.5144, 
            1174.3784, 
            1144.1531, 
            2109.954, 
            1285.3886, 
            1038.3285, 
            676.1374, 
            937.3844, 
            3036.1693, 
            804.3651, 
            582.4926, 
            1711.5494, 
            1021.7221, 
            966.5172, 
            1587.4003, 
            1411.6048, 
            1596.6718, 
            1121.2957, 
            2504.1423, 
            986.863, 
            1600.1768, 
            579.7651, 
            1341.164, 
            2565.3135, 
            1419.5128, 
            1854.4675, 
            2005.5322, 
            2192.9276, 
            984.7481, 
            3460.7914, 
            920.52, 
            1065.9884, 
            797.1575, 
            2698.4234, 
            744.2801, 
            869.1613, 
            1416.9581, 
            1144.7915, 
            1843.4056, 
            919.0762, 
            1249.9189, 
            938.4821, 
            2606.6899, 
            1508.7568, 
            1736.0524, 
            1291.5921, 
            1491.9643, 
            2361.0594, 
            2090.6941, 
            1479.3445, 
            1962.4184, 
            1053.0009, 
            693.1127, 
            1499.4872, 
            2471.4688, 
            1571.5911, 
            2088.4432, 
            1194.3993, 
            2239.1544, 
            2441.6372, 
            2060.25, 
            1841.4052, 
            805.1023, 
            1398.2066, 
            2273.916, 
            1402.4999, 
            1160.2421, 
            1655.3957, 
            921.3041, 
            842.9006, 
            1510.8882, 
            1121.9222, 
            1397.1754, 
            1290.2908, 
            1087.4055, 
            929.5386, 
            2379.0285, 
            781.1216, 
            3119.7781, 
            1804.9872, 
            1756.5441, 
            994.6781, 
            1889.3375, 
            1290.1827, 
            835.494, 
            1578.6835, 
            962.6883, 
            1029.2394, 
            1214.0637, 
            883.4844, 
            3225.9315, 
            1143.1259, 
            2100.934, 
            805.1023, 
            923.5494, 
            1072.8781, 
            2702.0828, 
            1587.9331, 
            1021.7221, 
            963.5378, 
            1506.2951, 
            1997.0293, 
            648.2852, 
            1117.8304, 
            2946.5948, 
            1368.6494, 
            2390.2981, 
            1411.6066, 
            657.7468, 
            791.065, 
            2394.5679, 
            874.7214, 
            1799.7019, 
            634.4326, 
            2482.865, 
            1833.6148, 
            764.4853, 
            2332.1264, 
            971.7442, 
            836.3549, 
            820.1014, 
            2387.047, 
            402.6904, 
            1445.5498, 
            1420.6507, 
            2258.2225, 
            901.1974, 
            1144.4902, 
            1789.7526, 
            817.4431, 
            1913.4253, 
            2028.9047, 
            3478.0351, 
            3518.0044, 
            1236.5751, 
            896.6126, 
            1564.4359, 
            1127.1748, 
            1727.4237, 
            1955.2926, 
            1738.7556, 
            1910.1531, 
            1029.395, 
            1636.0098, 
            1508.0549, 
            707.4266, 
            489.9381, 
            895.2786, 
            913.1022, 
            2037.6412, 
            2792.1826, 
            724.5654, 
            2193.4244, 
            693.3129, 
            1571.262, 
            823.1166, 
            1237.3094, 
            1022.8569, 
            952.554, 
            338.9831, 
            1659.177, 
            1335.8522, 
            1810.7369, 
            1025.6924, 
            885.6547, 
            2526.4163, 
            1207.5756, 
            740.5045, 
            892.7969, 
            1877.945, 
            1310.3173, 
            939.8672, 
            1447.4227, 
            4092.5723, 
            1651.8693, 
            1213.0483, 
            926.6194, 
            1107.2459, 
            1061.9932, 
            1174.4903, 
            1088.8159, 
            2121.9466, 
            642.2654, 
            827.3486, 
            3072.9519, 
            977.2956, 
            1437.0437, 
            956.0007, 
            1482.3511, 
            778.5669, 
            1784.6938, 
            2214.3703, 
            1792.6087, 
            1771.1735, 
            1889.3375, 
            1360.5041, 
            3144.1691, 
            987.6828, 
            703.4366, 
            1768.0026, 
            2710.5303, 
            586.0153, 
            761.2071, 
            2496.6433, 
            869.9449, 
            1625.4457, 
            1011.37, 
            1430.8943, 
            1434.9217, 
            797.3762, 
            1945.662, 
            1999.0677, 
            1035.3803, 
            2438.0501, 
            970.9119, 
            1595.9756, 
            2659.9377, 
            1479.7585
        ], 
        "x": [
            1700.0, 
            1500.0, 
            1900.0, 
            1202.0, 
            1150.0, 
            1550.0, 
            3400.0, 
            1200.0, 
            1600.0, 
            3500.0, 
            850.0, 
            600.0, 
            1200.0, 
            800.0, 
            1400.0, 
            3500.0, 
            1800.0, 
            725.0, 
            3645.0, 
            1000.0, 
            2400.0, 
            1500.0, 
            920.0, 
            1400.0, 
            2900.0, 
            1000.0, 
            1100.0, 
            1650.0, 
            3600.0, 
            1100.0, 
            3240.0, 
            2400.0, 
            850.0, 
            2000.0, 
            1250.0, 
            2200.0, 
            3105.0, 
            950.0, 
            1700.0, 
            1650.0, 
            2300.0, 
            850.0, 
            1125.0, 
            1200.0, 
            1000.0, 
            750.0, 
            900.0, 
            3800.0, 
            2150.0, 
            2950.0, 
            1700.0, 
            2300.0, 
            925.0, 
            2600.0, 
            1300.0, 
            1200.0, 
            1300.0, 
            1100.0, 
            2850.0, 
            900.0, 
            2400.0, 
            1200.0, 
            1200.0, 
            950.0, 
            1350.0, 
            1650.0, 
            800.0, 
            2100.0, 
            1350.0, 
            1800.0, 
            1650.0, 
            3500.0, 
            3850.0, 
            1850.0, 
            2400.0, 
            900.0, 
            2845.0, 
            975.0, 
            770.0, 
            3000.0, 
            900.0, 
            800.0, 
            680.0, 
            2800.0, 
            1250.0, 
            800.0, 
            2600.0, 
            900.0, 
            1000.0, 
            850.0, 
            1600.0, 
            1500.0, 
            1850.0, 
            1500.0, 
            1350.0, 
            950.0, 
            1300.0, 
            650.0, 
            2600.0, 
            1400.0, 
            1900.0, 
            785.0, 
            1550.0, 
            1250.0, 
            3300.0, 
            700.0, 
            2400.0, 
            1060.0, 
            1500.0, 
            1910.0, 
            1100.0, 
            1400.0, 
            1200.0, 
            2650.0, 
            3000.0, 
            1240.0, 
            2800.0, 
            1500.0, 
            2800.0, 
            1150.0, 
            1000.0, 
            900.0, 
            1950.0, 
            1800.0, 
            1200.0, 
            1090.0, 
            3000.0, 
            1900.0, 
            2400.0, 
            1200.0, 
            1750.0, 
            3000.0, 
            4000.0, 
            1250.0, 
            1000.0, 
            700.0, 
            2000.0, 
            975.0, 
            825.0, 
            1100.0, 
            1300.0, 
            950.0, 
            1500.0, 
            750.0, 
            850.0, 
            1250.0, 
            4000.0, 
            2200.0, 
            4000.0, 
            900.0, 
            1200.0, 
            1350.0, 
            1300.0, 
            1150.0, 
            1580.0, 
            1300.0, 
            1900.0, 
            900.0, 
            1250.0, 
            650.0, 
            1300.0, 
            1400.0, 
            2400.0, 
            1500.0, 
            1100.0, 
            3500.0, 
            1390.0, 
            3400.0, 
            1950.0, 
            3700.0, 
            1550.0, 
            1650.0, 
            1600.0, 
            1150.0, 
            900.0, 
            1399.0, 
            1000.0, 
            675.0, 
            650.0, 
            800.0, 
            1400.0, 
            1130.0, 
            1300.0, 
            900.0, 
            850.0, 
            900.0, 
            2500.0, 
            1300.0, 
            4000.0, 
            950.0, 
            850.0, 
            1275.0, 
            1400.0, 
            1600.0, 
            1250.0, 
            1035.0, 
            1250.0, 
            1690.0, 
            1850.0, 
            850.0, 
            950.0, 
            850.0, 
            700.0, 
            900.0, 
            1800.0, 
            1600.0, 
            1600.0, 
            4000.0, 
            950.0, 
            2700.0, 
            2700.0, 
            1590.0, 
            2700.0, 
            575.0, 
            1300.0, 
            1500.0, 
            1260.0, 
            1600.0, 
            1150.0, 
            850.0, 
            2000.0, 
            1400.0, 
            690.0, 
            1700.0, 
            1400.0, 
            2500.0, 
            1890.0, 
            1200.0, 
            1850.0, 
            720.0, 
            900.0, 
            1150.0, 
            1350.0, 
            1350.0, 
            1250.0, 
            1000.0, 
            1900.0, 
            1400.0, 
            1600.0, 
            800.0, 
            850.0, 
            900.0, 
            1250.0, 
            1100.0, 
            1100.0, 
            1500.0, 
            1100.0, 
            950.0, 
            2400.0, 
            700.0, 
            1700.0, 
            750.0, 
            900.0, 
            1865.0, 
            700.0, 
            1590.0, 
            900.0, 
            1100.0, 
            650.0, 
            2600.0, 
            1400.0, 
            800.0, 
            850.0, 
            1850.0, 
            2800.0, 
            1500.0, 
            850.0, 
            1400.0, 
            1550.0, 
            3300.0, 
            1200.0, 
            1355.0, 
            750.0, 
            3200.0, 
            3900.0, 
            1050.0, 
            2000.0, 
            875.0, 
            850.0, 
            3450.0, 
            725.0, 
            1100.0, 
            3200.0, 
            1490.0, 
            2500.0, 
            625.0, 
            1425.0, 
            790.0, 
            1700.0, 
            3240.0, 
            2700.0, 
            1500.0, 
            730.0, 
            1400.0, 
            1500.0, 
            1300.0, 
            995.0, 
            600.0, 
            2800.0, 
            1900.0, 
            1430.0, 
            750.0, 
            895.0, 
            1575.0, 
            800.0, 
            1950.0, 
            1400.0, 
            3000.0, 
            1800.0, 
            1375.0, 
            2200.0, 
            1100.0, 
            1100.0, 
            3500.0, 
            1170.0, 
            1200.0, 
            1950.0, 
            3700.0, 
            810.0, 
            650.0, 
            1425.0, 
            900.0, 
            1250.0, 
            1100.0, 
            1700.0, 
            3975.0, 
            1400.0, 
            1200.0, 
            2470.0, 
            1600.0, 
            1045.0, 
            3700.0, 
            1300.0, 
            2995.0, 
            2100.0, 
            850.0, 
            1850.0, 
            1100.0, 
            1500.0, 
            750.0, 
            800.0, 
            1100.0, 
            725.0, 
            3300.0, 
            835.0, 
            950.0, 
            1700.0, 
            750.0, 
            730.0, 
            1500.0, 
            2700.0, 
            1750.0, 
            3300.0, 
            900.0, 
            900.0, 
            1600.0, 
            650.0, 
            1100.0, 
            995.0, 
            2700.0, 
            1500.0, 
            1300.0, 
            1200.0, 
            1850.0, 
            1950.0, 
            1250.0, 
            1100.0, 
            1450.0, 
            3000.0, 
            2450.0, 
            1850.0, 
            1000.0, 
            1250.0, 
            1800.0, 
            1100.0, 
            995.0, 
            1200.0, 
            1300.0, 
            1100.0, 
            3850.0, 
            3200.0, 
            1100.0, 
            1500.0, 
            3950.0, 
            1300.0, 
            1100.0, 
            1200.0, 
            3000.0, 
            850.0, 
            680.0, 
            1000.0, 
            1900.0, 
            1400.0, 
            1200.0, 
            650.0, 
            1935.0, 
            2350.0, 
            950.0, 
            1500.0, 
            1400.0, 
            1900.0, 
            1000.0, 
            3800.0, 
            990.0, 
            1566.0, 
            3000.0, 
            3900.0, 
            1650.0, 
            1200.0, 
            900.0, 
            820.0, 
            750.0, 
            1800.0, 
            780.0, 
            2100.0, 
            1300.0, 
            1800.0, 
            1300.0, 
            1400.0, 
            1650.0, 
            1400.0, 
            1350.0, 
            2500.0, 
            1250.0, 
            870.0, 
            1200.0, 
            890.0, 
            750.0, 
            980.0, 
            950.0, 
            2000.0, 
            850.0, 
            700.0, 
            1300.0, 
            980.0, 
            3100.0, 
            1600.0, 
            550.0, 
            900.0, 
            950.0, 
            1975.0, 
            810.0, 
            1100.0, 
            1300.0, 
            650.0, 
            800.0, 
            1865.0, 
            950.0, 
            995.0, 
            3780.0, 
            1250.0, 
            900.0, 
            850.0, 
            1090.0, 
            2700.0, 
            800.0, 
            650.0, 
            1400.0, 
            950.0, 
            800.0, 
            1500.0, 
            1300.0, 
            2430.0, 
            1100.0, 
            2700.0, 
            900.0, 
            1300.0, 
            700.0, 
            1130.0, 
            3000.0, 
            1067.0, 
            1650.0, 
            2350.0, 
            3630.0, 
            810.0, 
            3990.0, 
            1100.0, 
            1100.0, 
            1400.0, 
            2900.0, 
            795.0, 
            1300.0, 
            1300.0, 
            1350.0, 
            1500.0, 
            900.0, 
            900.0, 
            950.0, 
            2499.0, 
            1490.0, 
            1980.0, 
            1390.0, 
            1500.0, 
            2450.0, 
            2300.0, 
            1390.0, 
            2600.0, 
            1150.0, 
            980.0, 
            1700.0, 
            2700.0, 
            800.0, 
            2600.0, 
            1500.0, 
            2300.0, 
            3000.0, 
            1690.0, 
            1900.0, 
            1200.0, 
            1300.0, 
            1900.0, 
            1000.0, 
            850.0, 
            1900.0, 
            750.0, 
            780.0, 
            1400.0, 
            1300.0, 
            1200.0, 
            1150.0, 
            890.0, 
            850.0, 
            2600.0, 
            975.0, 
            2800.0, 
            1650.0, 
            1700.0, 
            950.0, 
            1950.0, 
            1250.0, 
            745.0, 
            1450.0, 
            900.0, 
            950.0, 
            900.0, 
            690.0, 
            3000.0, 
            950.0, 
            1900.0, 
            750.0, 
            770.0, 
            1500.0, 
            3100.0, 
            1500.0, 
            950.0, 
            800.0, 
            1400.0, 
            2000.0, 
            630.0, 
            1100.0, 
            3500.0, 
            1380.0, 
            2700.0, 
            1000.0, 
            657.0, 
            740.0, 
            2700.0, 
            790.0, 
            1650.0, 
            745.0, 
            2100.0, 
            2650.0, 
            875.0, 
            1950.0, 
            1000.0, 
            1045.0, 
            800.0, 
            1950.0, 
            520.0, 
            1350.0, 
            1100.0, 
            2500.0, 
            850.0, 
            1099.0, 
            1950.0, 
            780.0, 
            2350.0, 
            2000.0, 
            3500.0, 
            3700.0, 
            1700.0, 
            815.0, 
            1275.0, 
            915.0, 
            1300.0, 
            2300.0, 
            1600.0, 
            1900.0, 
            980.0, 
            1700.0, 
            1450.0, 
            1000.0, 
            585.0, 
            1050.0, 
            1250.0, 
            1900.0, 
            2900.0, 
            600.0, 
            2900.0, 
            650.0, 
            950.0, 
            800.0, 
            1390.0, 
            900.0, 
            1000.0, 
            750.0, 
            1700.0, 
            1500.0, 
            1900.0, 
            890.0, 
            800.0, 
            2300.0, 
            1200.0, 
            699.0, 
            1000.0, 
            1850.0, 
            850.0, 
            680.0, 
            1300.0, 
            3500.0, 
            1650.0, 
            990.0, 
            1150.0, 
            1100.0, 
            800.0, 
            1100.0, 
            1300.0, 
            2800.0, 
            750.0, 
            1150.0, 
            3950.0, 
            850.0, 
            1100.0, 
            1500.0, 
            1800.0, 
            850.0, 
            1700.0, 
            2650.0, 
            1300.0, 
            1600.0, 
            1950.0, 
            975.0, 
            4000.0, 
            850.0, 
            815.0, 
            1800.0, 
            3800.0, 
            900.0, 
            900.0, 
            3600.0, 
            960.0, 
            1250.0, 
            820.0, 
            1500.0, 
            1240.0, 
            800.0, 
            3105.0, 
            2200.0, 
            1000.0, 
            2300.0, 
            850.0, 
            2970.0, 
            2100.0, 
            1450.0
        ]
    }, 
    "processed_feature_names": [
        "bathrooms", 
        "floor", 
        "rooms", 
        "size", 
        "dummy:hasLift:True", 
        "dummy:hasLift:N/A", 
        "dummy:propertyType:flat", 
        "dummy:propertyType:penthouse", 
        "dummy:propertyType:studio", 
        "dummy:propertyType:duplex", 
        "dummy:propertyType:N/A", 
        "dummy:municipality:Madrid", 
        "dummy:municipality:Pozuelo de Alarc\u00f3n", 
        "dummy:municipality:Majadahonda", 
        "dummy:municipality:La Moraleja", 
        "dummy:municipality:Alcorc\u00f3n", 
        "dummy:municipality:Legan\u00e9s", 
        "dummy:municipality:Getafe", 
        "dummy:municipality:Boadilla del Monte", 
        "dummy:municipality:Alcobendas", 
        "dummy:municipality:Coslada", 
        "dummy:municipality:San Fernando de Henares", 
        "dummy:municipality:Las Rozas de Madrid", 
        "dummy:municipality:N/A", 
        "dummy:exterior:True", 
        "dummy:exterior:N/A", 
        "dummy:neighborhood:Recoletos", 
        "dummy:neighborhood:Lavapi\u00e9s-Embajadores", 
        "dummy:neighborhood:Castellana", 
        "dummy:neighborhood:Goya", 
        "dummy:neighborhood:Palacio", 
        "dummy:neighborhood:Malasa\u00f1a-Universidad", 
        "dummy:neighborhood:Chueca-Justicia", 
        "dummy:neighborhood:Arg\u00fcelles", 
        "dummy:neighborhood:Trafalgar", 
        "dummy:neighborhood:Lista", 
        "dummy:neighborhood:Bernab\u00e9u-Hispanoam\u00e9rica", 
        "dummy:neighborhood:Almagro", 
        "dummy:neighborhood:Cuzco-Castillejos", 
        "dummy:neighborhood:Huertas-Cortes", 
        "dummy:neighborhood:El Viso", 
        "dummy:neighborhood:Conde Orgaz-Piovera", 
        "dummy:neighborhood:Sanchinarro", 
        "dummy:neighborhood:Castilla", 
        "dummy:neighborhood:Nueva Espa\u00f1a", 
        "dummy:neighborhood:Sol", 
        "dummy:neighborhood:Prosperidad", 
        "dummy:neighborhood:Ibiza", 
        "dummy:neighborhood:Cuatro Caminos", 
        "dummy:neighborhood:Arapiles", 
        "dummy:neighborhood:Las Tablas", 
        "dummy:neighborhood:Ventilla-Almenara", 
        "dummy:neighborhood:Guindalera", 
        "dummy:neighborhood:Nuevos Ministerios-R\u00edos Rosas", 
        "dummy:neighborhood:Aravaca", 
        "dummy:neighborhood:Ciudad Jard\u00edn", 
        "dummy:neighborhood:Costillares", 
        "dummy:neighborhood:Fuente del Berro", 
        "dummy:neighborhood:San Pascual", 
        "dummy:neighborhood:Bellas Vistas", 
        "dummy:neighborhood:Vallehermoso", 
        "dummy:neighborhood:Ensanche de Vallecas - La Gavia", 
        "dummy:neighborhood:Gaztambide", 
        "dummy:neighborhood:Jer\u00f3nimos", 
        "dummy:neighborhood:Pac\u00edfico", 
        "dummy:neighborhood:La Paz", 
        "dummy:neighborhood:Acacias", 
        "dummy:neighborhood:Rejas", 
        "dummy:neighborhood:Legazpi", 
        "dummy:neighborhood:Ni\u00f1o Jes\u00fas", 
        "dummy:neighborhood:Canillas", 
        "dummy:neighborhood:San Juan Bautista", 
        "dummy:neighborhood:Palos de Moguer", 
        "dummy:neighborhood:Valdemar\u00edn", 
        "dummy:neighborhood:Pe\u00f1agrande", 
        "dummy:neighborhood:Pilar", 
        "dummy:neighborhood:Simancas", 
        "dummy:neighborhood:Concepci\u00f3n", 
        "dummy:neighborhood:Valdeacederas", 
        "dummy:neighborhood:Ventas", 
        "dummy:neighborhood:Estrella", 
        "dummy:neighborhood:Pueblo Nuevo", 
        "dummy:neighborhood:Chopera", 
        "dummy:neighborhood:Atalaya", 
        "dummy:neighborhood:Berruguete", 
        "dummy:neighborhood:Comillas", 
        "dummy:neighborhood:Adelfas", 
        "dummy:neighborhood:Tres Olivos - Valverde", 
        "dummy:neighborhood:Valdezarza", 
        "dummy:neighborhood:Pinar del Rey", 
        "dummy:neighborhood:Alameda de Osuna", 
        "dummy:neighborhood:Colina", 
        "dummy:neighborhood:Somosaguas", 
        "dummy:neighborhood:Lucero", 
        "dummy:neighborhood:Imperial", 
        "dummy:neighborhood:Montecarmelo", 
        "dummy:neighborhood:Zona Avenida Europa", 
        "dummy:neighborhood:Delicias", 
        "dummy:neighborhood:Palomas", 
        "dummy:neighborhood:Ciudad Universitaria", 
        "dummy:neighborhood:San Diego", 
        "dummy:neighborhood:Mirasierra", 
        "dummy:neighborhood:Prado de Somosaguas", 
        "dummy:neighborhood:Opa\u00f1el", 
        "dummy:neighborhood:Numancia", 
        "dummy:neighborhood:Vista Alegre", 
        "dummy:neighborhood:Valdebernardo - Valderribas", 
        "dummy:neighborhood:Zona Estaci\u00f3n", 
        "dummy:neighborhood:Zona norte", 
        "dummy:neighborhood:Valdebebas - Valdefuentes", 
        "dummy:neighborhood:Almendrales", 
        "dummy:neighborhood:Rosas", 
        "dummy:neighborhood:Puerta del \u00c1ngel", 
        "dummy:neighborhood:Zof\u00edo", 
        "dummy:neighborhood:Parque Lisboa - La Paz", 
        "dummy:neighborhood:Quintana", 
        "dummy:neighborhood:San Isidro", 
        "dummy:neighborhood:\u00c1guilas", 
        "dummy:neighborhood:Campo de las Naciones-Corralejos", 
        "dummy:neighborhood:Ambroz", 
        "dummy:neighborhood:Casco Hist\u00f3rico de Vallecas", 
        "dummy:neighborhood:Moscard\u00f3", 
        "dummy:neighborhood:Abrantes", 
        "dummy:neighborhood:Canillejas", 
        "dummy:neighborhood:Horcajo", 
        "dummy:neighborhood:Puerta Bonita", 
        "dummy:neighborhood:N/A", 
        "dummy:district:Centro", 
        "dummy:district:Salamanca", 
        "dummy:district:Chamart\u00edn", 
        "dummy:district:Chamber\u00ed", 
        "dummy:district:Tetu\u00e1n", 
        "dummy:district:Hortaleza", 
        "dummy:district:Ciudad Lineal", 
        "dummy:district:Moncloa", 
        "dummy:district:Retiro", 
        "dummy:district:Fuencarral", 
        "dummy:district:Arganzuela", 
        "dummy:district:San Blas", 
        "dummy:district:Carabanchel", 
        "dummy:district:Latina", 
        "dummy:district:Villa de Vallecas", 
        "dummy:district:Usera", 
        "dummy:district:Encinar de los Reyes", 
        "dummy:district:Puente de Vallecas", 
        "dummy:district:Barajas", 
        "dummy:district:Zona Monte el Pilar", 
        "dummy:district:Vic\u00e1lvaro", 
        "dummy:district:Golf - El Carralero", 
        "dummy:district:Zona Prado de Somosaguas - La Finca", 
        "dummy:district:Somosaguas", 
        "dummy:district:Zona Avenida Europa", 
        "dummy:district:El Soto de la Moraleja", 
        "dummy:district:Villaverde", 
        "dummy:district:Moratalaz", 
        "dummy:district:Zona Estaci\u00f3n", 
        "dummy:district:Zona norte", 
        "dummy:district:Parque Lisboa - La Paz", 
        "dummy:district:Valdepastores - Las Encinas", 
        "dummy:district:Urbanizaciones", 
        "dummy:district:Getafe Centro", 
        "dummy:district:Zarzaquemada", 
        "dummy:district:San Nicasio - Campo de Tiro - Solagua", 
        "dummy:district:Zona Pueblo", 
        "dummy:district:Prado de Santo Domingo", 
        "dummy:district:Valdepelayo - Montepinos - Arroyo Culebro", 
        "dummy:district:Casco Antiguo", 
        "dummy:district:Valderas - Los Castillos", 
        "dummy:district:El Bercial", 
        "dummy:district:El Carrascal", 
        "dummy:district:Yucat\u00e1n- Las Cornisas", 
        "dummy:district:Alcobendas Centro", 
        "dummy:district:Fuencasa", 
        "dummy:district:Ensanche", 
        "dummy:district:Arroyo de la Vega", 
        "dummy:district:Valdelacasa", 
        "dummy:district:Universidad", 
        "dummy:district:Zona Carretera del Plant\u00edo", 
        "dummy:district:Urb. este - Montepr\u00edncipe", 
        "dummy:district:El Puerto", 
        "dummy:district:Parque Ondarreta - Urtinsa", 
        "dummy:district:Buenavista", 
        "dummy:district:Valleaguado - La Ca\u00f1ada", 
        "dummy:district:Covibar - Pablo Iglesias", 
        "dummy:district:Las Dehesillas - Vereda de los Estudiantes", 
        "dummy:district:Norte", 
        "dummy:district:Juan de la Cierva", 
        "dummy:district:Getafe norte", 
        "dummy:district:N/A", 
        "dummy:detailedType_typology:flat", 
        "dummy:detailedType_typology:N/A", 
        "dummy:hasParkingSpace:True", 
        "dummy:hasParkingSpace:N/A", 
        "dummy:hasParkingSpace:__Others__"
    ], 
    "regression_performance": {
        "max_error": 1310.3619776575047, 
        "median_error": -24.79840343502451, 
        "error_distribution": [
            {
                "count": 39, 
                "bin_max": -394.27097846287688, 
                "bin_id": 0, 
                "bin_min": -585.56867687194188
            }, 
            {
                "count": 99, 
                "bin_max": -204.86731667172336, 
                "bin_id": 1, 
                "bin_min": -394.27097846287688
            }, 
            {
                "count": 210, 
                "bin_max": -15.463654880569834, 
                "bin_id": 2, 
                "bin_min": -204.86731667172336
            }, 
            {
                "count": 148, 
                "bin_max": 173.94000691058363, 
                "bin_id": 3, 
                "bin_min": -15.463654880569834
            }, 
            {
                "count": 83, 
                "bin_max": 363.3436687017371, 
                "bin_id": 4, 
                "bin_min": 173.94000691058363
            }, 
            {
                "count": 35, 
                "bin_max": 552.74733049289068, 
                "bin_id": 5, 
                "bin_min": 363.3436687017371
            }, 
            {
                "count": 18, 
                "bin_max": 742.15099228404404, 
                "bin_id": 6, 
                "bin_min": 552.74733049289068
            }, 
            {
                "count": 9, 
                "bin_max": 931.55465407519762, 
                "bin_id": 7, 
                "bin_min": 742.15099228404404
            }, 
            {
                "count": 6, 
                "bin_max": 1120.9583158663513, 
                "bin_id": 8, 
                "bin_min": 931.55465407519762
            }, 
            {
                "count": 17, 
                "bin_max": 1310.3619776575047, 
                "bin_id": 9, 
                "bin_min": 1120.9583158663513
            }
        ], 
        "min_error": -583.67464025403035, 
        "average_error": 36.78220396567405, 
        "std_error": 356.54323032905506, 
        "p75_error": 180.1089247148764, 
        "p90_error": 430.3864962866828, 
        "p25_error": -170.2283296207018
    }
}