{
  "state": "DONE",
  "preSearchDescription": {
    "gridLength": 1,
    "importantParams": [
      {
        "name": "alpha",
        "val": "Auto-optimized"
      }
    ]
  },
  "postSearchDescription": {
    "importantParams": [
      {
        "name": "alpha",
        "val": "0.061753977"
      }
    ]
  },
  "sampleWeightsEnabled": false,
  "modelId": "m1",
  "progress": {
    "top_level_todo": [],
    "stack": [],
    "top_level_done": [
      {
        "name": "Loading train set",
        "time": 82
      },
      {
        "name": "Loading test set",
        "time": 22
      },
      {
        "name": "Collecting statistics",
        "time": 19
      },
      {
        "name": "Preprocessing train set",
        "time": 38
      },
      {
        "name": "Preprocessing test set",
        "time": 24
      },
      {
        "name": "Fitting model",
        "time": 418
      },
      {
        "name": "Saving model",
        "time": 1
      },
      {
        "name": "Scoring model",
        "time": 67
      }
    ]
  },
  "startTime": 1545583873274,
  "endTime": 1545583873949,
  "preprocessingTime": 188,
  "trainingTime": 487
}