{
    "modelInputIsSparse": false, 
    "modelInputNRows": 2655, 
    "modelInputNCols": 24, 
    "modelInputMemory": 509760, 
    "lmCoefficients": {
        "interceptStderr": null, 
        "interceptTstat": null, 
        "rescaledInterceptCoef": 198.65305165109282, 
        "rescaledCoefs": [
            275.46357002959303, 
            2.822449083900719, 
            -45.416432154179027, 
            7.5932860360133905, 
            -335.07273967243702, 
            166.47408648037211, 
            86.97298156422427, 
            -154.32132643123396, 
            -62.106065243706851, 
            7.4636924153713844, 
            -211.98339645665399, 
            16.003233350414423, 
            567.2717516671978, 
            -150.77838939378046
        ], 
        "variables": [
            "bathrooms", 
            "floor", 
            "rooms", 
            "size", 
            "dummy:has360:False", 
            "dummy:hasLift:True", 
            "dummy:propertyType:penthouse", 
            "dummy:propertyType:studio", 
            "dummy:propertyType:duplex", 
            "dummy:exterior:True", 
            "dummy:hasPlan:False", 
            "dummy:hasVideo:False", 
            "dummy:detailedType_typology:flat", 
            "dummy:hasParkingSpace:True"
        ], 
        "interceptCoef": 1373.8997740812715, 
        "interceptPvalue": null, 
        "coefs": [
            246.71545558424435, 
            7.6775511540928632, 
            -55.06136661713434, 
            512.05650743463832, 
            -335.07273967243702, 
            166.47408648037211, 
            86.97298156422427, 
            -154.32132643123396, 
            -62.106065243706851, 
            7.4636924153713844, 
            -211.98339645665399, 
            16.003233350414423, 
            567.2717516671978, 
            -150.77838939378046
        ]
    }
}