{
    "metrics": {
        "rmse": 469.457533948444, 
        "pearson": 0.82231207132541706, 
        "mae": 330.04856722987546, 
        "r2": 0.67516394284566239, 
        "mape": 0.2177411673414711, 
        "mse": 220390.37618095442, 
        "evs": 0.67595709084138711, 
        "rmsle": 0.27765360441141274
    }, 
    "scatterPlotData": {
        "y": [
            1703.5942, 
            1836.8544, 
            1932.9813, 
            1505.429, 
            877.9222, 
            1612.1849, 
            1656.0287, 
            1190.5449, 
            1508.9879, 
            2256.8135, 
            1275.031, 
            923.3386, 
            1493.3015, 
            1386.9327, 
            1358.9273, 
            2853.8742, 
            1981.7233, 
            1238.9719, 
            2330.7488, 
            892.9792, 
            2487.6308, 
            1247.337, 
            1220.1462, 
            2249.7004, 
            1993.2264, 
            1130.6016, 
            1214.4672, 
            1905.0027, 
            2702.5219, 
            1002.4735, 
            1751.7133, 
            3203.0717, 
            1100.0989, 
            2091.6815, 
            1135.2429, 
            1633.8775, 
            2274.8755, 
            1359.7691, 
            1642.1301, 
            1735.4126, 
            1936.5935, 
            952.1429, 
            1312.9975, 
            1483.0154, 
            1539.2178, 
            689.8952, 
            1046.6704, 
            2873.9556, 
            2336.7807, 
            2771.5684, 
            1513.7177, 
            2412.4631, 
            1136.2465, 
            3832.6858, 
            957.7042, 
            1364.5722, 
            2060.2217, 
            1361.7498, 
            3139.4815, 
            1084.1678, 
            2543.1959, 
            968.7688, 
            976.9308, 
            932.3021, 
            1146.5327, 
            1370.279, 
            837.8778, 
            2143.0738, 
            1665.4812, 
            2116.5947, 
            1817.3469, 
            2066.0661, 
            4296.0196, 
            1793.4797, 
            1888.5664, 
            1277.9419, 
            1631.666, 
            968.7688, 
            1449.6902, 
            2283.66, 
            855.3786, 
            962.8185, 
            921.7698, 
            2872.1069, 
            1201.9069, 
            1021.91, 
            1127.1987, 
            1051.86, 
            1102.9213, 
            1063.1361, 
            1067.5848, 
            1374.9202, 
            1899.6425, 
            1602.7735, 
            1540.5372, 
            932.3021, 
            1783.2366, 
            664.3868, 
            2694.9183, 
            1782.7061, 
            1669.1647, 
            1141.9051, 
            2220.6388, 
            1676.758, 
            1741.4141, 
            977.7322, 
            1362.4258, 
            1111.6019, 
            1748.6508, 
            2003.3764, 
            1165.7593, 
            1020.6258, 
            1789.0687, 
            2464.4372, 
            3081.6124, 
            1443.1842, 
            2756.9947, 
            1237.0646, 
            2488.7679, 
            1008.2487, 
            978.7359, 
            1100.0989, 
            2836.2046, 
            1575.137, 
            1079.554, 
            810.1838, 
            1800.9428, 
            888.1104, 
            1629.6227, 
            1036.1877, 
            1712.578, 
            2783.6891, 
            3196.5187, 
            1451.8519, 
            970.2822, 
            873.3876, 
            2097.6699, 
            1387.625, 
            978.7359, 
            1664.1025, 
            1570.7537, 
            1074.5096, 
            1285.3078, 
            850.2419, 
            901.3033, 
            1513.6155, 
            4411.6998, 
            1881.059, 
            3291.4593, 
            1354.82, 
            1272.4251, 
            1665.4812, 
            1473.5574, 
            983.1539, 
            1838.2676, 
            1275.2032, 
            1676.4714, 
            913.2188, 
            1425.3185, 
            914.1868, 
            1772.7504, 
            1478.8279, 
            2523.6488, 
            1467.6445, 
            1329.4453, 
            3600.1711, 
            1522.8006, 
            2695.0616, 
            1693.456, 
            2585.554, 
            2293.0978, 
            1887.6671, 
            1348.2436, 
            1450.7672, 
            1100.1059, 
            1925.2622, 
            1069.9986, 
            1047.2324, 
            1096.4887, 
            1024.166, 
            1639.5224, 
            1081.3721, 
            1016.7023, 
            826.9539, 
            1114.698, 
            1103.0646, 
            2205.2071, 
            1164.1263, 
            3307.4625, 
            1073.4222, 
            1024.166, 
            1665.8376, 
            1385.8256, 
            1966.3468, 
            1135.2429, 
            1190.9459, 
            1958.7799, 
            1855.5588, 
            1775.6314, 
            863.3368, 
            940.8531, 
            1000.785, 
            908.4479, 
            834.687, 
            974.9824, 
            1218.2837, 
            1163.6676, 
            4411.6998, 
            945.8475, 
            2562.6451, 
            1892.2946, 
            1291.2349, 
            2006.1939, 
            891.0308, 
            1066.3288, 
            876.2101, 
            1521.0655, 
            1689.6526, 
            977.8885, 
            1061.4017, 
            2143.1437, 
            1166.4331, 
            980.698, 
            2022.5122, 
            1500.7911, 
            3795.6512, 
            1644.3326, 
            1130.6016, 
            1954.5436, 
            665.77, 
            987.2869, 
            2276.9278, 
            1548.6162, 
            1561.0983, 
            1579.19, 
            1265.3461, 
            1598.0776, 
            1560.767, 
            1579.2622, 
            880.9809, 
            1242.7095, 
            863.846, 
            1295.4472, 
            1131.7026, 
            1003.6074, 
            1251.349, 
            1029.8109, 
            943.5415, 
            2487.6308, 
            1343.2316, 
            1288.8567, 
            845.6144, 
            1249.4287, 
            2127.7412, 
            1059.5829, 
            1576.6751, 
            1677.9919, 
            1041.5147, 
            735.3253, 
            2195.4024, 
            1388.1938, 
            945.4107, 
            887.4869, 
            2150.5238, 
            3412.7686, 
            1550.4946, 
            994.644, 
            1573.6473, 
            1181.6766, 
            2888.6568, 
            1272.4251, 
            1297.2523, 
            996.7449, 
            2506.3168, 
            4423.7642, 
            1088.0213, 
            2108.1436, 
            895.9449, 
            1162.1354, 
            2595.8588, 
            1026.9885, 
            1863.9246, 
            2803.3817, 
            1594.1059, 
            2335.3318, 
            773.2917, 
            1478.4715, 
            926.1748, 
            1926.9085, 
            2105.3212, 
            2506.5315, 
            1646.3437, 
            921.5472, 
            1282.0172, 
            1283.4847, 
            1629.1066, 
            1097.2764, 
            796.0716, 
            1584.0056, 
            1590.5657, 
            1589.5484, 
            885.762, 
            793.8981, 
            1439.2609, 
            751.5155, 
            2377.704, 
            1467.1817, 
            3574.5186, 
            1808.4296, 
            1169.4558, 
            1821.9045, 
            1396.8938, 
            1742.3325, 
            3505.0706, 
            1161.118, 
            1086.9181, 
            1585.6386, 
            2771.8111, 
            1029.8901, 
            763.3954, 
            1470.8782, 
            1140.8878, 
            1042.175, 
            1158.3093, 
            2028.2645, 
            4826.5221, 
            1235.6547, 
            885.3859, 
            1271.5663, 
            1552.0721, 
            1004.2086, 
            1694.9666, 
            278.3989, 
            1484.6411, 
            1588.461, 
            937.947, 
            1517.4286, 
            1515.9245, 
            1446.15, 
            981.411, 
            1439.4178, 
            1307.0937, 
            921.5472, 
            1904.1895, 
            1384.5296, 
            1647.155, 
            1817.3469, 
            761.5766, 
            1557.8942, 
            975.2699, 
            1749.368, 
            1144.7276, 
            2643.5993, 
            1203.7257, 
            863.846, 
            1910.0582, 
            889.212, 
            1161.7192, 
            1250.5193, 
            2809.5451, 
            1345.5459, 
            1894.7782, 
            1086.8037, 
            1357.3214, 
            1670.1088, 
            1424.1009, 
            1108.5662, 
            1365.5572, 
            2283.66, 
            2599.9021, 
            1728.2211, 
            978.8196, 
            1427.1236, 
            1393.0588, 
            798.6186, 
            1128.5007, 
            915.9116, 
            1513.9269, 
            1525.6231, 
            2192.6297, 
            2003.2693, 
            1209.3706, 
            1560.9677, 
            2213.3043, 
            1004.9301, 
            1727.5469, 
            1462.835, 
            2400.8849, 
            812.2618, 
            1009.4382, 
            879.7166, 
            1661.8631, 
            1401.424, 
            1037.6771, 
            1024.166, 
            1885.4732, 
            2038.9267, 
            984.4645, 
            1637.0749, 
            1555.1221, 
            1668.3928, 
            1468.1991, 
            3609.9174, 
            984.3808, 
            1506.5219, 
            2535.4149, 
            1968.4955, 
            1098.2801, 
            1258.1092, 
            1203.7257, 
            982.6594, 
            874.405, 
            1576.4535, 
            1108.8528, 
            1639.107, 
            1216.9135, 
            1612.1279, 
            1422.0358, 
            1666.3012, 
            1785.5285, 
            1556.1395, 
            1548.6162, 
            1893.2798, 
            1436.5816, 
            1420.5477, 
            1179.5284, 
            1168.6839, 
            947.0063, 
            1151.3035, 
            1379.6155, 
            1512.8037, 
            1055.6998, 
            1103.2779, 
            1082.0899, 
            944.7602, 
            2148.5727, 
            1157.2213, 
            885.3859, 
            1127.7929, 
            1214.1415, 
            2422.4205, 
            1030.8852, 
            1093.6525, 
            1783.2366, 
            855.8868, 
            941.7272, 
            1852.2776, 
            1337.8716, 
            1325.082, 
            1923.5338, 
            1333.449, 
            851.4921, 
            758.378, 
            982.7266, 
            2914.5268, 
            1028.0058, 
            766.2179, 
            1855.0509, 
            1751.1023, 
            973.4878, 
            1285.3035, 
            893.345, 
            1430.5304, 
            1669.0388, 
            1936.7922, 
            1126.0762, 
            1760.3863, 
            981.5216, 
            1343.5975, 
            1823.7226, 
            1536.2521, 
            2197.6013, 
            2476.8899, 
            1579.7348, 
            755.8006, 
            3131.3742, 
            627.4241, 
            1328.9148, 
            308.9153, 
            2276.9278, 
            1133.7106, 
            1076.7178, 
            1400.447, 
            1156.4905, 
            1708.5783, 
            933.7681, 
            1073.5518, 
            1054.7524, 
            2935.604, 
            1345.4212, 
            1907.3221, 
            1192.3652, 
            1483.0991, 
            2042.3552, 
            1936.3069, 
            1542.5578, 
            2189.5348, 
            1037.1318, 
            1054.6688, 
            1443.3275, 
            1925.4017, 
            1419.1645, 
            2163.7095, 
            1745.2435, 
            1846.4895, 
            2426.7412, 
            2181.8488, 
            1206.543, 
            971.8871, 
            1581.1832, 
            2777.6567, 
            962.8185, 
            815.0979, 
            2334.223, 
            1263.7001, 
            580.9903, 
            1250.1595, 
            837.5095, 
            1266.8308, 
            1164.9578, 
            846.0109, 
            825.0651, 
            2321.3356, 
            798.5394, 
            3044.8249, 
            1893.2798, 
            1599.2366, 
            1103.9387, 
            2021.0846, 
            1421.4787, 
            1440.2125, 
            1634.9648, 
            1116.4461, 
            2105.9159, 
            1037.4042, 
            886.8857, 
            2623.8767, 
            1103.925, 
            1962.2125, 
            969.0646, 
            756.8894, 
            1098.8184, 
            2028.1674, 
            1515.4392, 
            1751.1023, 
            1140.6196, 
            1436.5816, 
            2030.7341, 
            1039.3526, 
            1561.2258, 
            2275.6233, 
            1032.6334, 
            2032.3211, 
            1059.0816, 
            976.4707, 
            1054.6824, 
            2373.4197, 
            1449.6902, 
            1383.0032, 
            1052.8773, 
            2419.7105, 
            1559.0319, 
            1054.6688, 
            2530.6885, 
            986.4129, 
            1004.2086, 
            845.1804, 
            2183.9299, 
            658.3181, 
            1941.9518, 
            1536.7552, 
            1913.2278, 
            1123.1653, 
            1204.9699, 
            1680.4545, 
            813.8555, 
            1957.7184, 
            2108.1436, 
            3380.305, 
            3199.1404, 
            1649.0667, 
            1052.3905, 
            1294.2562, 
            1409.9887, 
            1187.0361, 
            1759.2098, 
            1611.1003, 
            2117.2456, 
            778.2861, 
            1731.1601, 
            1807.7923, 
            982.7266, 
            764.0229, 
            998.2058, 
            1297.226, 
            1741.3441, 
            3022.9026, 
            736.3289, 
            2072.6061, 
            695.5401, 
            1203.7257, 
            1045.1408, 
            1372.7394, 
            1224.7005, 
            1068.2805, 
            1136.2602, 
            1182.6803, 
            1089.8264, 
            1685.2254, 
            1032.6334, 
            554.184, 
            2543.0526, 
            1128.7965, 
            949.3205, 
            1021.3436, 
            1651.9614, 
            1055.4132, 
            717.9653, 
            1478.3282, 
            4690.6389, 
            1912.2738, 
            1291.166, 
            1175.2859, 
            1265.4161, 
            1000.3118, 
            1145.8019, 
            976.0567, 
            1998.7439, 
            950.4051, 
            1214.9254, 
            3390.6794, 
            1233.5056, 
            1631.055, 
            804.7275, 
            1735.6855, 
            985.4818, 
            1190.144, 
            1673.0745, 
            1783.2366, 
            1735.4126, 
            2021.0846, 
            1603.6606, 
            3212.5219, 
            1112.65, 
            829.7996, 
            1286.423, 
            3109.1083, 
            1037.2516, 
            1026.9885, 
            2353.0924, 
            1090.8438, 
            1691.2301, 
            1379.7588, 
            1826.9564, 
            1465.9641, 
            842.1404, 
            1893.0173, 
            1743.1492, 
            1222.8127, 
            2620.7336, 
            1208.8667, 
            1925.1516, 
            2471.1728, 
            1559.1752
        ], 
        "x": [
            1700.0, 
            1500.0, 
            1900.0, 
            1202.0, 
            1150.0, 
            1550.0, 
            3400.0, 
            1200.0, 
            1600.0, 
            3500.0, 
            850.0, 
            600.0, 
            1200.0, 
            800.0, 
            1400.0, 
            3500.0, 
            1800.0, 
            725.0, 
            3645.0, 
            1000.0, 
            2400.0, 
            1500.0, 
            920.0, 
            1400.0, 
            2900.0, 
            1000.0, 
            1100.0, 
            1650.0, 
            3600.0, 
            1100.0, 
            3240.0, 
            2400.0, 
            850.0, 
            2000.0, 
            1250.0, 
            2200.0, 
            3105.0, 
            950.0, 
            1700.0, 
            1650.0, 
            2300.0, 
            850.0, 
            1125.0, 
            1200.0, 
            1000.0, 
            750.0, 
            900.0, 
            3800.0, 
            2150.0, 
            2950.0, 
            1700.0, 
            2300.0, 
            925.0, 
            2600.0, 
            1300.0, 
            1200.0, 
            1300.0, 
            1100.0, 
            2850.0, 
            900.0, 
            2400.0, 
            1200.0, 
            1200.0, 
            950.0, 
            1350.0, 
            1650.0, 
            800.0, 
            2100.0, 
            1350.0, 
            1800.0, 
            1650.0, 
            3500.0, 
            3850.0, 
            1850.0, 
            2400.0, 
            900.0, 
            2845.0, 
            975.0, 
            770.0, 
            3000.0, 
            900.0, 
            800.0, 
            680.0, 
            2800.0, 
            1250.0, 
            800.0, 
            2600.0, 
            900.0, 
            1000.0, 
            850.0, 
            1600.0, 
            1500.0, 
            1850.0, 
            1500.0, 
            1350.0, 
            950.0, 
            1300.0, 
            650.0, 
            2600.0, 
            1400.0, 
            1900.0, 
            785.0, 
            1550.0, 
            1250.0, 
            3300.0, 
            700.0, 
            2400.0, 
            1060.0, 
            1500.0, 
            1910.0, 
            1100.0, 
            1400.0, 
            1200.0, 
            2650.0, 
            3000.0, 
            1240.0, 
            2800.0, 
            1500.0, 
            2800.0, 
            1150.0, 
            1000.0, 
            900.0, 
            1950.0, 
            1800.0, 
            1200.0, 
            1090.0, 
            3000.0, 
            1900.0, 
            2400.0, 
            1200.0, 
            1750.0, 
            3000.0, 
            4000.0, 
            1250.0, 
            1000.0, 
            700.0, 
            2000.0, 
            975.0, 
            825.0, 
            1100.0, 
            1300.0, 
            950.0, 
            1500.0, 
            750.0, 
            850.0, 
            1250.0, 
            4000.0, 
            2200.0, 
            4000.0, 
            900.0, 
            1200.0, 
            1350.0, 
            1300.0, 
            1150.0, 
            1580.0, 
            1300.0, 
            1900.0, 
            900.0, 
            1250.0, 
            650.0, 
            1300.0, 
            1400.0, 
            2400.0, 
            1500.0, 
            1100.0, 
            3500.0, 
            1390.0, 
            3400.0, 
            1950.0, 
            3700.0, 
            1550.0, 
            1650.0, 
            1600.0, 
            1150.0, 
            900.0, 
            1399.0, 
            1000.0, 
            675.0, 
            650.0, 
            800.0, 
            1400.0, 
            1130.0, 
            1300.0, 
            900.0, 
            850.0, 
            900.0, 
            2500.0, 
            1300.0, 
            4000.0, 
            950.0, 
            850.0, 
            1275.0, 
            1400.0, 
            1600.0, 
            1250.0, 
            1035.0, 
            1250.0, 
            1690.0, 
            1850.0, 
            850.0, 
            950.0, 
            850.0, 
            700.0, 
            900.0, 
            1800.0, 
            1600.0, 
            1600.0, 
            4000.0, 
            950.0, 
            2700.0, 
            2700.0, 
            1590.0, 
            2700.0, 
            575.0, 
            1300.0, 
            1500.0, 
            1260.0, 
            1600.0, 
            1150.0, 
            850.0, 
            2000.0, 
            1400.0, 
            690.0, 
            1700.0, 
            1400.0, 
            2500.0, 
            1890.0, 
            1200.0, 
            1850.0, 
            720.0, 
            900.0, 
            1150.0, 
            1350.0, 
            1350.0, 
            1250.0, 
            1000.0, 
            1900.0, 
            1400.0, 
            1600.0, 
            800.0, 
            850.0, 
            900.0, 
            1250.0, 
            1100.0, 
            1100.0, 
            1500.0, 
            1100.0, 
            950.0, 
            2400.0, 
            700.0, 
            1700.0, 
            750.0, 
            900.0, 
            1865.0, 
            700.0, 
            1590.0, 
            900.0, 
            1100.0, 
            650.0, 
            2600.0, 
            1400.0, 
            800.0, 
            850.0, 
            1850.0, 
            2800.0, 
            1500.0, 
            850.0, 
            1400.0, 
            1550.0, 
            3300.0, 
            1200.0, 
            1355.0, 
            750.0, 
            3200.0, 
            3900.0, 
            1050.0, 
            2000.0, 
            875.0, 
            850.0, 
            3450.0, 
            725.0, 
            1100.0, 
            3200.0, 
            1490.0, 
            2500.0, 
            625.0, 
            1425.0, 
            790.0, 
            1700.0, 
            3240.0, 
            2700.0, 
            1500.0, 
            730.0, 
            1400.0, 
            1500.0, 
            1300.0, 
            995.0, 
            600.0, 
            2800.0, 
            1900.0, 
            1430.0, 
            750.0, 
            895.0, 
            1575.0, 
            800.0, 
            1950.0, 
            1400.0, 
            3000.0, 
            1800.0, 
            1375.0, 
            2200.0, 
            1100.0, 
            1100.0, 
            3500.0, 
            1170.0, 
            1200.0, 
            1950.0, 
            3700.0, 
            810.0, 
            650.0, 
            1425.0, 
            900.0, 
            1250.0, 
            1100.0, 
            1700.0, 
            3975.0, 
            1400.0, 
            1200.0, 
            2470.0, 
            1600.0, 
            1045.0, 
            3700.0, 
            1300.0, 
            2995.0, 
            2100.0, 
            850.0, 
            1850.0, 
            1100.0, 
            1500.0, 
            750.0, 
            800.0, 
            1100.0, 
            725.0, 
            3300.0, 
            835.0, 
            950.0, 
            1700.0, 
            750.0, 
            730.0, 
            1500.0, 
            2700.0, 
            1750.0, 
            3300.0, 
            900.0, 
            900.0, 
            1600.0, 
            650.0, 
            1100.0, 
            995.0, 
            2700.0, 
            1500.0, 
            1300.0, 
            1200.0, 
            1850.0, 
            1950.0, 
            1250.0, 
            1100.0, 
            1450.0, 
            3000.0, 
            2450.0, 
            1850.0, 
            1000.0, 
            1250.0, 
            1800.0, 
            1100.0, 
            995.0, 
            1200.0, 
            1300.0, 
            1100.0, 
            3850.0, 
            3200.0, 
            1100.0, 
            1500.0, 
            3950.0, 
            1300.0, 
            1100.0, 
            1200.0, 
            3000.0, 
            850.0, 
            680.0, 
            1000.0, 
            1900.0, 
            1400.0, 
            1200.0, 
            650.0, 
            1935.0, 
            2350.0, 
            950.0, 
            1500.0, 
            1400.0, 
            1900.0, 
            1000.0, 
            3800.0, 
            990.0, 
            1566.0, 
            3000.0, 
            3900.0, 
            1650.0, 
            1200.0, 
            900.0, 
            820.0, 
            750.0, 
            1800.0, 
            780.0, 
            2100.0, 
            1300.0, 
            1800.0, 
            1300.0, 
            1400.0, 
            1650.0, 
            1400.0, 
            1350.0, 
            2500.0, 
            1250.0, 
            870.0, 
            1200.0, 
            890.0, 
            750.0, 
            980.0, 
            950.0, 
            2000.0, 
            850.0, 
            700.0, 
            1300.0, 
            980.0, 
            3100.0, 
            1600.0, 
            550.0, 
            900.0, 
            950.0, 
            1975.0, 
            810.0, 
            1100.0, 
            1300.0, 
            650.0, 
            800.0, 
            1865.0, 
            950.0, 
            995.0, 
            3780.0, 
            1250.0, 
            900.0, 
            850.0, 
            1090.0, 
            2700.0, 
            800.0, 
            650.0, 
            1400.0, 
            950.0, 
            800.0, 
            1500.0, 
            1300.0, 
            2430.0, 
            1100.0, 
            2700.0, 
            900.0, 
            1300.0, 
            700.0, 
            1130.0, 
            3000.0, 
            1067.0, 
            1650.0, 
            2350.0, 
            3630.0, 
            810.0, 
            3990.0, 
            1100.0, 
            1100.0, 
            1400.0, 
            2900.0, 
            795.0, 
            1300.0, 
            1300.0, 
            1350.0, 
            1500.0, 
            900.0, 
            900.0, 
            950.0, 
            2499.0, 
            1490.0, 
            1980.0, 
            1390.0, 
            1500.0, 
            2450.0, 
            2300.0, 
            1390.0, 
            2600.0, 
            1150.0, 
            980.0, 
            1700.0, 
            2700.0, 
            800.0, 
            2600.0, 
            1500.0, 
            2300.0, 
            3000.0, 
            1690.0, 
            1900.0, 
            1200.0, 
            1300.0, 
            1900.0, 
            1000.0, 
            850.0, 
            1900.0, 
            750.0, 
            780.0, 
            1400.0, 
            1300.0, 
            1200.0, 
            1150.0, 
            890.0, 
            850.0, 
            2600.0, 
            975.0, 
            2800.0, 
            1650.0, 
            1700.0, 
            950.0, 
            1950.0, 
            1250.0, 
            745.0, 
            1450.0, 
            900.0, 
            950.0, 
            900.0, 
            690.0, 
            3000.0, 
            950.0, 
            1900.0, 
            750.0, 
            770.0, 
            1500.0, 
            3100.0, 
            1500.0, 
            950.0, 
            800.0, 
            1400.0, 
            2000.0, 
            630.0, 
            1100.0, 
            3500.0, 
            1380.0, 
            2700.0, 
            1000.0, 
            657.0, 
            740.0, 
            2700.0, 
            790.0, 
            1650.0, 
            745.0, 
            2100.0, 
            2650.0, 
            875.0, 
            1950.0, 
            1000.0, 
            1045.0, 
            800.0, 
            1950.0, 
            520.0, 
            1350.0, 
            1100.0, 
            2500.0, 
            850.0, 
            1099.0, 
            1950.0, 
            780.0, 
            2350.0, 
            2000.0, 
            3500.0, 
            3700.0, 
            1700.0, 
            815.0, 
            1275.0, 
            915.0, 
            1300.0, 
            2300.0, 
            1600.0, 
            1900.0, 
            980.0, 
            1700.0, 
            1450.0, 
            1000.0, 
            585.0, 
            1050.0, 
            1250.0, 
            1900.0, 
            2900.0, 
            600.0, 
            2900.0, 
            650.0, 
            950.0, 
            800.0, 
            1390.0, 
            900.0, 
            1000.0, 
            750.0, 
            1700.0, 
            1500.0, 
            1900.0, 
            890.0, 
            800.0, 
            2300.0, 
            1200.0, 
            699.0, 
            1000.0, 
            1850.0, 
            850.0, 
            680.0, 
            1300.0, 
            3500.0, 
            1650.0, 
            990.0, 
            1150.0, 
            1100.0, 
            800.0, 
            1100.0, 
            1300.0, 
            2800.0, 
            750.0, 
            1150.0, 
            3950.0, 
            850.0, 
            1100.0, 
            1500.0, 
            1800.0, 
            850.0, 
            1700.0, 
            2650.0, 
            1300.0, 
            1600.0, 
            1950.0, 
            975.0, 
            4000.0, 
            850.0, 
            815.0, 
            1800.0, 
            3800.0, 
            900.0, 
            900.0, 
            3600.0, 
            960.0, 
            1250.0, 
            820.0, 
            1500.0, 
            1240.0, 
            800.0, 
            3105.0, 
            2200.0, 
            1000.0, 
            2300.0, 
            850.0, 
            2970.0, 
            2100.0, 
            1450.0
        ]
    }, 
    "processed_feature_names": [
        "bathrooms", 
        "floor", 
        "rooms", 
        "size", 
        "dummy:has360:False", 
        "dummy:has360:N/A", 
        "dummy:hasLift:True", 
        "dummy:hasLift:N/A", 
        "dummy:propertyType:flat", 
        "dummy:propertyType:penthouse", 
        "dummy:propertyType:studio", 
        "dummy:propertyType:duplex", 
        "dummy:propertyType:N/A", 
        "dummy:exterior:True", 
        "dummy:exterior:N/A", 
        "dummy:hasPlan:False", 
        "dummy:hasPlan:N/A", 
        "dummy:hasVideo:False", 
        "dummy:hasVideo:N/A", 
        "dummy:detailedType_typology:flat", 
        "dummy:detailedType_typology:N/A", 
        "dummy:hasParkingSpace:True", 
        "dummy:hasParkingSpace:N/A", 
        "dummy:hasParkingSpace:__Others__"
    ], 
    "regression_performance": {
        "max_error": 1296.7418945614718, 
        "median_error": -66.29505521273165, 
        "error_distribution": [
            {
                "count": 37, 
                "bin_max": -567.22677069555027, 
                "bin_id": 0, 
                "bin_min": -776.40547646328275
            }, 
            {
                "count": 53, 
                "bin_max": -360.11914122254785, 
                "bin_id": 1, 
                "bin_min": -567.22677069555027
            }, 
            {
                "count": 159, 
                "bin_max": -153.01151174954543, 
                "bin_id": 2, 
                "bin_min": -360.11914122254785
            }, 
            {
                "count": 183, 
                "bin_max": 54.096117723457041, 
                "bin_id": 3, 
                "bin_min": -153.01151174954543
            }, 
            {
                "count": 92, 
                "bin_max": 261.20374719645952, 
                "bin_id": 4, 
                "bin_min": 54.096117723457041
            }, 
            {
                "count": 52, 
                "bin_max": 468.31137666946188, 
                "bin_id": 5, 
                "bin_min": 261.20374719645952
            }, 
            {
                "count": 25, 
                "bin_max": 675.41900614246447, 
                "bin_id": 6, 
                "bin_min": 468.31137666946188
            }, 
            {
                "count": 22, 
                "bin_max": 882.52663561546683, 
                "bin_id": 7, 
                "bin_min": 675.41900614246447
            }, 
            {
                "count": 13, 
                "bin_max": 1089.6342650884692, 
                "bin_id": 8, 
                "bin_min": 882.52663561546683
            }, 
            {
                "count": 28, 
                "bin_max": 1296.7418945614718, 
                "bin_id": 9, 
                "bin_min": 1089.6342650884692
            }
        ], 
        "min_error": -774.33440016855275, 
        "average_error": 19.637922415862068, 
        "std_error": 435.15158298368226, 
        "p75_error": 206.11439246039237, 
        "p90_error": 623.5746139450667, 
        "p25_error": -239.86370556818156
    }
}