{
  "state": "DONE",
  "preSearchDescription": {
    "gridLength": 1,
    "importantParams": [
      {
        "name": "alpha",
        "val": "Auto-optimized"
      }
    ]
  },
  "postSearchDescription": {
    "importantParams": [
      {
        "name": "alpha",
        "val": "0.012407813"
      }
    ]
  },
  "sampleWeightsEnabled": false,
  "modelId": "m1",
  "progress": {
    "top_level_todo": [],
    "stack": [],
    "top_level_done": [
      {
        "name": "Loading train set",
        "time": 32
      },
      {
        "name": "Loading test set",
        "time": 14
      },
      {
        "name": "Collecting statistics",
        "time": 30
      },
      {
        "name": "Preprocessing train set",
        "time": 35
      },
      {
        "name": "Preprocessing test set",
        "time": 27
      },
      {
        "name": "Fitting model",
        "time": 67
      },
      {
        "name": "Saving model",
        "time": 1
      },
      {
        "name": "Scoring model",
        "time": 30
      }
    ]
  },
  "startTime": 1544048754990,
  "endTime": 1544048755229,
  "preprocessingTime": 141,
  "trainingTime": 98
}