[
    {
        "parameters": {
            "alpha": 3.0
        }, 
        "score_time": 0, 
        "test_score": 0.48725532461383725, 
        "fit_time": 8, 
        "num_samples": 885, 
        "best_iteration": null, 
        "train_score": 0.47831743089900003, 
        "parameter_id": 2, 
        "time": 8, 
        "done_at": 1544048213880, 
        "grid_point_id": "{\"alpha\": 3.0}@0"
    }, 
    {
        "parameters": {
            "alpha": 0.1
        }, 
        "score_time": 2, 
        "test_score": 0.7055900713173644, 
        "fit_time": 4, 
        "num_samples": 885, 
        "best_iteration": null, 
        "train_score": 0.7461092973922376, 
        "parameter_id": 0, 
        "time": 6, 
        "done_at": 1544048213851, 
        "grid_point_id": "{\"alpha\": 0.1}@1"
    }, 
    {
        "parameters": {
            "alpha": 1.0
        }, 
        "score_time": 2, 
        "test_score": 0.6333478958835959, 
        "fit_time": 2, 
        "num_samples": 885, 
        "best_iteration": null, 
        "train_score": 0.6377190279437, 
        "parameter_id": 1, 
        "time": 4, 
        "done_at": 1544048213870, 
        "grid_point_id": "{\"alpha\": 1.0}@2"
    }, 
    {
        "parameters": {
            "alpha": 0.1
        }, 
        "score_time": 1, 
        "test_score": 0.744319559558941, 
        "fit_time": 10, 
        "num_samples": 885, 
        "best_iteration": null, 
        "train_score": 0.7257274516715186, 
        "parameter_id": 0, 
        "time": 11, 
        "done_at": 1544048213855, 
        "grid_point_id": "{\"alpha\": 0.1}@0"
    }, 
    {
        "parameters": {
            "alpha": 1.0
        }, 
        "score_time": 2, 
        "test_score": 0.6349533034856991, 
        "fit_time": 3, 
        "num_samples": 885, 
        "best_iteration": null, 
        "train_score": 0.6574597934948158, 
        "parameter_id": 1, 
        "time": 5, 
        "done_at": 1544048213867, 
        "grid_point_id": "{\"alpha\": 1.0}@1"
    }, 
    {
        "parameters": {
            "alpha": 1.0
        }, 
        "score_time": 1, 
        "test_score": 0.6470231117375749, 
        "fit_time": 2, 
        "num_samples": 885, 
        "best_iteration": null, 
        "train_score": 0.6321298708524509, 
        "parameter_id": 1, 
        "time": 3, 
        "done_at": 1544048213859, 
        "grid_point_id": "{\"alpha\": 1.0}@0"
    }, 
    {
        "parameters": {
            "alpha": 3.0
        }, 
        "score_time": 0, 
        "test_score": 0.47378087861635776, 
        "fit_time": 4, 
        "num_samples": 885, 
        "best_iteration": null, 
        "train_score": 0.48485272303306004, 
        "parameter_id": 2, 
        "time": 4, 
        "done_at": 1544048213879, 
        "grid_point_id": "{\"alpha\": 3.0}@2"
    }, 
    {
        "parameters": {
            "alpha": 0.1
        }, 
        "score_time": 5, 
        "test_score": 0.7345172733861898, 
        "fit_time": 2, 
        "num_samples": 885, 
        "best_iteration": null, 
        "train_score": 0.7292563270143286, 
        "parameter_id": 0, 
        "time": 7, 
        "done_at": 1544048213855, 
        "grid_point_id": "{\"alpha\": 0.1}@2"
    }, 
    {
        "parameters": {
            "alpha": 3.0
        }, 
        "score_time": 3, 
        "test_score": 0.4946706724524078, 
        "fit_time": 2, 
        "num_samples": 885, 
        "best_iteration": null, 
        "train_score": 0.5017857069755312, 
        "parameter_id": 2, 
        "time": 5, 
        "done_at": 1544048213876, 
        "grid_point_id": "{\"alpha\": 3.0}@1"
    }
]