{
    "gridSize": 3, 
    "nThreads": 4, 
    "metric": "R2", 
    "gridPoints": [
        {
            "index": 0, 
            "finishedAt": 1544048213855.0, 
            "score": 0.72814230142083169, 
            "parameters": {
                "alpha": 0.1
            }, 
            "time": 24.0
        }, 
        {
            "index": 1, 
            "finishedAt": 1544048213870.0, 
            "score": 0.63844143703562328, 
            "parameters": {
                "alpha": 1.0
            }, 
            "time": 12.0
        }, 
        {
            "index": 2, 
            "finishedAt": 1544048213880.0, 
            "score": 0.48523562522753422, 
            "parameters": {
                "alpha": 3.0
            }, 
            "time": 17.0
        }
    ], 
    "startedAt": 1544048213840, 
    "nSplits": 3
}