{
    "usedGridSearch": true, 
    "gridSize": 3, 
    "modelInputNRows": 2655, 
    "modelInputNCols": 25, 
    "modelInputMemory": 531000, 
    "gridCells": [
        {
            "scoreTimeStd": 0.001699673171197595, 
            "scoreTime": 0.0026666666666666666, 
            "fitTime": 0.0053333333333333332, 
            "score": 0.72814230142083169, 
            "params": {
                "alpha": 0.1
            }, 
            "fitTimeStd": 0.00339934634239519, 
            "scoreStd": 0.016441279664976025
        }, 
        {
            "scoreTimeStd": 0.00047140452079103169, 
            "scoreTime": 0.0016666666666666668, 
            "fitTime": 0.0023333333333333335, 
            "score": 0.63844143703562328, 
            "params": {
                "alpha": 1.0
            }, 
            "fitTimeStd": 0.00047140452079103169, 
            "scoreStd": 0.0061034519691624614
        }, 
        {
            "scoreTimeStd": 0.001414213562373095, 
            "scoreTime": 0.001, 
            "fitTime": 0.0046666666666666671, 
            "score": 0.48523562522753422, 
            "params": {
                "alpha": 3.0
            }, 
            "fitTimeStd": 0.0024944382578492943, 
            "scoreStd": 0.0086469748404261072
        }
    ], 
    "lmCoefficients": {
        "interceptStderr": null, 
        "interceptTstat": null, 
        "rescaledInterceptCoef": 797.68696799386225, 
        "rescaledCoefs": [
            269.7106375176449, 
            -0.058353575102830318, 
            1.3751761174079393, 
            51.52234822326124, 
            5.3862233643281261, 
            -298.78993905622178, 
            166.39376393352609, 
            -5.771873890764482, 
            111.17020906164282, 
            -88.102798764879296, 
            16.45735790124786, 
            68.257236920112618, 
            -176.61841691180257, 
            24.142766702451272, 
            91.766215094594727, 
            32.383169823890846, 
            -32.383169823890846
        ], 
        "variables": [
            "bathrooms", 
            "distance", 
            "floor", 
            "rooms", 
            "size", 
            "dummy:has360:False", 
            "dummy:hasLift:True", 
            "dummy:propertyType:flat", 
            "dummy:propertyType:penthouse", 
            "dummy:propertyType:studio", 
            "dummy:propertyType:duplex", 
            "dummy:exterior:True", 
            "dummy:hasPlan:False", 
            "dummy:hasVideo:False", 
            "dummy:detailedType_typology:flat", 
            "dummy:hasParkingSpace:True", 
            "dummy:hasParkingSpace:__Others__"
        ], 
        "interceptCoef": 1680.8833485382927, 
        "interceptPvalue": null, 
        "coefs": [
            241.56291448605771, 
            -195.28051387692577, 
            3.7407176085156437, 
            62.463975480636883, 
            363.22228757350132, 
            -298.78993905622178, 
            166.39376393352609, 
            -5.771873890764482, 
            111.17020906164282, 
            -88.102798764879296, 
            16.45735790124786, 
            68.257236920112618, 
            -176.61841691180257, 
            24.142766702451272, 
            91.766215094594727, 
            32.383169823890846, 
            -32.383169823890846
        ]
    }, 
    "gridBestScore": 0.72814230142083169, 
    "modelInputIsSparse": false
}