{
    "metrics": {
        "rmse": 437.76650715280323, 
        "pearson": 0.84997064666311062, 
        "mae": 306.95562409200636, 
        "r2": 0.71754018729682989, 
        "mape": 0.2005175041951568, 
        "mse": 191639.51478476534, 
        "evs": 0.71942645117745052, 
        "rmsle": 0.254887604819146
    }, 
    "scatterPlotData": {
        "y": [
            1750.6788, 
            1730.3898, 
            1945.4497, 
            1400.4278, 
            859.4289, 
            1514.0362, 
            1708.2989, 
            1335.8912, 
            1848.042, 
            2408.7903, 
            839.2565, 
            788.8833, 
            1474.3062, 
            1522.7649, 
            1287.2263, 
            2774.933, 
            2000.7036, 
            1115.4876, 
            2194.4405, 
            1014.8258, 
            2488.0407, 
            1201.7256, 
            1259.195, 
            2217.1257, 
            2142.6095, 
            1197.0408, 
            1050.2424, 
            2057.4057, 
            2703.46, 
            1195.2446, 
            1793.4335, 
            3203.8896, 
            1003.377, 
            2132.298, 
            1286.2139, 
            1671.8797, 
            2323.7612, 
            916.8287, 
            1882.6813, 
            1577.7267, 
            2156.0665, 
            874.7343, 
            1369.1954, 
            1432.5084, 
            1705.1609, 
            644.795, 
            1104.7749, 
            2685.4429, 
            2333.6666, 
            2634.4986, 
            1883.6277, 
            2412.6327, 
            1219.1645, 
            3683.8111, 
            948.3271, 
            1435.3938, 
            1850.6307, 
            1535.9623, 
            2920.2566, 
            1102.0286, 
            2630.7162, 
            1090.0598, 
            1043.0759, 
            1037.7775, 
            1206.6934, 
            1351.6832, 
            882.5794, 
            2157.7279, 
            1281.3732, 
            2201.7226, 
            1767.9291, 
            2087.0355, 
            4148.2034, 
            1873.0899, 
            1933.161, 
            1244.3029, 
            1516.2582, 
            895.1005, 
            1269.6223, 
            2427.0757, 
            838.5684, 
            1072.2625, 
            647.6098, 
            2727.9209, 
            1102.7442, 
            625.8603, 
            986.127, 
            974.105, 
            1234.782, 
            1174.03, 
            1197.9226, 
            1521.8511, 
            1873.0602, 
            1010.5087, 
            1710.073, 
            1040.2867, 
            1661.8167, 
            681.0278, 
            2601.9661, 
            1642.7781, 
            1773.8644, 
            1207.3363, 
            2192.8817, 
            1422.8853, 
            2079.3019, 
            463.7087, 
            1623.5842, 
            876.7981, 
            1560.1293, 
            2035.5875, 
            1180.4752, 
            1441.2006, 
            1464.4257, 
            2300.1562, 
            2949.4459, 
            1377.7898, 
            2844.2962, 
            1495.9375, 
            2516.5229, 
            1130.6881, 
            1008.0881, 
            1062.0807, 
            2827.0607, 
            1709.752, 
            1366.4394, 
            967.869, 
            2037.6315, 
            860.4707, 
            1895.1227, 
            1039.8202, 
            1627.5032, 
            2946.3298, 
            3246.0985, 
            1383.4547, 
            1170.105, 
            952.1346, 
            1611.5078, 
            1658.3773, 
            1094.2763, 
            1546.058, 
            1788.4119, 
            1185.4815, 
            1538.9503, 
            987.6766, 
            947.5409, 
            1361.1971, 
            4279.1849, 
            1920.9757, 
            3475.5147, 
            1151.6879, 
            1378.6872, 
            1269.5274, 
            1313.0298, 
            1015.6105, 
            1765.2098, 
            1402.8736, 
            1639.581, 
            919.3228, 
            1336.2759, 
            432.2333, 
            1608.5794, 
            1636.5406, 
            2483.5677, 
            1522.3574, 
            1366.6577, 
            3692.7532, 
            1702.8081, 
            2681.0791, 
            1986.9491, 
            2515.6474, 
            2438.469, 
            1948.0044, 
            1433.7226, 
            1180.6898, 
            1082.1351, 
            2067.6978, 
            967.9637, 
            802.8965, 
            1003.2116, 
            1029.6343, 
            1738.6439, 
            1064.4948, 
            1136.0876, 
            1055.8163, 
            737.56, 
            952.2196, 
            2061.5855, 
            1301.5145, 
            3500.0076, 
            1165.8771, 
            926.0567, 
            1807.0506, 
            1478.4002, 
            2095.1782, 
            1118.5057, 
            1087.054, 
            2011.7348, 
            2090.3393, 
            1611.2273, 
            1003.3552, 
            702.5758, 
            1142.7254, 
            943.8467, 
            923.0797, 
            1125.1111, 
            1424.704, 
            1233.1146, 
            4275.3336, 
            766.5731, 
            2776.9979, 
            1936.7412, 
            1409.2399, 
            2009.9486, 
            444.0595, 
            1218.9653, 
            1135.0477, 
            1325.9253, 
            1514.5181, 
            1122.2252, 
            1022.9162, 
            2345.4404, 
            1379.8703, 
            564.9125, 
            2087.1884, 
            1697.3324, 
            3183.416, 
            1728.3889, 
            1137.0533, 
            1763.2338, 
            741.5497, 
            1162.2395, 
            2028.6321, 
            1483.5761, 
            1278.0312, 
            1578.2977, 
            1286.465, 
            1581.6603, 
            1419.9985, 
            1114.8136, 
            748.3816, 
            1314.3489, 
            842.694, 
            1577.5171, 
            989.5429, 
            1086.0388, 
            1424.0744, 
            1162.8048, 
            1040.734, 
            2488.0407, 
            819.0924, 
            1128.0089, 
            835.3163, 
            1315.1605, 
            2013.854, 
            547.4171, 
            1424.1156, 
            1367.9099, 
            1343.2255, 
            405.5006, 
            2245.0973, 
            1529.0186, 
            970.6622, 
            1074.8899, 
            1932.7487, 
            3223.3012, 
            1614.4258, 
            934.595, 
            1517.0097, 
            1140.1091, 
            2751.0068, 
            1378.6872, 
            1183.3047, 
            1045.036, 
            2508.1996, 
            4068.9698, 
            1248.606, 
            2174.2185, 
            912.4339, 
            1001.0962, 
            2577.0344, 
            940.2696, 
            1624.6098, 
            2522.7431, 
            1650.0593, 
            2677.5602, 
            758.7449, 
            1504.2247, 
            868.4621, 
            2132.7702, 
            2110.6384, 
            2459.6616, 
            1695.8564, 
            487.706, 
            1388.8951, 
            1299.2303, 
            1371.8993, 
            1223.6287, 
            526.9009, 
            1828.2443, 
            1980.9227, 
            1885.5642, 
            786.9622, 
            882.4025, 
            1640.6906, 
            889.8112, 
            2321.6338, 
            1426.2488, 
            3487.1004, 
            1780.9215, 
            1284.8676, 
            1787.7211, 
            1479.7066, 
            1614.3687, 
            3317.2537, 
            1188.6359, 
            1180.2954, 
            1744.7847, 
            2785.9497, 
            1095.8724, 
            693.9906, 
            1495.4539, 
            1001.9814, 
            1138.1236, 
            1240.489, 
            2048.9211, 
            4538.2441, 
            1434.9271, 
            444.1684, 
            1310.1389, 
            1586.2237, 
            1139.0272, 
            1807.4686, 
            796.7426, 
            1472.5212, 
            1697.5514, 
            979.5484, 
            1612.197, 
            1189.3651, 
            1631.7049, 
            999.9419, 
            1438.7826, 
            1528.8135, 
            1035.3543, 
            2155.2489, 
            1504.9713, 
            1706.0142, 
            1877.9839, 
            889.0324, 
            979.4776, 
            992.9563, 
            1705.9243, 
            1223.4165, 
            2612.4202, 
            753.9991, 
            842.694, 
            1969.1609, 
            817.6049, 
            1013.987, 
            1132.1717, 
            2793.9501, 
            988.8535, 
            1726.8804, 
            1056.5335, 
            1248.1017, 
            1692.7066, 
            1637.4079, 
            917.1129, 
            1480.2842, 
            2427.0757, 
            2530.9509, 
            1891.9159, 
            910.5197, 
            1296.2114, 
            1497.4452, 
            876.1666, 
            1226.5317, 
            1036.3206, 
            1550.6714, 
            1656.9752, 
            2251.8996, 
            2028.5394, 
            1211.5572, 
            1667.3022, 
            2190.7928, 
            1174.6782, 
            1283.626, 
            1495.2232, 
            2649.8908, 
            774.3543, 
            1076.8748, 
            966.4058, 
            1492.9728, 
            1466.6843, 
            1093.9851, 
            981.2591, 
            1770.9148, 
            1689.5744, 
            1146.2175, 
            1616.1958, 
            1642.3178, 
            1830.4353, 
            1387.8609, 
            3192.3164, 
            985.6881, 
            1815.9428, 
            2469.3603, 
            2301.6653, 
            1064.0889, 
            1002.2839, 
            578.3548, 
            779.6744, 
            771.5389, 
            1970.6039, 
            1152.4824, 
            1921.2187, 
            1371.8955, 
            1680.8908, 
            1612.3347, 
            1511.6542, 
            1569.7525, 
            1531.1046, 
            1483.5761, 
            1843.6739, 
            1598.8619, 
            1551.8494, 
            1133.3455, 
            1239.4948, 
            871.8314, 
            978.9824, 
            1450.2654, 
            1526.1962, 
            753.9203, 
            820.957, 
            977.9248, 
            999.698, 
            2173.2024, 
            1297.7955, 
            733.1354, 
            1139.4225, 
            928.7021, 
            2161.7649, 
            399.5853, 
            1154.9464, 
            1664.8511, 
            1052.9236, 
            813.2373, 
            1744.1434, 
            1285.4013, 
            1187.0274, 
            2041.9155, 
            1297.7647, 
            946.5853, 
            894.9265, 
            885.9387, 
            2981.7654, 
            888.402, 
            669.2817, 
            1973.9054, 
            1371.9051, 
            996.1916, 
            1489.2054, 
            1175.357, 
            1397.4495, 
            1742.952, 
            1916.1479, 
            1150.2915, 
            1627.3085, 
            1123.461, 
            1326.0688, 
            2033.2497, 
            1350.8777, 
            1774.9035, 
            1969.0416, 
            2026.3034, 
            918.5503, 
            3136.4261, 
            625.2105, 
            1014.887, 
            510.8081, 
            2452.0457, 
            1035.6974, 
            1031.7388, 
            1733.9069, 
            1226.625, 
            1804.7317, 
            964.2964, 
            1062.8588, 
            843.3566, 
            2595.4042, 
            1400.603, 
            1997.145, 
            1301.0604, 
            1518.9288, 
            2045.375, 
            1988.9123, 
            1479.9537, 
            2167.0395, 
            984.0462, 
            717.6643, 
            1475.7511, 
            2006.3629, 
            1667.7303, 
            2201.5896, 
            1369.7647, 
            1835.9402, 
            2353.7587, 
            2314.5471, 
            1312.868, 
            1099.7912, 
            1898.1772, 
            2509.9464, 
            1100.7974, 
            1044.1074, 
            1717.4362, 
            1067.6423, 
            735.2528, 
            1425.0194, 
            887.4587, 
            1256.2, 
            1322.8908, 
            887.8303, 
            954.1413, 
            2598.0714, 
            809.1192, 
            2683.6329, 
            1870.0497, 
            1600.0638, 
            1204.7969, 
            2025.4361, 
            1401.9987, 
            1285.7175, 
            1544.1997, 
            1027.3317, 
            1674.8733, 
            1091.8646, 
            1083.7563, 
            2445.1101, 
            1107.0449, 
            2102.5644, 
            983.6929, 
            932.0531, 
            1144.4428, 
            2254.6119, 
            1688.4607, 
            1371.9051, 
            1138.5754, 
            1522.0103, 
            1978.5982, 
            1039.2396, 
            1300.1497, 
            2375.3318, 
            1055.9925, 
            1975.8088, 
            1233.7301, 
            696.3078, 
            1064.6444, 
            2495.8165, 
            1270.7894, 
            1375.6065, 
            990.9195, 
            2456.2328, 
            1770.3179, 
            950.2616, 
            2225.2293, 
            915.9059, 
            1139.0272, 
            591.8259, 
            2157.3018, 
            541.7091, 
            1552.6687, 
            1568.4343, 
            1586.9561, 
            1125.0685, 
            1128.3302, 
            1594.7927, 
            771.3756, 
            1891.9741, 
            2170.4838, 
            3262.7319, 
            3161.7509, 
            1436.2947, 
            963.4416, 
            1534.111, 
            1212.6621, 
            1306.1993, 
            1834.6609, 
            1588.5091, 
            1900.8634, 
            825.7767, 
            1820.0808, 
            1410.8252, 
            860.4965, 
            794.9746, 
            1118.6562, 
            1261.924, 
            1909.6791, 
            2528.6133, 
            860.0155, 
            1685.5098, 
            840.4622, 
            1277.8975, 
            967.3414, 
            1133.9407, 
            1046.1458, 
            1176.0374, 
            705.2544, 
            1150.845, 
            1234.9172, 
            1911.2872, 
            1180.519, 
            754.5191, 
            2442.8905, 
            1182.1362, 
            1007.6307, 
            998.0903, 
            1529.7703, 
            1239.0424, 
            757.4072, 
            1436.6656, 
            4036.454, 
            1810.614, 
            1299.041, 
            986.4067, 
            1188.3033, 
            897.19, 
            1158.9227, 
            1077.3647, 
            2039.4434, 
            722.1762, 
            1163.881, 
            3275.2283, 
            1123.6578, 
            1622.1877, 
            1145.844, 
            1624.2542, 
            935.5698, 
            1220.211, 
            1936.6432, 
            1661.8167, 
            1853.564, 
            2025.4361, 
            1511.6831, 
            3266.7984, 
            1179.0152, 
            818.0936, 
            1413.6372, 
            2967.0438, 
            580.3111, 
            864.0015, 
            2275.6698, 
            1336.4028, 
            1715.6059, 
            1480.7699, 
            1818.1927, 
            1390.9724, 
            936.2269, 
            1980.1794, 
            1940.3391, 
            1084.5976, 
            2540.0389, 
            1127.8833, 
            1976.2807, 
            2680.1121, 
            1558.7135
        ], 
        "x": [
            1700.0, 
            1500.0, 
            1900.0, 
            1202.0, 
            1150.0, 
            1550.0, 
            3400.0, 
            1200.0, 
            1600.0, 
            3500.0, 
            850.0, 
            600.0, 
            1200.0, 
            800.0, 
            1400.0, 
            3500.0, 
            1800.0, 
            725.0, 
            3645.0, 
            1000.0, 
            2400.0, 
            1500.0, 
            920.0, 
            1400.0, 
            2900.0, 
            1000.0, 
            1100.0, 
            1650.0, 
            3600.0, 
            1100.0, 
            3240.0, 
            2400.0, 
            850.0, 
            2000.0, 
            1250.0, 
            2200.0, 
            3105.0, 
            950.0, 
            1700.0, 
            1650.0, 
            2300.0, 
            850.0, 
            1125.0, 
            1200.0, 
            1000.0, 
            750.0, 
            900.0, 
            3800.0, 
            2150.0, 
            2950.0, 
            1700.0, 
            2300.0, 
            925.0, 
            2600.0, 
            1300.0, 
            1200.0, 
            1300.0, 
            1100.0, 
            2850.0, 
            900.0, 
            2400.0, 
            1200.0, 
            1200.0, 
            950.0, 
            1350.0, 
            1650.0, 
            800.0, 
            2100.0, 
            1350.0, 
            1800.0, 
            1650.0, 
            3500.0, 
            3850.0, 
            1850.0, 
            2400.0, 
            900.0, 
            2845.0, 
            975.0, 
            770.0, 
            3000.0, 
            900.0, 
            800.0, 
            680.0, 
            2800.0, 
            1250.0, 
            800.0, 
            2600.0, 
            900.0, 
            1000.0, 
            850.0, 
            1600.0, 
            1500.0, 
            1850.0, 
            1500.0, 
            1350.0, 
            950.0, 
            1300.0, 
            650.0, 
            2600.0, 
            1400.0, 
            1900.0, 
            785.0, 
            1550.0, 
            1250.0, 
            3300.0, 
            700.0, 
            2400.0, 
            1060.0, 
            1500.0, 
            1910.0, 
            1100.0, 
            1400.0, 
            1200.0, 
            2650.0, 
            3000.0, 
            1240.0, 
            2800.0, 
            1500.0, 
            2800.0, 
            1150.0, 
            1000.0, 
            900.0, 
            1950.0, 
            1800.0, 
            1200.0, 
            1090.0, 
            3000.0, 
            1900.0, 
            2400.0, 
            1200.0, 
            1750.0, 
            3000.0, 
            4000.0, 
            1250.0, 
            1000.0, 
            700.0, 
            2000.0, 
            975.0, 
            825.0, 
            1100.0, 
            1300.0, 
            950.0, 
            1500.0, 
            750.0, 
            850.0, 
            1250.0, 
            4000.0, 
            2200.0, 
            4000.0, 
            900.0, 
            1200.0, 
            1350.0, 
            1300.0, 
            1150.0, 
            1580.0, 
            1300.0, 
            1900.0, 
            900.0, 
            1250.0, 
            650.0, 
            1300.0, 
            1400.0, 
            2400.0, 
            1500.0, 
            1100.0, 
            3500.0, 
            1390.0, 
            3400.0, 
            1950.0, 
            3700.0, 
            1550.0, 
            1650.0, 
            1600.0, 
            1150.0, 
            900.0, 
            1399.0, 
            1000.0, 
            675.0, 
            650.0, 
            800.0, 
            1400.0, 
            1130.0, 
            1300.0, 
            900.0, 
            850.0, 
            900.0, 
            2500.0, 
            1300.0, 
            4000.0, 
            950.0, 
            850.0, 
            1275.0, 
            1400.0, 
            1600.0, 
            1250.0, 
            1035.0, 
            1250.0, 
            1690.0, 
            1850.0, 
            850.0, 
            950.0, 
            850.0, 
            700.0, 
            900.0, 
            1800.0, 
            1600.0, 
            1600.0, 
            4000.0, 
            950.0, 
            2700.0, 
            2700.0, 
            1590.0, 
            2700.0, 
            575.0, 
            1300.0, 
            1500.0, 
            1260.0, 
            1600.0, 
            1150.0, 
            850.0, 
            2000.0, 
            1400.0, 
            690.0, 
            1700.0, 
            1400.0, 
            2500.0, 
            1890.0, 
            1200.0, 
            1850.0, 
            720.0, 
            900.0, 
            1150.0, 
            1350.0, 
            1350.0, 
            1250.0, 
            1000.0, 
            1900.0, 
            1400.0, 
            1600.0, 
            800.0, 
            850.0, 
            900.0, 
            1250.0, 
            1100.0, 
            1100.0, 
            1500.0, 
            1100.0, 
            950.0, 
            2400.0, 
            700.0, 
            1700.0, 
            750.0, 
            900.0, 
            1865.0, 
            700.0, 
            1590.0, 
            900.0, 
            1100.0, 
            650.0, 
            2600.0, 
            1400.0, 
            800.0, 
            850.0, 
            1850.0, 
            2800.0, 
            1500.0, 
            850.0, 
            1400.0, 
            1550.0, 
            3300.0, 
            1200.0, 
            1355.0, 
            750.0, 
            3200.0, 
            3900.0, 
            1050.0, 
            2000.0, 
            875.0, 
            850.0, 
            3450.0, 
            725.0, 
            1100.0, 
            3200.0, 
            1490.0, 
            2500.0, 
            625.0, 
            1425.0, 
            790.0, 
            1700.0, 
            3240.0, 
            2700.0, 
            1500.0, 
            730.0, 
            1400.0, 
            1500.0, 
            1300.0, 
            995.0, 
            600.0, 
            2800.0, 
            1900.0, 
            1430.0, 
            750.0, 
            895.0, 
            1575.0, 
            800.0, 
            1950.0, 
            1400.0, 
            3000.0, 
            1800.0, 
            1375.0, 
            2200.0, 
            1100.0, 
            1100.0, 
            3500.0, 
            1170.0, 
            1200.0, 
            1950.0, 
            3700.0, 
            810.0, 
            650.0, 
            1425.0, 
            900.0, 
            1250.0, 
            1100.0, 
            1700.0, 
            3975.0, 
            1400.0, 
            1200.0, 
            2470.0, 
            1600.0, 
            1045.0, 
            3700.0, 
            1300.0, 
            2995.0, 
            2100.0, 
            850.0, 
            1850.0, 
            1100.0, 
            1500.0, 
            750.0, 
            800.0, 
            1100.0, 
            725.0, 
            3300.0, 
            835.0, 
            950.0, 
            1700.0, 
            750.0, 
            730.0, 
            1500.0, 
            2700.0, 
            1750.0, 
            3300.0, 
            900.0, 
            900.0, 
            1600.0, 
            650.0, 
            1100.0, 
            995.0, 
            2700.0, 
            1500.0, 
            1300.0, 
            1200.0, 
            1850.0, 
            1950.0, 
            1250.0, 
            1100.0, 
            1450.0, 
            3000.0, 
            2450.0, 
            1850.0, 
            1000.0, 
            1250.0, 
            1800.0, 
            1100.0, 
            995.0, 
            1200.0, 
            1300.0, 
            1100.0, 
            3850.0, 
            3200.0, 
            1100.0, 
            1500.0, 
            3950.0, 
            1300.0, 
            1100.0, 
            1200.0, 
            3000.0, 
            850.0, 
            680.0, 
            1000.0, 
            1900.0, 
            1400.0, 
            1200.0, 
            650.0, 
            1935.0, 
            2350.0, 
            950.0, 
            1500.0, 
            1400.0, 
            1900.0, 
            1000.0, 
            3800.0, 
            990.0, 
            1566.0, 
            3000.0, 
            3900.0, 
            1650.0, 
            1200.0, 
            900.0, 
            820.0, 
            750.0, 
            1800.0, 
            780.0, 
            2100.0, 
            1300.0, 
            1800.0, 
            1300.0, 
            1400.0, 
            1650.0, 
            1400.0, 
            1350.0, 
            2500.0, 
            1250.0, 
            870.0, 
            1200.0, 
            890.0, 
            750.0, 
            980.0, 
            950.0, 
            2000.0, 
            850.0, 
            700.0, 
            1300.0, 
            980.0, 
            3100.0, 
            1600.0, 
            550.0, 
            900.0, 
            950.0, 
            1975.0, 
            810.0, 
            1100.0, 
            1300.0, 
            650.0, 
            800.0, 
            1865.0, 
            950.0, 
            995.0, 
            3780.0, 
            1250.0, 
            900.0, 
            850.0, 
            1090.0, 
            2700.0, 
            800.0, 
            650.0, 
            1400.0, 
            950.0, 
            800.0, 
            1500.0, 
            1300.0, 
            2430.0, 
            1100.0, 
            2700.0, 
            900.0, 
            1300.0, 
            700.0, 
            1130.0, 
            3000.0, 
            1067.0, 
            1650.0, 
            2350.0, 
            3630.0, 
            810.0, 
            3990.0, 
            1100.0, 
            1100.0, 
            1400.0, 
            2900.0, 
            795.0, 
            1300.0, 
            1300.0, 
            1350.0, 
            1500.0, 
            900.0, 
            900.0, 
            950.0, 
            2499.0, 
            1490.0, 
            1980.0, 
            1390.0, 
            1500.0, 
            2450.0, 
            2300.0, 
            1390.0, 
            2600.0, 
            1150.0, 
            980.0, 
            1700.0, 
            2700.0, 
            800.0, 
            2600.0, 
            1500.0, 
            2300.0, 
            3000.0, 
            1690.0, 
            1900.0, 
            1200.0, 
            1300.0, 
            1900.0, 
            1000.0, 
            850.0, 
            1900.0, 
            750.0, 
            780.0, 
            1400.0, 
            1300.0, 
            1200.0, 
            1150.0, 
            890.0, 
            850.0, 
            2600.0, 
            975.0, 
            2800.0, 
            1650.0, 
            1700.0, 
            950.0, 
            1950.0, 
            1250.0, 
            745.0, 
            1450.0, 
            900.0, 
            950.0, 
            900.0, 
            690.0, 
            3000.0, 
            950.0, 
            1900.0, 
            750.0, 
            770.0, 
            1500.0, 
            3100.0, 
            1500.0, 
            950.0, 
            800.0, 
            1400.0, 
            2000.0, 
            630.0, 
            1100.0, 
            3500.0, 
            1380.0, 
            2700.0, 
            1000.0, 
            657.0, 
            740.0, 
            2700.0, 
            790.0, 
            1650.0, 
            745.0, 
            2100.0, 
            2650.0, 
            875.0, 
            1950.0, 
            1000.0, 
            1045.0, 
            800.0, 
            1950.0, 
            520.0, 
            1350.0, 
            1100.0, 
            2500.0, 
            850.0, 
            1099.0, 
            1950.0, 
            780.0, 
            2350.0, 
            2000.0, 
            3500.0, 
            3700.0, 
            1700.0, 
            815.0, 
            1275.0, 
            915.0, 
            1300.0, 
            2300.0, 
            1600.0, 
            1900.0, 
            980.0, 
            1700.0, 
            1450.0, 
            1000.0, 
            585.0, 
            1050.0, 
            1250.0, 
            1900.0, 
            2900.0, 
            600.0, 
            2900.0, 
            650.0, 
            950.0, 
            800.0, 
            1390.0, 
            900.0, 
            1000.0, 
            750.0, 
            1700.0, 
            1500.0, 
            1900.0, 
            890.0, 
            800.0, 
            2300.0, 
            1200.0, 
            699.0, 
            1000.0, 
            1850.0, 
            850.0, 
            680.0, 
            1300.0, 
            3500.0, 
            1650.0, 
            990.0, 
            1150.0, 
            1100.0, 
            800.0, 
            1100.0, 
            1300.0, 
            2800.0, 
            750.0, 
            1150.0, 
            3950.0, 
            850.0, 
            1100.0, 
            1500.0, 
            1800.0, 
            850.0, 
            1700.0, 
            2650.0, 
            1300.0, 
            1600.0, 
            1950.0, 
            975.0, 
            4000.0, 
            850.0, 
            815.0, 
            1800.0, 
            3800.0, 
            900.0, 
            900.0, 
            3600.0, 
            960.0, 
            1250.0, 
            820.0, 
            1500.0, 
            1240.0, 
            800.0, 
            3105.0, 
            2200.0, 
            1000.0, 
            2300.0, 
            850.0, 
            2970.0, 
            2100.0, 
            1450.0
        ]
    }, 
    "processed_feature_names": [
        "bathrooms", 
        "distance", 
        "floor", 
        "rooms", 
        "size", 
        "dummy:has360:False", 
        "dummy:has360:N/A", 
        "dummy:hasLift:True", 
        "dummy:hasLift:N/A", 
        "dummy:propertyType:flat", 
        "dummy:propertyType:penthouse", 
        "dummy:propertyType:studio", 
        "dummy:propertyType:duplex", 
        "dummy:propertyType:N/A", 
        "dummy:exterior:True", 
        "dummy:exterior:N/A", 
        "dummy:hasPlan:False", 
        "dummy:hasPlan:N/A", 
        "dummy:hasVideo:False", 
        "dummy:hasVideo:N/A", 
        "dummy:detailedType_typology:flat", 
        "dummy:detailedType_typology:N/A", 
        "dummy:hasParkingSpace:True", 
        "dummy:hasParkingSpace:N/A", 
        "dummy:hasParkingSpace:__Others__"
    ], 
    "regression_performance": {
        "max_error": 1297.3858252039681, 
        "median_error": -47.17499642193502, 
        "error_distribution": [
            {
                "count": 41, 
                "bin_max": -484.94345080675987, 
                "bin_id": 0, 
                "bin_min": -684.9604028924083
            }, 
            {
                "count": 76, 
                "bin_max": -286.90686458334568, 
                "bin_id": 1, 
                "bin_min": -484.94345080675987
            }, 
            {
                "count": 170, 
                "bin_max": -88.87027835993149, 
                "bin_id": 2, 
                "bin_min": -286.90686458334568
            }, 
            {
                "count": 167, 
                "bin_max": 109.16630786348276, 
                "bin_id": 3, 
                "bin_min": -88.87027835993149
            }, 
            {
                "count": 83, 
                "bin_max": 307.202894086897, 
                "bin_id": 4, 
                "bin_min": 109.16630786348276
            }, 
            {
                "count": 45, 
                "bin_max": 505.23948031031114, 
                "bin_id": 5, 
                "bin_min": 307.202894086897
            }, 
            {
                "count": 27, 
                "bin_max": 703.2760665337255, 
                "bin_id": 6, 
                "bin_min": 505.23948031031114
            }, 
            {
                "count": 20, 
                "bin_max": 901.31265275713963, 
                "bin_id": 7, 
                "bin_min": 703.2760665337255
            }, 
            {
                "count": 11, 
                "bin_max": 1099.3492389805538, 
                "bin_id": 8, 
                "bin_min": 901.31265275713963
            }, 
            {
                "count": 24, 
                "bin_max": 1297.3858252039681, 
                "bin_id": 9, 
                "bin_min": 1099.3492389805538
            }
        ], 
        "min_error": -682.98003703017412, 
        "average_error": 32.57288079383613, 
        "std_error": 412.03915389683175, 
        "p75_error": 181.21101245341737, 
        "p90_error": 597.4684429204508, 
        "p25_error": -228.8801132421529
    }
}