{
    "per_feature": {
        "status": {
            "stats": {}
        }, 
        "has360": {
            "stats": {
                "mostFrequentValue": "False", 
                "leastFrequentValue": "True"
            }, 
            "category_possible_counts": [
                2554
            ], 
            "category_possible_values": [
                "False"
            ]
        }, 
        "bathrooms": {
            "stats": {
                "std": 0.8956373271345454, 
                "p99": 5.0, 
                "min": 1.0, 
                "max": 9.0, 
                "average": 1.7005649717514124, 
                "median": 1.0
            }, 
            "missing_impute_with_value": 1.7005649717514124
        }, 
        "has3DTour": {
            "stats": {}
        }, 
        "hasLift": {
            "stats": {
                "mostFrequentValue": "True", 
                "leastFrequentValue": "False"
            }, 
            "category_possible_counts": [
                2293
            ], 
            "category_possible_values": [
                "True"
            ]
        }, 
        "propertyType": {
            "stats": {
                "mostFrequentValue": "flat", 
                "leastFrequentValue": "chalet"
            }, 
            "category_possible_counts": [
                2204, 
                168, 
                127, 
                88
            ], 
            "category_possible_values": [
                "flat", 
                "penthouse", 
                "studio", 
                "duplex"
            ]
        }, 
        "municipality": {
            "stats": {}
        }, 
        "newDevelopment": {
            "stats": {}
        }, 
        "rooms": {
            "stats": {
                "std": 1.212366626031143, 
                "p99": 5.0, 
                "min": 0.0, 
                "max": 9.0, 
                "average": 2.1951035781544257, 
                "median": 2.0
            }, 
            "missing_impute_with_value": 2.1951035781544257
        }, 
        "exterior": {
            "stats": {
                "mostFrequentValue": "True", 
                "leastFrequentValue": "False"
            }, 
            "category_possible_counts": [
                2148
            ], 
            "category_possible_values": [
                "True"
            ]
        }, 
        "neighborhood": {
            "stats": {
                "mostFrequentValue": "Recoletos", 
                "leastFrequentValue": "Casco Hist\u00f3rico de Barajas"
            }, 
            "category_possible_counts": [
                114, 
                92, 
                91, 
                88, 
                80, 
                75, 
                74, 
                65, 
                62, 
                61, 
                59, 
                57, 
                57, 
                55, 
                51, 
                51, 
                48, 
                46, 
                44, 
                44, 
                43, 
                42, 
                41, 
                39, 
                37, 
                36, 
                35, 
                33, 
                27, 
                27, 
                27, 
                25, 
                24, 
                23, 
                23, 
                22, 
                22, 
                21, 
                21, 
                20, 
                18, 
                17, 
                16, 
                16, 
                16, 
                16, 
                16, 
                14, 
                14, 
                14, 
                14, 
                14, 
                14, 
                13, 
                13, 
                12, 
                12, 
                11, 
                11, 
                11, 
                11, 
                11, 
                10, 
                10, 
                10, 
                10, 
                10, 
                9, 
                9, 
                9, 
                9, 
                9, 
                9, 
                9, 
                8, 
                8, 
                8, 
                8, 
                7, 
                7, 
                7, 
                7, 
                6, 
                6, 
                6, 
                6, 
                5, 
                5, 
                5, 
                5, 
                5, 
                5, 
                5, 
                4, 
                4, 
                4, 
                4, 
                3, 
                3, 
                3
            ], 
            "category_possible_values": [
                "Recoletos", 
                "Lavapi\u00e9s-Embajadores", 
                "Castellana", 
                "Goya", 
                "Palacio", 
                "Malasa\u00f1a-Universidad", 
                "Chueca-Justicia", 
                "Arg\u00fcelles", 
                "Trafalgar", 
                "Lista", 
                "Bernab\u00e9u-Hispanoam\u00e9rica", 
                "Almagro", 
                "Cuzco-Castillejos", 
                "Huertas-Cortes", 
                "El Viso", 
                "Conde Orgaz-Piovera", 
                "Sanchinarro", 
                "Castilla", 
                "Nueva Espa\u00f1a", 
                "Sol", 
                "Prosperidad", 
                "Ibiza", 
                "Cuatro Caminos", 
                "Arapiles", 
                "Las Tablas", 
                "Ventilla-Almenara", 
                "Guindalera", 
                "Nuevos Ministerios-R\u00edos Rosas", 
                "Aravaca", 
                "Ciudad Jard\u00edn", 
                "Costillares", 
                "Fuente del Berro", 
                "San Pascual", 
                "Bellas Vistas", 
                "Vallehermoso", 
                "Ensanche de Vallecas - La Gavia", 
                "Gaztambide", 
                "Jer\u00f3nimos", 
                "Pac\u00edfico", 
                "La Paz", 
                "Acacias", 
                "Rejas", 
                "Legazpi", 
                "Ni\u00f1o Jes\u00fas", 
                "Canillas", 
                "San Juan Bautista", 
                "Palos de Moguer", 
                "Valdemar\u00edn", 
                "Pe\u00f1agrande", 
                "Pilar", 
                "Simancas", 
                "Concepci\u00f3n", 
                "Valdeacederas", 
                "Ventas", 
                "Estrella", 
                "Pueblo Nuevo", 
                "Chopera", 
                "Atalaya", 
                "Berruguete", 
                "Comillas", 
                "Adelfas", 
                "Tres Olivos - Valverde", 
                "Valdezarza", 
                "Pinar del Rey", 
                "Alameda de Osuna", 
                "Colina", 
                "Somosaguas", 
                "Lucero", 
                "Imperial", 
                "Montecarmelo", 
                "Zona Avenida Europa", 
                "Delicias", 
                "Palomas", 
                "Ciudad Universitaria", 
                "San Diego", 
                "Mirasierra", 
                "Prado de Somosaguas", 
                "Opa\u00f1el", 
                "Numancia", 
                "Vista Alegre", 
                "Valdebernardo - Valderribas", 
                "Zona Estaci\u00f3n", 
                "Zona norte", 
                "Valdebebas - Valdefuentes", 
                "Almendrales", 
                "Rosas", 
                "Puerta del \u00c1ngel", 
                "Zof\u00edo", 
                "Parque Lisboa - La Paz", 
                "Quintana", 
                "San Isidro", 
                "\u00c1guilas", 
                "Campo de las Naciones-Corralejos", 
                "Ambroz", 
                "Casco Hist\u00f3rico de Vallecas", 
                "Moscard\u00f3", 
                "Abrantes", 
                "Canillejas", 
                "Horcajo", 
                "Puerta Bonita"
            ]
        }, 
        "operation": {
            "stats": {}
        }, 
        "hasPlan": {
            "stats": {
                "mostFrequentValue": "False", 
                "leastFrequentValue": "True"
            }, 
            "category_possible_counts": [
                1828
            ], 
            "category_possible_values": [
                "False"
            ]
        }, 
        "size": {
            "stats": {
                "std": 67.43542980022876, 
                "p99": 396.0, 
                "min": 20.0, 
                "max": 565.0, 
                "average": 105.02937853107345, 
                "median": 87.0
            }, 
            "missing_impute_with_value": 105.02937853107345
        }, 
        "suggestedTexts_title": {
            "stats": {}
        }, 
        "district": {
            "stats": {}
        }, 
        "floor": {
            "stats": {
                "std": 2.720173482627446, 
                "p99": 12.0, 
                "min": -1.0, 
                "max": 22.0, 
                "average": 3.1811676082862523, 
                "median": 3.0
            }, 
            "missing_impute_with_value": 3.1811676082862523
        }, 
        "numPhotos": {
            "stats": {}
        }, 
        "hasVideo": {
            "stats": {
                "mostFrequentValue": "False", 
                "leastFrequentValue": "True"
            }, 
            "category_possible_counts": [
                2222
            ], 
            "category_possible_values": [
                "False"
            ]
        }, 
        "latitude": {
            "stats": {}
        }, 
        "detailedType_typology": {
            "stats": {
                "mostFrequentValue": "flat", 
                "leastFrequentValue": "chalet"
            }, 
            "category_possible_counts": [
                2587
            ], 
            "category_possible_values": [
                "flat"
            ]
        }, 
        "propertyCode": {
            "stats": {}
        }, 
        "thumbnail": {
            "stats": {}
        }, 
        "province": {
            "stats": {}
        }, 
        "suggestedTexts_subtitle": {
            "stats": {}
        }, 
        "detailedType_subTypology": {
            "stats": {}
        }, 
        "parkingSpaceIncluded": {
            "stats": {}
        }, 
        "price": {
            "stats": {}
        }, 
        "address": {
            "stats": {}
        }, 
        "parkingSpacePrice": {
            "stats": {}
        }, 
        "externalReference": {
            "stats": {}
        }, 
        "distance": {
            "stats": {}
        }, 
        "url": {
            "stats": {}
        }, 
        "country": {
            "stats": {}
        }, 
        "geopoint": {
            "stats": {}
        }, 
        "longitude": {
            "stats": {}
        }, 
        "priceByArea": {
            "stats": {}
        }, 
        "showAddress": {
            "stats": {}
        }, 
        "hasParkingSpace": {
            "missing_impute_with_value": "False", 
            "stats": {
                "mostFrequentValue": "True", 
                "leastFrequentValue": "True"
            }, 
            "category_possible_counts": [
                875
            ], 
            "category_possible_values": [
                "True"
            ]
        }
    }, 
    "feature_order": [
        "status", 
        "has360", 
        "bathrooms", 
        "has3DTour", 
        "hasLift", 
        "propertyType", 
        "municipality", 
        "newDevelopment", 
        "rooms", 
        "exterior", 
        "neighborhood", 
        "operation", 
        "hasPlan", 
        "size", 
        "suggestedTexts_title", 
        "district", 
        "floor", 
        "numPhotos", 
        "hasVideo", 
        "latitude", 
        "detailedType_typology", 
        "propertyCode", 
        "thumbnail", 
        "province", 
        "suggestedTexts_subtitle", 
        "detailedType_subTypology", 
        "parkingSpaceIncluded", 
        "price", 
        "address", 
        "parkingSpacePrice", 
        "externalReference", 
        "distance", 
        "url", 
        "country", 
        "geopoint", 
        "longitude", 
        "priceByArea", 
        "showAddress", 
        "hasParkingSpace"
    ]
}