{
    "details": {
        "has360": {
            "levels": [
                "False"
            ], 
            "with_others": false
        }, 
        "neighborhood": {
            "levels": [
                "Recoletos", 
                "Lavapi\u00e9s-Embajadores", 
                "Castellana", 
                "Goya", 
                "Palacio", 
                "Malasa\u00f1a-Universidad", 
                "Chueca-Justicia", 
                "Arg\u00fcelles", 
                "Trafalgar", 
                "Lista", 
                "Bernab\u00e9u-Hispanoam\u00e9rica", 
                "Almagro", 
                "Cuzco-Castillejos", 
                "Huertas-Cortes", 
                "El Viso", 
                "Conde Orgaz-Piovera", 
                "Sanchinarro", 
                "Castilla", 
                "Nueva Espa\u00f1a", 
                "Sol", 
                "Prosperidad", 
                "Ibiza", 
                "Cuatro Caminos", 
                "Arapiles", 
                "Las Tablas", 
                "Ventilla-Almenara", 
                "Guindalera", 
                "Nuevos Ministerios-R\u00edos Rosas", 
                "Aravaca", 
                "Ciudad Jard\u00edn", 
                "Costillares", 
                "Fuente del Berro", 
                "San Pascual", 
                "Bellas Vistas", 
                "Vallehermoso", 
                "Ensanche de Vallecas - La Gavia", 
                "Gaztambide", 
                "Jer\u00f3nimos", 
                "Pac\u00edfico", 
                "La Paz", 
                "Acacias", 
                "Rejas", 
                "Legazpi", 
                "Ni\u00f1o Jes\u00fas", 
                "Canillas", 
                "San Juan Bautista", 
                "Palos de Moguer", 
                "Valdemar\u00edn", 
                "Pe\u00f1agrande", 
                "Pilar", 
                "Simancas", 
                "Concepci\u00f3n", 
                "Valdeacederas", 
                "Ventas", 
                "Estrella", 
                "Pueblo Nuevo", 
                "Chopera", 
                "Atalaya", 
                "Berruguete", 
                "Comillas", 
                "Adelfas", 
                "Tres Olivos - Valverde", 
                "Valdezarza", 
                "Pinar del Rey", 
                "Alameda de Osuna", 
                "Colina", 
                "Somosaguas", 
                "Lucero", 
                "Imperial", 
                "Montecarmelo", 
                "Zona Avenida Europa", 
                "Delicias", 
                "Palomas", 
                "Ciudad Universitaria", 
                "San Diego", 
                "Mirasierra", 
                "Prado de Somosaguas", 
                "Opa\u00f1el", 
                "Numancia", 
                "Vista Alegre", 
                "Valdebernardo - Valderribas", 
                "Zona Estaci\u00f3n", 
                "Zona norte", 
                "Valdebebas - Valdefuentes", 
                "Almendrales", 
                "Rosas", 
                "Puerta del \u00c1ngel", 
                "Zof\u00edo", 
                "Parque Lisboa - La Paz", 
                "Quintana", 
                "San Isidro", 
                "\u00c1guilas", 
                "Campo de las Naciones-Corralejos", 
                "Ambroz", 
                "Casco Hist\u00f3rico de Vallecas", 
                "Moscard\u00f3", 
                "Abrantes", 
                "Canillejas", 
                "Horcajo", 
                "Puerta Bonita"
            ], 
            "with_others": false
        }, 
        "hasLift": {
            "levels": [
                "True"
            ], 
            "with_others": false
        }, 
        "hasPlan": {
            "levels": [
                "False"
            ], 
            "with_others": false
        }, 
        "hasVideo": {
            "levels": [
                "False"
            ], 
            "with_others": false
        }, 
        "hasParkingSpace": {
            "levels": [
                "True"
            ], 
            "with_others": true
        }, 
        "exterior": {
            "levels": [
                "True"
            ], 
            "with_others": false
        }, 
        "propertyType": {
            "levels": [
                "flat", 
                "penthouse", 
                "studio", 
                "duplex"
            ], 
            "with_others": false
        }, 
        "detailedType_typology": {
            "levels": [
                "flat"
            ], 
            "with_others": false
        }
    }
}