{
  "type": "chart",
  "params": {
    "datasetSmartName": "Good_Deals",
    "engineType": "LINO",
    "refreshableSelection": {
      "selection": {
        "useMemTable": false,
        "filter": {
          "distinct": false,
          "enabled": false
        },
        "partitionSelectionMethod": "ALL",
        "latestPartitionsN": 1,
        "ordering": {
          "enabled": false,
          "rules": []
        },
        "samplingMethod": "HEAD_SEQUENTIAL",
        "maxRecords": 10000,
        "targetRatio": 0.02,
        "withinFirstN": -1,
        "maxReadUncompressedBytes": -1
      },
      "autoRefreshSample": false,
      "_refreshTrigger": 0
    },
    "def": {
      "type": "pivot_table",
      "variant": "colored",
      "name": "Chart",
      "userEditedName": false,
      "genericDimension0": [],
      "genericDimension1": [],
      "facetDimension": [],
      "animationDimension": [],
      "genericMeasures": [
        {
          "function": "COUNT",
          "type": "NUMERICAL",
          "displayed": true,
          "isA": "measure",
          "displayAxis": "axis1",
          "displayType": "column",
          "computeMode": "NORMAL",
          "computeModeDim": 0
        },
        {
          "column": "prediction",
          "function": "AVG",
          "type": "NUMERICAL",
          "displayed": true,
          "isA": "measure",
          "displayAxis": "axis1",
          "displayType": "column",
          "computeMode": "NORMAL",
          "computeModeDim": 0
        },
        {
          "column": "price",
          "function": "AVG",
          "type": "NUMERICAL",
          "displayed": true,
          "isA": "measure",
          "displayAxis": "axis1",
          "displayType": "column",
          "computeMode": "NORMAL",
          "computeModeDim": 0
        },
        {
          "column": "benefits",
          "function": "AVG",
          "type": "NUMERICAL",
          "displayed": true,
          "isA": "measure",
          "displayAxis": "axis1",
          "displayType": "column",
          "computeMode": "NORMAL",
          "computeModeDim": 0
        },
        {
          "column": "Deal%",
          "function": "AVG",
          "type": "NUMERICAL",
          "displayed": true,
          "isA": "measure",
          "displayAxis": "axis1",
          "displayType": "column",
          "computeMode": "NORMAL",
          "computeModeDim": 0
        }
      ],
      "xDimension": [],
      "yDimension": [
        {
          "column": "size",
          "type": "NUMERICAL",
          "numParams": {
            "mode": "FIXED_NB",
            "nbBins": "15",
            "binSize": 100,
            "emptyBinsMode": "ZEROS"
          },
          "maxValues": 100,
          "generateOthersCategory": true,
          "oneTickPerBin": false,
          "filters": [],
          "isA": "dimension",
          "possibleSorts": [
            {
              "type": "NATURAL",
              "label": "Natural ordering",
              "sortAscending": true,
              "$$hashKey": "object:329622"
            },
            {
              "type": "AGGREGATION",
              "measureIdx": 0,
              "label": "Count of records, descending",
              "$$hashKey": "object:329623"
            },
            {
              "type": "AGGREGATION",
              "measureIdx": 0,
              "label": "Count of records, ascending",
              "sortAscending": true,
              "$$hashKey": "object:329624"
            },
            {
              "type": "AGGREGATION",
              "measureIdx": 1,
              "label": "Average of prediction, descending",
              "$$hashKey": "object:329625"
            },
            {
              "type": "AGGREGATION",
              "measureIdx": 1,
              "label": "Average of prediction, ascending",
              "sortAscending": true,
              "$$hashKey": "object:329626"
            },
            {
              "type": "AGGREGATION",
              "measureIdx": 2,
              "label": "Average of price, descending",
              "$$hashKey": "object:329627"
            },
            {
              "type": "AGGREGATION",
              "measureIdx": 2,
              "label": "Average of price, ascending",
              "sortAscending": true,
              "$$hashKey": "object:329628"
            },
            {
              "type": "AGGREGATION",
              "measureIdx": 3,
              "label": "Average of benefits, descending",
              "$$hashKey": "object:329629"
            },
            {
              "type": "AGGREGATION",
              "measureIdx": 3,
              "label": "Average of benefits, ascending",
              "sortAscending": true,
              "$$hashKey": "object:329630"
            },
            {
              "type": "AGGREGATION",
              "measureIdx": 4,
              "label": "Average of Deal%, descending",
              "$$hashKey": "object:329631"
            },
            {
              "type": "AGGREGATION",
              "measureIdx": 4,
              "label": "Average of Deal%, ascending",
              "sortAscending": true,
              "$$hashKey": "object:329632"
            }
          ],
          "sort": {
            "type": "NATURAL",
            "label": "Natural ordering",
            "sortAscending": true,
            "$$hashKey": "object:329622"
          }
        }
      ],
      "uaXDimension": [],
      "uaYDimension": [],
      "uaSize": [],
      "uaShape": [],
      "uaColor": [],
      "uaTooltip": [],
      "groupDimension": [],
      "xMeasure": [],
      "yMeasure": [],
      "colorMeasure": [
        {
          "column": "benefits",
          "function": "SUM",
          "type": "NUMERICAL",
          "displayed": true,
          "isA": "measure",
          "displayAxis": "axis1",
          "displayType": "column",
          "computeMode": "NORMAL",
          "computeModeDim": 0
        }
      ],
      "sizeMeasure": [],
      "geometry": [],
      "tooltipMeasures": [],
      "boxplotBreakdownDim": [],
      "boxplotValue": [],
      "filters": [],
      "axis1LogScale": false,
      "axis2LogScale": false,
      "includeZero": true,
      "smoothing": false,
      "showLegend": true,
      "showXAxis": false,
      "showInChartValues": false,
      "showInChartLabels": false,
      "strokeWidth": 1,
      "fillOpacity": 0.5,
      "showXAxisLabel": false,
      "showYAxisLabel": false,
      "hexbinRadius": 20,
      "hexbinNumber": 20,
      "hexbinRadiusMode": "NUM_HEXAGONS",
      "chartHeight": 200,
      "singleXAxis": false,
      "multiTooltips": false,
      "animationFrameDuration": 3000,
      "animationRepeat": true,
      "colorOptions": {
        "singleColor": "#659a88",
        "transparency": 0.75,
        "colorPalette": "gyr1",
        "ccScaleMode": "NORMAL",
        "customPalette": {
          "id": "__dku_custom__",
          "name": "Custom palette",
          "colors": [],
          "values": [],
          "fixedValues": false
        },
        "paletteType": "CONTINUOUS",
        "quantizationMode": "NONE",
        "numQuantizeSteps": 5,
        "paletteMiddleValue": 0.0
      },
      "bubblesOptions": {
        "defaultRadius": 5.0
      },
      "computeMode": "NORMAL",
      "xAxisMode": "NORMAL",
      "yAxisMode": "NORMAL",
      "pieOptions": {
        "donutHoleSize": 50.0
      },
      "scatterOptions": {
        "equalScales": false,
        "identityLine": false
      },
      "mapOptions": {
        "tilesLayer": "cartodb-positron",
        "lockSquareGrid": false
      },
      "mapGridOptions": {
        "gridLonDeg": 0.6,
        "gridLatDeg": 0.6
      },
      "disableSafetyLimits": false,
      "useLiveProcessingIfAvailable": true,
      "legendPlacement": "OUTER_RIGHT"
    },
    "maxDataBytes": 0
  },
  "owner": "admin",
  "listed": false,
  "name": "Chart on Good_Deals",
  "dashboardCreationId": "enyjKlk",
  "versionTag": {
    "versionNumber": 2,
    "lastModifiedBy": {
      "login": "admin"
    },
    "lastModifiedOn": 1544050156183
  },
  "creationTag": {
    "versionNumber": 0,
    "lastModifiedBy": {
      "login": "admin"
    },
    "lastModifiedOn": 1544050059752
  },
  "tags": [],
  "checklists": {
    "checklists": []
  }
}