{
  "type": "metrics",
  "params": {
    "objectSmartId": "hAUDe9Br",
    "objectType": "SAVED_MODEL",
    "metricId": "model_perf:R2"
  },
  "owner": "admin",
  "listed": false,
  "name": "R2 on Lasso Linear Regression",
  "dashboardCreationId": "enyjKlk",
  "versionTag": {
    "versionNumber": 0,
    "lastModifiedBy": {
      "login": "admin"
    },
    "lastModifiedOn": 1544050265841
  },
  "creationTag": {
    "versionNumber": 0,
    "lastModifiedBy": {
      "login": "admin"
    },
    "lastModifiedOn": 1544050265841
  },
  "tags": [],
  "checklists": {
    "checklists": []
  }
}