[
    {
        "parameters": {
            "alpha": 3.0
        }, 
        "score_time": 6, 
        "test_score": 0.4695074269915094, 
        "fit_time": 4, 
        "num_samples": 1103, 
        "best_iteration": null, 
        "train_score": 0.4877405657150631, 
        "parameter_id": 2, 
        "time": 10, 
        "done_at": 1544046523556, 
        "grid_point_id": "{\"alpha\": 3.0}@0"
    }, 
    {
        "parameters": {
            "alpha": 0.1
        }, 
        "score_time": 1, 
        "test_score": 0.7485536670609811, 
        "fit_time": 5, 
        "num_samples": 1103, 
        "best_iteration": null, 
        "train_score": 0.7353065683934653, 
        "parameter_id": 0, 
        "time": 6, 
        "done_at": 1544046523568, 
        "grid_point_id": "{\"alpha\": 0.1}@1"
    }, 
    {
        "parameters": {
            "alpha": 1.0
        }, 
        "score_time": 0, 
        "test_score": 0.6336764631398706, 
        "fit_time": 3, 
        "num_samples": 1102, 
        "best_iteration": null, 
        "train_score": 0.6471705985754823, 
        "parameter_id": 1, 
        "time": 3, 
        "done_at": 1544046523584, 
        "grid_point_id": "{\"alpha\": 1.0}@2"
    }, 
    {
        "parameters": {
            "alpha": 100.0
        }, 
        "score_time": 2, 
        "test_score": 0.03486103224586612, 
        "fit_time": 7, 
        "num_samples": 1103, 
        "best_iteration": null, 
        "train_score": 0.03673855648854629, 
        "parameter_id": 4, 
        "time": 9, 
        "done_at": 1544046523616, 
        "grid_point_id": "{\"alpha\": 100.0}@0"
    }, 
    {
        "parameters": {
            "alpha": 0.1
        }, 
        "score_time": 2, 
        "test_score": 0.7294622502007277, 
        "fit_time": 4, 
        "num_samples": 1103, 
        "best_iteration": null, 
        "train_score": 0.7412754689502095, 
        "parameter_id": 0, 
        "time": 6, 
        "done_at": 1544046523561, 
        "grid_point_id": "{\"alpha\": 0.1}@0"
    }, 
    {
        "parameters": {
            "alpha": 1.0
        }, 
        "score_time": 1, 
        "test_score": 0.6660106103724865, 
        "fit_time": 4, 
        "num_samples": 1103, 
        "best_iteration": null, 
        "train_score": 0.6386643167233989, 
        "parameter_id": 1, 
        "time": 5, 
        "done_at": 1544046523582, 
        "grid_point_id": "{\"alpha\": 1.0}@1"
    }, 
    {
        "parameters": {
            "alpha": 1.0
        }, 
        "score_time": 3, 
        "test_score": 0.6265963603125284, 
        "fit_time": 2, 
        "num_samples": 1103, 
        "best_iteration": null, 
        "train_score": 0.6453425281843701, 
        "parameter_id": 1, 
        "time": 5, 
        "done_at": 1544046523575, 
        "grid_point_id": "{\"alpha\": 1.0}@0"
    }, 
    {
        "parameters": {
            "alpha": 100.0
        }, 
        "score_time": 1, 
        "test_score": 0.035817133270922286, 
        "fit_time": 3, 
        "num_samples": 1102, 
        "best_iteration": null, 
        "train_score": 0.03682738196102342, 
        "parameter_id": 4, 
        "time": 4, 
        "done_at": 1544046523622, 
        "grid_point_id": "{\"alpha\": 100.0}@2"
    }, 
    {
        "parameters": {
            "alpha": 3.0
        }, 
        "score_time": 1, 
        "test_score": 0.4770906268183607, 
        "fit_time": 5, 
        "num_samples": 1102, 
        "best_iteration": null, 
        "train_score": 0.48830460682125043, 
        "parameter_id": 2, 
        "time": 6, 
        "done_at": 1544046523558, 
        "grid_point_id": "{\"alpha\": 3.0}@2"
    }, 
    {
        "parameters": {
            "alpha": 0.1
        }, 
        "score_time": 3, 
        "test_score": 0.727313475579565, 
        "fit_time": 3, 
        "num_samples": 1102, 
        "best_iteration": null, 
        "train_score": 0.7414790497856311, 
        "parameter_id": 0, 
        "time": 6, 
        "done_at": 1544046523569, 
        "grid_point_id": "{\"alpha\": 0.1}@2"
    }, 
    {
        "parameters": {
            "alpha": 10.0
        }, 
        "score_time": 9, 
        "test_score": 0.24841153206338662, 
        "fit_time": 13, 
        "num_samples": 1103, 
        "best_iteration": null, 
        "train_score": 0.2596049282638735, 
        "parameter_id": 3, 
        "time": 22, 
        "done_at": 1544046523611, 
        "grid_point_id": "{\"alpha\": 10.0}@0"
    }, 
    {
        "parameters": {
            "alpha": 10.0
        }, 
        "score_time": 8, 
        "test_score": 0.273128191354586, 
        "fit_time": 11, 
        "num_samples": 1103, 
        "best_iteration": null, 
        "train_score": 0.2561257196977327, 
        "parameter_id": 3, 
        "time": 19, 
        "done_at": 1544046523611, 
        "grid_point_id": "{\"alpha\": 10.0}@1"
    }, 
    {
        "parameters": {
            "alpha": 3.0
        }, 
        "score_time": 3, 
        "test_score": 0.5087740150123549, 
        "fit_time": 5, 
        "num_samples": 1103, 
        "best_iteration": null, 
        "train_score": 0.481441280434281, 
        "parameter_id": 2, 
        "time": 8, 
        "done_at": 1544046523554, 
        "grid_point_id": "{\"alpha\": 3.0}@1"
    }, 
    {
        "parameters": {
            "alpha": 10.0
        }, 
        "score_time": 5, 
        "test_score": 0.25319908921710643, 
        "fit_time": 7, 
        "num_samples": 1102, 
        "best_iteration": null, 
        "train_score": 0.259856855722582, 
        "parameter_id": 3, 
        "time": 12, 
        "done_at": 1544046523611, 
        "grid_point_id": "{\"alpha\": 10.0}@2"
    }, 
    {
        "parameters": {
            "alpha": 100.0
        }, 
        "score_time": 1, 
        "test_score": 0.03877654897534444, 
        "fit_time": 4, 
        "num_samples": 1103, 
        "best_iteration": null, 
        "train_score": 0.03629206170981858, 
        "parameter_id": 4, 
        "time": 5, 
        "done_at": 1544046523621, 
        "grid_point_id": "{\"alpha\": 100.0}@1"
    }
]