{
    "gridSize": 5, 
    "nThreads": 4, 
    "metric": "R2", 
    "gridPoints": [
        {
            "index": 0, 
            "finishedAt": 1544046523569.0, 
            "score": 0.73511215442211164, 
            "parameters": {
                "alpha": 0.1
            }, 
            "time": 18.0
        }, 
        {
            "index": 1, 
            "finishedAt": 1544046523584.0, 
            "score": 0.64209916298323344, 
            "parameters": {
                "alpha": 1.0
            }, 
            "time": 13.0
        }, 
        {
            "index": 2, 
            "finishedAt": 1544046523558.0, 
            "score": 0.48511687360819278, 
            "parameters": {
                "alpha": 3.0
            }, 
            "time": 24.0
        }, 
        {
            "index": 3, 
            "finishedAt": 1544046523611.0, 
            "score": 0.25824779662855957, 
            "parameters": {
                "alpha": 10.0
            }, 
            "time": 53.0
        }, 
        {
            "index": 4, 
            "finishedAt": 1544046523622.0, 
            "score": 0.036484212072505191, 
            "parameters": {
                "alpha": 100.0
            }, 
            "time": 18.0
        }
    ], 
    "startedAt": 1544046523540, 
    "nSplits": 3
}