{
    "usedGridSearch": true, 
    "gridSize": 5, 
    "modelInputNRows": 3308, 
    "modelInputNCols": 25, 
    "modelInputMemory": 661600, 
    "gridCells": [
        {
            "scoreTimeStd": 0.0020548046676563255, 
            "scoreTime": 0.003333333333333334, 
            "fitTime": 0.0046666666666666671, 
            "score": 0.48512645141599015, 
            "params": {
                "alpha": 3.0
            }, 
            "fitTimeStd": 0.00047140452079103169, 
            "scoreStd": 0.017009207478768218
        }, 
        {
            "scoreTimeStd": 0.00081649658092772595, 
            "scoreTime": 0.002, 
            "fitTime": 0.0040000000000000001, 
            "score": 0.73511215442211164, 
            "params": {
                "alpha": 0.1
            }, 
            "fitTimeStd": 0.00081649658092772595, 
            "scoreStd": 0.0095471211622437067
        }, 
        {
            "scoreTimeStd": 0.0012472191289246471, 
            "scoreTime": 0.0013333333333333333, 
            "fitTime": 0.0030000000000000005, 
            "score": 0.64209702268612723, 
            "params": {
                "alpha": 1.0
            }, 
            "fitTimeStd": 0.00081649658092772617, 
            "scoreStd": 0.017158464079721537
        }, 
        {
            "scoreTimeStd": 0.0016996731711975948, 
            "scoreTime": 0.0073333333333333341, 
            "fitTime": 0.010333333333333333, 
            "score": 0.25824779662855957, 
            "params": {
                "alpha": 10.0
            }, 
            "fitTimeStd": 0.0024944382578492939, 
            "scoreStd": 0.010704336629163192
        }, 
        {
            "scoreTimeStd": 0.00047140452079103169, 
            "scoreTime": 0.0013333333333333333, 
            "fitTime": 0.0046666666666666662, 
            "score": 0.036485106696357794, 
            "params": {
                "alpha": 100.0
            }, 
            "fitTimeStd": 0.0016996731711975948, 
            "scoreStd": 0.0016669961900811874
        }
    ], 
    "lmCoefficients": {
        "interceptStderr": null, 
        "interceptTstat": null, 
        "rescaledInterceptCoef": 792.53032538594869, 
        "rescaledCoefs": [
            260.00799185396579, 
            -0.059027040687173002, 
            0.95878859607805433, 
            50.668014999095384, 
            5.6364684199421147, 
            -354.30770714427251, 
            190.51083158050949, 
            -5.4910314388507624, 
            121.8309195164569, 
            -70.006369771655613, 
            9.9661549694237959, 
            48.80798440273216, 
            -159.83876032633717, 
            11.359371241587322, 
            148.50941108497111, 
            40.836052398802515, 
            -40.836052398803957
        ], 
        "variables": [
            "bathrooms", 
            "distance", 
            "floor", 
            "rooms", 
            "size", 
            "dummy:has360:False", 
            "dummy:hasLift:True", 
            "dummy:propertyType:flat", 
            "dummy:propertyType:penthouse", 
            "dummy:propertyType:studio", 
            "dummy:propertyType:duplex", 
            "dummy:exterior:True", 
            "dummy:hasPlan:False", 
            "dummy:hasVideo:False", 
            "dummy:detailedType_typology:flat", 
            "dummy:hasParkingSpace:True", 
            "dummy:hasParkingSpace:__Others__"
        ], 
        "interceptCoef": 1668.7576637466607, 
        "interceptPvalue": null, 
        "coefs": [
            232.43475568792306, 
            -199.81429120524072, 
            2.6590497445494181, 
            59.93864615730071, 
            373.55774660355939, 
            -354.30770714427251, 
            190.51083158050949, 
            -5.4910314388507624, 
            121.8309195164569, 
            -70.006369771655613, 
            9.9661549694237959, 
            48.80798440273216, 
            -159.83876032633717, 
            11.359371241587322, 
            148.50941108497111, 
            40.836052398802515, 
            -40.836052398803957
        ]
    }, 
    "gridBestScore": 0.73511215442211164, 
    "modelInputIsSparse": false
}