{
    "metrics": {
        "rmse": 441.9386981091748, 
        "pearson": 0.84269967142951452, 
        "mae": 309.88961779759887, 
        "r2": 0.70882315940278939, 
        "mape": 0.19998409882782528, 
        "mse": 195309.81288643234, 
        "evs": 0.70889898112409999, 
        "rmsle": 0.24766650032930235
    }, 
    "scatterPlotData": {
        "y": [
            1575.365, 
            848.6712, 
            931.5278, 
            1856.6261, 
            2231.1924, 
            1224.5399, 
            2472.2674, 
            2632.7478, 
            1771.1473, 
            2430.023, 
            1632.3406, 
            1383.341, 
            1166.9682, 
            3314.459, 
            2002.0875, 
            756.1121, 
            1731.9872, 
            2362.0305, 
            2719.7495, 
            1280.7827, 
            2032.0579, 
            1038.2069, 
            795.5973, 
            774.5297, 
            1163.6036, 
            2541.9175, 
            2359.9627, 
            1582.0594, 
            3492.956, 
            1958.6628, 
            1514.9087, 
            2163.5994, 
            1480.6842, 
            1164.5425, 
            1137.1231, 
            1828.967, 
            2197.6334, 
            1023.0737, 
            1744.3468, 
            1254.6222, 
            1257.3992, 
            1137.6335, 
            1197.1467, 
            1381.1511, 
            1350.9993, 
            1070.8073, 
            1602.2518, 
            864.5729, 
            884.4261, 
            2238.784, 
            4405.5485, 
            1682.5357, 
            1007.4312, 
            2472.2674, 
            1604.8886, 
            1889.2239, 
            1017.6549, 
            1811.2682, 
            2149.3913, 
            961.5072, 
            1931.7231, 
            2997.4499, 
            1193.4656, 
            1803.6818, 
            1500.9925, 
            2531.6617, 
            1023.9426, 
            1053.1466, 
            1803.0039, 
            3049.6361, 
            1833.8849, 
            975.9369, 
            2897.749, 
            685.875, 
            1722.5287, 
            1271.2574, 
            2065.6391, 
            1727.3398, 
            1423.1759, 
            820.0839, 
            1250.5125, 
            948.9608, 
            2443.2262, 
            1994.9116, 
            1578.1958, 
            1163.6036, 
            2145.8808, 
            773.8475, 
            1582.1046, 
            2621.7905, 
            1564.6351, 
            1473.0055, 
            1958.1849, 
            817.0995, 
            1102.769, 
            1069.464, 
            1337.6198, 
            956.141, 
            755.7214, 
            2298.197, 
            1870.5349, 
            1029.306, 
            1189.5879, 
            1750.6231, 
            991.7808, 
            1921.3922, 
            2590.7568, 
            1333.2815, 
            1042.8667, 
            1404.9503, 
            2362.1691, 
            1560.0589, 
            1358.1074, 
            2180.5859, 
            1155.7399, 
            3182.0368, 
            1527.4417, 
            1751.8594, 
            1198.7701, 
            1496.3493, 
            1428.9996, 
            1284.9757, 
            1774.0128, 
            1910.8771, 
            1054.2627, 
            1020.8101, 
            2688.1743, 
            1519.1598, 
            1912.5143, 
            1584.9284, 
            509.3661, 
            909.5296, 
            1062.4203, 
            3512.2841, 
            2019.5358, 
            1260.2472, 
            2000.9528, 
            841.1718, 
            1814.866, 
            1602.4251, 
            1490.1774, 
            1736.4476, 
            1321.752, 
            2707.8363, 
            1217.4253, 
            2888.7499, 
            932.492, 
            1172.4936, 
            1552.8166, 
            1221.1986, 
            2317.3854, 
            1028.4436, 
            3324.3435, 
            914.9776, 
            1767.164, 
            1443.5925, 
            1727.8483, 
            849.2992, 
            1791.0972, 
            2514.1996, 
            1404.9503, 
            1882.4188, 
            758.1847, 
            1488.3241, 
            1132.6163, 
            1835.2575, 
            1731.9448, 
            901.8692, 
            1116.9578, 
            1136.1064, 
            907.6659, 
            1566.8476, 
            1824.8541, 
            775.9569, 
            2462.5247, 
            1335.9083, 
            1720.2133, 
            923.0203, 
            1065.262, 
            2205.3511, 
            1160.4895, 
            2275.8336, 
            2535.4282, 
            2714.1222, 
            932.6255, 
            938.3002, 
            1321.752, 
            2840.4959, 
            2367.8078, 
            1677.7338, 
            1228.3039, 
            1957.3561, 
            1369.677, 
            1480.6815, 
            1863.6877, 
            1653.607, 
            1098.8078, 
            915.2663, 
            1748.0676, 
            1478.6471, 
            1023.7833, 
            1472.975, 
            1350.8972, 
            1626.9697, 
            1576.0542, 
            1333.5001, 
            803.948, 
            3014.9178, 
            1362.9931, 
            1615.7454, 
            1582.1046, 
            1497.2739, 
            2307.541, 
            1018.899, 
            1312.617, 
            1168.9879, 
            660.6895, 
            3505.0927, 
            1342.9221, 
            1577.5517, 
            1271.8202, 
            965.9443, 
            950.5146, 
            2181.4638, 
            2456.7271, 
            904.7025, 
            1232.3142, 
            964.8799, 
            1429.2462, 
            1271.768, 
            2938.8106, 
            1926.871, 
            1929.0222, 
            1211.1703, 
            1219.5223, 
            1969.0244, 
            1820.124, 
            1918.5698, 
            973.3458, 
            1554.9558, 
            1846.191, 
            1676.8302, 
            1239.6214, 
            1012.0417, 
            1757.3643, 
            2152.9676, 
            1371.4813, 
            1004.6192, 
            1501.1883, 
            2716.1575, 
            1868.5311, 
            964.8464, 
            2177.9418, 
            1365.763, 
            1428.4509, 
            3180.087, 
            1489.2829, 
            2635.5654, 
            1203.8648, 
            738.7082, 
            1275.3425, 
            2069.4264, 
            1222.2456, 
            1531.4169, 
            1167.6473, 
            1001.3557, 
            1230.8363, 
            2169.3683, 
            2646.3734, 
            933.6483, 
            1092.2389, 
            886.2104, 
            1682.0094, 
            2645.8282, 
            3270.2799, 
            937.0244, 
            2065.6391, 
            1555.3687, 
            2015.2127, 
            1692.9419, 
            1315.7993, 
            1667.6073, 
            1742.8136, 
            3185.612, 
            1541.1289, 
            3192.0372, 
            1148.2058, 
            1720.972, 
            1642.4152, 
            1638.4743, 
            2809.9568, 
            1503.8643, 
            1841.0003, 
            2044.9517, 
            1884.4384, 
            1524.0901, 
            1192.0191, 
            1749.7902, 
            1169.8721, 
            909.3622, 
            954.5684, 
            2833.7493, 
            1509.6975, 
            3066.2538, 
            1333.6518, 
            2057.4135, 
            1685.9584, 
            1296.8437, 
            1050.947, 
            1138.8288, 
            1267.8266, 
            2706.1733, 
            1905.3375, 
            1081.113, 
            1015.5907, 
            1054.8318, 
            2013.829, 
            1823.1154, 
            1219.5965, 
            2699.43, 
            1720.3097, 
            558.7233, 
            1223.5422, 
            1499.4781, 
            1564.0078, 
            783.1582, 
            1278.0928, 
            1442.8718, 
            1506.8427, 
            452.9279, 
            1152.1726, 
            3650.9717, 
            905.2382, 
            1237.5943, 
            953.7493, 
            3192.0372, 
            972.8726, 
            1396.7279, 
            2271.228, 
            2155.5165, 
            1445.7683, 
            1062.3912, 
            2964.6629, 
            1222.0954, 
            3300.4113, 
            2151.7903, 
            1031.0161, 
            1167.8199, 
            2094.7527, 
            1424.5656, 
            684.2515, 
            1844.0486, 
            2221.2024, 
            2155.1808, 
            1607.7726, 
            1229.9221, 
            2544.8282, 
            2735.7549, 
            1895.3578, 
            2640.5012, 
            1156.7935, 
            1889.0628, 
            961.1237, 
            1901.3587, 
            1463.8897, 
            1192.8659, 
            2920.0311, 
            1706.3999, 
            1667.6073, 
            1228.739, 
            1557.2476, 
            1145.4709, 
            763.9022, 
            827.5555, 
            1930.3931, 
            1324.8219, 
            1086.107, 
            1344.6278, 
            1223.4225, 
            1139.0644, 
            750.085, 
            947.4339, 
            1152.9474, 
            2263.3496, 
            831.7056, 
            1321.752, 
            987.6152, 
            958.0084, 
            1317.7579, 
            2776.5424, 
            850.8483, 
            1813.0123, 
            1202.5407, 
            1211.79, 
            1741.7957, 
            4092.8816, 
            1725.7497, 
            1575.4908, 
            1841.5628, 
            3125.0613, 
            1092.5549, 
            1723.048, 
            2600.3653, 
            2239.0641, 
            1004.4028, 
            1135.3694, 
            1093.0787, 
            2649.2058, 
            973.9755, 
            1056.5774, 
            702.3329, 
            871.1151, 
            1409.8313, 
            1911.6981, 
            1757.4574, 
            2002.3975, 
            1127.6524, 
            1194.334, 
            1128.7702, 
            1217.9329, 
            1464.8485, 
            999.8896, 
            1318.7285, 
            986.1406, 
            819.7942, 
            1175.2551, 
            3275.2642, 
            2772.4599, 
            2001.0274, 
            961.8051, 
            878.92, 
            1887.8617, 
            1214.0753, 
            1902.4222, 
            1197.1454, 
            2785.1854, 
            1128.0368, 
            553.7094, 
            1709.3329, 
            653.6821, 
            1747.6826, 
            411.4732, 
            530.1745, 
            778.1241, 
            631.3711, 
            1193.0979, 
            1969.2766, 
            1088.2336, 
            964.8822, 
            1818.3137, 
            947.4849, 
            2480.694, 
            1000.4517, 
            3275.7136, 
            975.3729, 
            821.8791, 
            1773.7217, 
            2723.8065, 
            2600.872, 
            1183.8123, 
            1518.7688, 
            1154.9809, 
            1222.9017, 
            1971.4499, 
            3526.8419, 
            2428.0948, 
            1434.9382, 
            755.9559, 
            1405.5189, 
            1491.5242, 
            1514.8151, 
            625.0256, 
            804.016, 
            1209.4608, 
            1398.6134, 
            1262.7846, 
            1362.7946, 
            1485.6552, 
            1280.2006, 
            2026.7192, 
            1299.9808, 
            1005.9223, 
            1288.4344, 
            925.4086, 
            1875.3591, 
            1341.3805, 
            757.5406, 
            1015.3931, 
            1558.9174, 
            1644.7999, 
            1396.0496, 
            692.0646, 
            1166.6922, 
            1142.4572, 
            2815.049, 
            1299.3206, 
            1698.7905, 
            771.7401, 
            1972.9225, 
            1328.8527, 
            2023.807, 
            1094.1763, 
            1215.576, 
            1520.1311, 
            1831.8196, 
            1807.4997, 
            2384.5779, 
            927.4184, 
            2907.5633, 
            2139.7087, 
            1250.461, 
            572.6882, 
            991.3381, 
            1525.3912, 
            2536.3134, 
            1164.796, 
            1464.746, 
            1229.3094, 
            852.2916, 
            1839.3392, 
            934.6508, 
            647.8578, 
            2300.8034, 
            950.5146, 
            1248.6249, 
            2118.3649, 
            2162.0292, 
            2405.4807, 
            1515.0727, 
            2002.326, 
            2281.5198, 
            1000.0102, 
            730.1623, 
            1374.2811, 
            1026.0312, 
            1428.0552, 
            1869.0433, 
            1615.7454, 
            1049.4474, 
            2597.1639, 
            1016.3135, 
            2454.1352, 
            954.2119, 
            941.5294, 
            2570.471, 
            2094.7527, 
            2010.9966, 
            775.962, 
            2042.364, 
            1510.0288, 
            1412.9686, 
            1219.5965, 
            881.1356, 
            1247.9213, 
            832.7137, 
            2445.9472, 
            866.9201, 
            2272.781, 
            1464.8228, 
            933.6261, 
            1543.4104, 
            1784.6648, 
            1712.1858, 
            1771.4777, 
            1407.7073, 
            919.4189, 
            1187.7156, 
            1111.0593, 
            1332.5376, 
            1372.6528, 
            975.9369, 
            1210.5845, 
            2763.8878, 
            1278.0543, 
            1098.2938, 
            2398.4123, 
            1827.1624, 
            2180.5635, 
            1322.0991, 
            1375.8205, 
            1824.9037, 
            1704.7944, 
            2168.5708, 
            1507.5102, 
            1994.9116, 
            2159.9465, 
            1775.7781, 
            1405.5753, 
            1196.5609, 
            1197.1454, 
            1324.2117, 
            1176.2994, 
            1491.3746, 
            1091.9824, 
            1884.9032, 
            1173.8907, 
            2699.43, 
            932.7137, 
            1828.736, 
            1827.3935, 
            890.7073, 
            1111.3218, 
            2895.0726, 
            1484.7211, 
            1000.2409, 
            718.5939, 
            978.6608, 
            1326.3446, 
            2165.593, 
            2336.5144, 
            1195.4565, 
            1242.8998, 
            1604.2148, 
            1803.2118, 
            1281.044, 
            1998.4441, 
            1250.7677, 
            1278.747, 
            1024.7656, 
            1247.9913, 
            2158.9585, 
            1831.6029, 
            2184.185, 
            1431.9757, 
            1045.8648, 
            1784.6454, 
            682.9772, 
            1719.5464, 
            2092.808, 
            2163.9983, 
            1629.1811, 
            1270.7612, 
            2209.4115, 
            1069.4029, 
            1966.7378, 
            1336.9775, 
            1684.0857, 
            1324.0547, 
            1956.7319, 
            940.3661, 
            4353.1067, 
            1366.6412, 
            1342.8708, 
            1779.6628, 
            1732.0501, 
            2336.5144, 
            2417.8425, 
            1497.6323, 
            1737.2079, 
            1326.2887, 
            2398.7176, 
            906.4545, 
            1625.751, 
            1628.5277, 
            1999.1012, 
            1335.4044, 
            1628.0273, 
            1217.4253, 
            1165.4595, 
            1298.4864, 
            692.6849, 
            717.4881, 
            1739.1967, 
            1653.9068, 
            1054.8285, 
            1257.0181, 
            2000.1485, 
            2024.77, 
            1039.842, 
            1934.2698, 
            861.6247, 
            937.9699, 
            2076.8677, 
            2022.2653, 
            1130.4234, 
            844.5405, 
            2186.7672, 
            1323.8156, 
            1258.5471, 
            883.5458, 
            2531.4058, 
            1022.8305, 
            2679.6184, 
            986.5678, 
            982.5148, 
            1548.0482, 
            1341.3418, 
            1320.1812, 
            1604.7461, 
            1084.6978, 
            1366.7595, 
            1032.676, 
            1161.6739, 
            920.4326, 
            987.9618, 
            911.5576, 
            1699.3354, 
            1260.1705, 
            2094.1352, 
            1176.5537, 
            1669.8259, 
            1304.436, 
            1090.5544, 
            2039.6458, 
            1228.0339, 
            3132.4529, 
            2710.0506, 
            574.3669, 
            1066.2894, 
            2218.2585, 
            3529.3286, 
            1033.6998, 
            838.9081, 
            2161.2589, 
            1896.8768, 
            1524.1722, 
            1464.8228, 
            2167.8364, 
            557.2613, 
            1376.2855, 
            2371.5506, 
            773.0886, 
            2025.835, 
            3412.3896, 
            1384.3964, 
            2173.6384, 
            790.2225, 
            1134.2516, 
            971.8677, 
            734.1817, 
            1464.8228, 
            2903.9227, 
            730.6354, 
            1464.4815, 
            1912.0062, 
            1159.1748, 
            884.5782, 
            2605.8483, 
            800.0714, 
            1446.8983, 
            2733.2165, 
            961.2078, 
            965.9172, 
            2606.6921, 
            1773.9531, 
            1594.125, 
            1080.4646, 
            2055.5491, 
            2840.7507, 
            1987.9489, 
            1220.1726, 
            1267.282, 
            1217.5495, 
            1171.2865, 
            2847.7555, 
            1083.0014, 
            927.7363, 
            1903.6078, 
            1618.3515, 
            787.1295, 
            1428.3957, 
            966.2878, 
            4585.3288, 
            1259.8446, 
            2225.8464, 
            1703.4887, 
            2257.2636, 
            2158.4006, 
            1774.4053, 
            1496.3747, 
            4193.675, 
            1613.8646, 
            1028.1063, 
            1222.5109, 
            2184.185, 
            942.2035, 
            1181.6354, 
            1182.6234, 
            1881.2204, 
            1288.713, 
            1967.1243, 
            914.1436, 
            1061.9517, 
            1413.1518, 
            930.5082, 
            1119.0978, 
            2322.7947, 
            1019.302, 
            1302.4229, 
            889.0433, 
            2198.4583, 
            893.0303, 
            2433.2708, 
            1824.8541, 
            3078.0844, 
            3010.0981, 
            778.9405, 
            1382.4224, 
            1065.6229, 
            976.025, 
            4716.9456, 
            1224.5061, 
            1786.3543, 
            1069.3682, 
            1489.938, 
            1671.9292, 
            1231.1386, 
            1089.0784, 
            2104.754, 
            1667.6073, 
            1692.6497, 
            1912.8817, 
            2937.8949, 
            1950.3891, 
            1636.5286, 
            935.0958, 
            1737.2079, 
            1906.8007, 
            2671.4153, 
            2201.5432, 
            1379.4022, 
            1194.6449, 
            1446.0824, 
            1248.2645, 
            1913.6955, 
            1458.9608, 
            2318.3154, 
            919.7276, 
            2153.362, 
            1055.4569, 
            969.7224, 
            988.9046, 
            1749.7504, 
            1338.8389, 
            1456.715, 
            2075.1934, 
            1068.0274, 
            1297.6197, 
            1103.7629, 
            2491.7565
        ], 
        "x": [
            2000.0, 
            600.0, 
            460.0, 
            1500.0, 
            2500.0, 
            1400.0, 
            3500.0, 
            3600.0, 
            1950.0, 
            3500.0, 
            2350.0, 
            1490.0, 
            1000.0, 
            3000.0, 
            1750.0, 
            850.0, 
            1390.0, 
            2150.0, 
            3600.0, 
            950.0, 
            1800.0, 
            900.0, 
            675.0, 
            700.0, 
            1000.0, 
            2300.0, 
            2900.0, 
            1200.0, 
            2800.0, 
            2100.0, 
            1800.0, 
            2300.0, 
            1000.0, 
            1100.0, 
            850.0, 
            1400.0, 
            1900.0, 
            1200.0, 
            950.0, 
            1000.0, 
            800.0, 
            850.0, 
            750.0, 
            1350.0, 
            1350.0, 
            850.0, 
            1200.0, 
            900.0, 
            800.0, 
            2350.0, 
            4000.0, 
            2550.0, 
            900.0, 
            3500.0, 
            1300.0, 
            1450.0, 
            1025.0, 
            1400.0, 
            2600.0, 
            800.0, 
            1900.0, 
            2500.0, 
            1200.0, 
            1650.0, 
            850.0, 
            2350.0, 
            1030.0, 
            795.0, 
            760.0, 
            3700.0, 
            1600.0, 
            980.0, 
            2600.0, 
            720.0, 
            1550.0, 
            1175.0, 
            2400.0, 
            2300.0, 
            1450.0, 
            800.0, 
            925.0, 
            895.0, 
            2750.0, 
            1950.0, 
            1500.0, 
            1000.0, 
            1950.0, 
            750.0, 
            1500.0, 
            2300.0, 
            1100.0, 
            1275.0, 
            2650.0, 
            800.0, 
            900.0, 
            1200.0, 
            1400.0, 
            900.0, 
            790.0, 
            2800.0, 
            1700.0, 
            1350.0, 
            1300.0, 
            1300.0, 
            850.0, 
            1950.0, 
            2850.0, 
            2000.0, 
            950.0, 
            1000.0, 
            2200.0, 
            1700.0, 
            1390.0, 
            2800.0, 
            1100.0, 
            3990.0, 
            2280.0, 
            1870.0, 
            930.0, 
            1100.0, 
            1700.0, 
            1375.0, 
            1350.0, 
            1900.0, 
            1400.0, 
            699.0, 
            3100.0, 
            1300.0, 
            1750.0, 
            1750.0, 
            950.0, 
            850.0, 
            1040.0, 
            2600.0, 
            2000.0, 
            1500.0, 
            1980.0, 
            790.0, 
            1580.0, 
            1650.0, 
            1410.0, 
            1450.0, 
            1300.0, 
            3900.0, 
            1000.0, 
            2500.0, 
            850.0, 
            1200.0, 
            2500.0, 
            1750.0, 
            3150.0, 
            1200.0, 
            2950.0, 
            875.0, 
            1850.0, 
            930.0, 
            1700.0, 
            1090.0, 
            1650.0, 
            2700.0, 
            1000.0, 
            1750.0, 
            650.0, 
            815.0, 
            1375.0, 
            2300.0, 
            1700.0, 
            810.0, 
            1300.0, 
            1150.0, 
            800.0, 
            1200.0, 
            2450.0, 
            950.0, 
            2400.0, 
            1400.0, 
            1000.0, 
            820.0, 
            870.0, 
            2700.0, 
            1180.0, 
            2550.0, 
            2400.0, 
            2500.0, 
            990.0, 
            900.0, 
            1300.0, 
            2800.0, 
            2100.0, 
            1380.0, 
            1700.0, 
            1700.0, 
            1270.0, 
            2700.0, 
            1550.0, 
            2000.0, 
            1150.0, 
            750.0, 
            3780.0, 
            1300.0, 
            919.0, 
            2000.0, 
            1200.0, 
            1100.0, 
            1600.0, 
            650.0, 
            700.0, 
            2400.0, 
            1400.0, 
            2000.0, 
            1500.0, 
            1200.0, 
            2300.0, 
            615.0, 
            1500.0, 
            1180.0, 
            600.0, 
            2500.0, 
            1150.0, 
            1500.0, 
            1299.0, 
            900.0, 
            930.0, 
            2500.0, 
            2100.0, 
            950.0, 
            1615.0, 
            1200.0, 
            1400.0, 
            1350.0, 
            2600.0, 
            1400.0, 
            1650.0, 
            1250.0, 
            1300.0, 
            1350.0, 
            1950.0, 
            2700.0, 
            1150.0, 
            1450.0, 
            2000.0, 
            1900.0, 
            1100.0, 
            1100.0, 
            1300.0, 
            2350.0, 
            1250.0, 
            480.0, 
            1500.0, 
            2950.0, 
            1550.0, 
            775.0, 
            2500.0, 
            1300.0, 
            1600.0, 
            2400.0, 
            820.0, 
            2500.0, 
            1300.0, 
            990.0, 
            1350.0, 
            1950.0, 
            900.0, 
            1100.0, 
            1350.0, 
            1000.0, 
            1000.0, 
            1900.0, 
            1950.0, 
            575.0, 
            930.0, 
            750.0, 
            1200.0, 
            2500.0, 
            2950.0, 
            1000.0, 
            2400.0, 
            1550.0, 
            2700.0, 
            1297.0, 
            1600.0, 
            1300.0, 
            2800.0, 
            3500.0, 
            1575.0, 
            3300.0, 
            1100.0, 
            1990.0, 
            800.0, 
            1400.0, 
            3200.0, 
            1190.0, 
            2600.0, 
            3240.0, 
            1800.0, 
            975.0, 
            795.0, 
            1200.0, 
            980.0, 
            775.0, 
            1000.0, 
            3500.0, 
            1690.0, 
            2000.0, 
            1200.0, 
            1500.0, 
            1700.0, 
            970.0, 
            800.0, 
            900.0, 
            1250.0, 
            3600.0, 
            1300.0, 
            950.0, 
            850.0, 
            890.0, 
            1800.0, 
            1850.0, 
            1100.0, 
            2100.0, 
            1350.0, 
            700.0, 
            950.0, 
            1900.0, 
            1400.0, 
            950.0, 
            990.0, 
            1450.0, 
            900.0, 
            700.0, 
            999.0, 
            3080.0, 
            700.0, 
            1200.0, 
            815.0, 
            3300.0, 
            980.0, 
            1000.0, 
            2500.0, 
            2300.0, 
            1650.0, 
            1100.0, 
            3400.0, 
            1200.0, 
            3950.0, 
            1660.0, 
            900.0, 
            975.0, 
            3780.0, 
            1100.0, 
            850.0, 
            1700.0, 
            1950.0, 
            2000.0, 
            1700.0, 
            1200.0, 
            2900.0, 
            2800.0, 
            2600.0, 
            3800.0, 
            1000.0, 
            2100.0, 
            900.0, 
            1450.0, 
            1600.0, 
            1100.0, 
            2800.0, 
            2500.0, 
            1300.0, 
            1100.0, 
            1250.0, 
            1600.0, 
            850.0, 
            750.0, 
            1500.0, 
            2430.0, 
            1200.0, 
            1500.0, 
            1200.0, 
            1190.0, 
            790.0, 
            800.0, 
            1300.0, 
            2100.0, 
            750.0, 
            1300.0, 
            1050.0, 
            750.0, 
            1300.0, 
            3850.0, 
            900.0, 
            1566.0, 
            1050.0, 
            950.0, 
            1520.0, 
            4000.0, 
            1650.0, 
            1300.0, 
            1650.0, 
            3500.0, 
            850.0, 
            1190.0, 
            2650.0, 
            2200.0, 
            1100.0, 
            1200.0, 
            1050.0, 
            2600.0, 
            1090.0, 
            1300.0, 
            900.0, 
            620.0, 
            1000.0, 
            1300.0, 
            1850.0, 
            1700.0, 
            1200.0, 
            800.0, 
            1099.0, 
            795.0, 
            1600.0, 
            775.0, 
            1745.0, 
            850.0, 
            975.0, 
            1100.0, 
            2800.0, 
            3300.0, 
            2700.0, 
            900.0, 
            1350.0, 
            1600.0, 
            1000.0, 
            1700.0, 
            900.0, 
            2800.0, 
            1150.0, 
            700.0, 
            2300.0, 
            750.0, 
            1600.0, 
            1200.0, 
            600.0, 
            830.0, 
            1100.0, 
            900.0, 
            1750.0, 
            800.0, 
            900.0, 
            1750.0, 
            850.0, 
            3200.0, 
            1100.0, 
            3500.0, 
            1100.0, 
            650.0, 
            3995.0, 
            2700.0, 
            3300.0, 
            1150.0, 
            840.0, 
            1200.0, 
            1100.0, 
            2400.0, 
            3800.0, 
            2800.0, 
            1500.0, 
            590.0, 
            1200.0, 
            1400.0, 
            1250.0, 
            700.0, 
            850.0, 
            1300.0, 
            1600.0, 
            950.0, 
            1700.0, 
            870.0, 
            750.0, 
            1600.0, 
            1400.0, 
            850.0, 
            980.0, 
            730.0, 
            1700.0, 
            1100.0, 
            850.0, 
            1080.0, 
            1580.0, 
            950.0, 
            1150.0, 
            650.0, 
            1250.0, 
            850.0, 
            2800.0, 
            950.0, 
            1500.0, 
            850.0, 
            2200.0, 
            1250.0, 
            2200.0, 
            1100.0, 
            1400.0, 
            1425.0, 
            3780.0, 
            1900.0, 
            2800.0, 
            700.0, 
            2500.0, 
            2000.0, 
            1450.0, 
            780.0, 
            1000.0, 
            1250.0, 
            2000.0, 
            990.0, 
            1250.0, 
            995.0, 
            1105.0, 
            2800.0, 
            890.0, 
            850.0, 
            2650.0, 
            930.0, 
            1025.0, 
            1800.0, 
            2190.0, 
            2000.0, 
            1450.0, 
            2700.0, 
            1600.0, 
            1000.0, 
            690.0, 
            1495.0, 
            800.0, 
            1650.0, 
            1150.0, 
            2000.0, 
            875.0, 
            3000.0, 
            800.0, 
            2900.0, 
            700.0, 
            1075.0, 
            1980.0, 
            3780.0, 
            2400.0, 
            850.0, 
            1750.0, 
            1300.0, 
            1250.0, 
            1100.0, 
            800.0, 
            900.0, 
            750.0, 
            3300.0, 
            850.0, 
            3600.0, 
            1500.0, 
            600.0, 
            1300.0, 
            1850.0, 
            1950.0, 
            2200.0, 
            1250.0, 
            950.0, 
            1000.0, 
            1200.0, 
            3000.0, 
            1850.0, 
            980.0, 
            700.0, 
            3499.0, 
            750.0, 
            850.0, 
            3000.0, 
            1500.0, 
            1550.0, 
            1250.0, 
            1150.0, 
            2200.0, 
            2500.0, 
            1750.0, 
            1600.0, 
            1950.0, 
            2100.0, 
            1400.0, 
            1600.0, 
            1300.0, 
            900.0, 
            1700.0, 
            1025.0, 
            1950.0, 
            800.0, 
            3780.0, 
            990.0, 
            2100.0, 
            1000.0, 
            1660.0, 
            1850.0, 
            1000.0, 
            690.0, 
            2450.0, 
            1700.0, 
            875.0, 
            900.0, 
            685.0, 
            1350.0, 
            2500.0, 
            1800.0, 
            1200.0, 
            1000.0, 
            1300.0, 
            1300.0, 
            700.0, 
            2500.0, 
            1280.0, 
            1199.0, 
            750.0, 
            860.0, 
            2000.0, 
            2100.0, 
            3950.0, 
            1050.0, 
            700.0, 
            1500.0, 
            720.0, 
            1350.0, 
            2000.0, 
            3800.0, 
            1250.0, 
            1750.0, 
            3200.0, 
            1200.0, 
            1350.0, 
            1260.0, 
            820.0, 
            1050.0, 
            1390.0, 
            875.0, 
            3850.0, 
            1200.0, 
            1400.0, 
            1500.0, 
            1600.0, 
            1800.0, 
            3000.0, 
            1350.0, 
            1300.0, 
            900.0, 
            1850.0, 
            850.0, 
            1500.0, 
            1850.0, 
            1900.0, 
            1100.0, 
            2400.0, 
            1000.0, 
            850.0, 
            1300.0, 
            700.0, 
            890.0, 
            2100.0, 
            2100.0, 
            890.0, 
            1100.0, 
            3000.0, 
            2800.0, 
            600.0, 
            1500.0, 
            750.0, 
            900.0, 
            2300.0, 
            3630.0, 
            850.0, 
            875.0, 
            2500.0, 
            1100.0, 
            1100.0, 
            900.0, 
            3000.0, 
            900.0, 
            2300.0, 
            1000.0, 
            950.0, 
            1250.0, 
            1050.0, 
            1300.0, 
            1700.0, 
            1100.0, 
            900.0, 
            1200.0, 
            1300.0, 
            950.0, 
            850.0, 
            890.0, 
            1200.0, 
            985.0, 
            2400.0, 
            1400.0, 
            2200.0, 
            1405.0, 
            1000.0, 
            2200.0, 
            1190.0, 
            3700.0, 
            3300.0, 
            699.0, 
            800.0, 
            3500.0, 
            2800.0, 
            1490.0, 
            675.0, 
            2200.0, 
            1300.0, 
            1400.0, 
            1500.0, 
            1975.0, 
            600.0, 
            900.0, 
            2000.0, 
            790.0, 
            1150.0, 
            2600.0, 
            1700.0, 
            1975.0, 
            820.0, 
            850.0, 
            1000.0, 
            700.0, 
            1500.0, 
            2900.0, 
            980.0, 
            1200.0, 
            3300.0, 
            950.0, 
            875.0, 
            3450.0, 
            700.0, 
            1675.0, 
            3400.0, 
            800.0, 
            875.0, 
            3600.0, 
            1700.0, 
            2500.0, 
            980.0, 
            2500.0, 
            2500.0, 
            2900.0, 
            1100.0, 
            1350.0, 
            1050.0, 
            1850.0, 
            4000.0, 
            900.0, 
            800.0, 
            2700.0, 
            1200.0, 
            800.0, 
            800.0, 
            990.0, 
            3500.0, 
            950.0, 
            3850.0, 
            600.0, 
            2100.0, 
            3000.0, 
            1935.0, 
            950.0, 
            3900.0, 
            1400.0, 
            1200.0, 
            1200.0, 
            3950.0, 
            875.0, 
            1700.0, 
            1100.0, 
            1950.0, 
            1350.0, 
            2500.0, 
            700.0, 
            800.0, 
            1590.0, 
            1100.0, 
            850.0, 
            3000.0, 
            1100.0, 
            1450.0, 
            1250.0, 
            1800.0, 
            800.0, 
            3100.0, 
            2450.0, 
            4000.0, 
            3700.0, 
            670.0, 
            1450.0, 
            1000.0, 
            695.0, 
            4000.0, 
            1030.0, 
            2500.0, 
            950.0, 
            1500.0, 
            1164.0, 
            1800.0, 
            1000.0, 
            1700.0, 
            1300.0, 
            1600.0, 
            2400.0, 
            2300.0, 
            1450.0, 
            1500.0, 
            850.0, 
            1300.0, 
            1500.0, 
            4000.0, 
            1700.0, 
            1750.0, 
            2600.0, 
            1100.0, 
            1800.0, 
            1850.0, 
            1200.0, 
            1750.0, 
            1350.0, 
            1750.0, 
            950.0, 
            900.0, 
            1000.0, 
            2745.0, 
            824.0, 
            1100.0, 
            1900.0, 
            900.0, 
            1450.0, 
            800.0, 
            2500.0
        ]
    }, 
    "processed_feature_names": [
        "bathrooms", 
        "distance", 
        "floor", 
        "rooms", 
        "size", 
        "dummy:has360:False", 
        "dummy:has360:N/A", 
        "dummy:hasLift:True", 
        "dummy:hasLift:N/A", 
        "dummy:propertyType:flat", 
        "dummy:propertyType:penthouse", 
        "dummy:propertyType:studio", 
        "dummy:propertyType:duplex", 
        "dummy:propertyType:N/A", 
        "dummy:exterior:True", 
        "dummy:exterior:N/A", 
        "dummy:hasPlan:False", 
        "dummy:hasPlan:N/A", 
        "dummy:hasVideo:False", 
        "dummy:hasVideo:N/A", 
        "dummy:detailedType_typology:flat", 
        "dummy:detailedType_typology:N/A", 
        "dummy:hasParkingSpace:True", 
        "dummy:hasParkingSpace:N/A", 
        "dummy:hasParkingSpace:__Others__"
    ], 
    "regression_performance": {
        "max_error": 1233.0515654416915, 
        "median_error": -60.3180277298452, 
        "error_distribution": [
            {
                "count": 63, 
                "bin_max": -502.32629477297314, 
                "bin_id": 0, 
                "bin_min": -697.07425464150776
            }, 
            {
                "count": 95, 
                "bin_max": -309.50653252689932, 
                "bin_id": 1, 
                "bin_min": -502.32629477297314
            }, 
            {
                "count": 197, 
                "bin_max": -116.6867702808255, 
                "bin_id": 2, 
                "bin_min": -309.50653252689932
            }, 
            {
                "count": 215, 
                "bin_max": 76.13299196524838, 
                "bin_id": 3, 
                "bin_min": -116.6867702808255
            }, 
            {
                "count": 115, 
                "bin_max": 268.95275421132226, 
                "bin_id": 4, 
                "bin_min": 76.13299196524838
            }, 
            {
                "count": 52, 
                "bin_max": 461.77251645739602, 
                "bin_id": 5, 
                "bin_min": 268.95275421132226
            }, 
            {
                "count": 31, 
                "bin_max": 654.5922787034699, 
                "bin_id": 6, 
                "bin_min": 461.77251645739602
            }, 
            {
                "count": 30, 
                "bin_max": 847.41204094954378, 
                "bin_id": 7, 
                "bin_min": 654.5922787034699
            }, 
            {
                "count": 16, 
                "bin_max": 1040.2318031956177, 
                "bin_id": 8, 
                "bin_min": 847.41204094954378
            }, 
            {
                "count": 26, 
                "bin_max": 1233.0515654416915, 
                "bin_id": 9, 
                "bin_min": 1040.2318031956177
            }
        ], 
        "min_error": -695.14605701904702, 
        "average_error": 1.9482188625593402, 
        "std_error": 403.86989315281636, 
        "p75_error": 165.24080073161997, 
        "p90_error": 553.3166286113266, 
        "p25_error": -254.3144815088755
    }
}