{
  "trainedWithDSSVersion": "5.0.2",
  "isValid": true,
  "type": "REGRESSION",
  "algorithm_name": "LINEAR",
  "columns": [
    "bathrooms",
    "distance",
    "floor",
    "rooms",
    "size",
    "dummy:has360:False",
    "dummy:has360:N/A",
    "dummy:hasLift:True",
    "dummy:hasLift:N/A",
    "dummy:propertyType:flat",
    "dummy:propertyType:penthouse",
    "dummy:propertyType:studio",
    "dummy:propertyType:duplex",
    "dummy:propertyType:N/A",
    "dummy:exterior:True",
    "dummy:exterior:N/A",
    "dummy:hasPlan:False",
    "dummy:hasPlan:N/A",
    "dummy:hasVideo:False",
    "dummy:hasVideo:N/A",
    "dummy:detailedType_typology:flat",
    "dummy:detailedType_typology:N/A",
    "dummy:hasParkingSpace:True",
    "dummy:hasParkingSpace:N/A",
    "dummy:hasParkingSpace:__Others__"
  ]
}