{
    "modelInputIsSparse": false, 
    "modelInputNRows": 2655, 
    "modelInputNCols": 25, 
    "modelInputMemory": 531000, 
    "lmCoefficients": {
        "interceptStderr": null, 
        "interceptTstat": null, 
        "rescaledInterceptCoef": 894.16974114706068, 
        "rescaledCoefs": [
            274.5927270279758, 
            -0.063427639106762024, 
            -0.45378669923538134, 
            383.07265457811303, 
            -4.389098331837511, 
            157.69082404294022, 
            89.301060996045962, 
            -126.31055017683339, 
            -19.406904029747142, 
            60.655436469361071, 
            -175.2117570146691, 
            39.108440971438164, 
            288.43263704781953, 
            51.109337086225722, 
            -4.1951208511165532e-14
        ], 
        "variables": [
            "bathrooms", 
            "distance", 
            "floor", 
            "size", 
            "dummy:has360:False", 
            "dummy:hasLift:True", 
            "dummy:propertyType:penthouse", 
            "dummy:propertyType:studio", 
            "dummy:propertyType:duplex", 
            "dummy:exterior:True", 
            "dummy:hasPlan:False", 
            "dummy:hasVideo:False", 
            "dummy:detailedType_typology:flat", 
            "dummy:hasParkingSpace:True", 
            "dummy:hasParkingSpace:__Others__"
        ], 
        "interceptCoef": 1458.4511324909436, 
        "interceptPvalue": null, 
        "coefs": [
            245.93549608592207, 
            -212.26089296057395, 
            -1.2343785460291206, 
            464.4245017556604, 
            -295.98073244292965, 
            157.69082404294022, 
            89.301060996045962, 
            -126.31055017683339, 
            -19.406904029747142, 
            60.655436469361071, 
            -175.2117570146691, 
            39.108440971438164, 
            288.43263704781953, 
            51.109337086225722, 
            -4.1951208511165532e-14
        ]
    }
}