{
    "metrics": {
        "rmse": 434.94085240403797, 
        "pearson": 0.85063159821643741, 
        "mae": 304.85907665317052, 
        "r2": 0.72117481003583661, 
        "mape": 0.19738639995075938, 
        "mse": 189173.54508995113, 
        "evs": 0.7235253221279937, 
        "rmsle": 0.2643775675181911
    }, 
    "scatterPlotData": {
        "y": [
            1739.533, 
            1688.9581, 
            1988.8755, 
            1332.7398, 
            835.8475, 
            1529.7047, 
            1700.024, 
            1322.8641, 
            1776.7355, 
            2489.0378, 
            755.3947, 
            815.1701, 
            1459.8167, 
            1491.3645, 
            1201.2449, 
            2959.6672, 
            2051.4449, 
            1102.4802, 
            2243.9154, 
            992.2521, 
            2534.1249, 
            1193.1119, 
            1247.7657, 
            2172.1155, 
            2206.1327, 
            1238.8602, 
            1055.2216, 
            1991.3299, 
            2759.0952, 
            1206.1469, 
            1764.8943, 
            3262.2577, 
            1009.6578, 
            2207.3396, 
            1324.1988, 
            1703.0116, 
            2376.4623, 
            896.5894, 
            1821.3759, 
            1612.144, 
            2064.6984, 
            848.5919, 
            1336.5757, 
            1429.87, 
            1675.368, 
            631.4786, 
            1113.231, 
            2912.0119, 
            2461.2782, 
            2797.9096, 
            1865.464, 
            2469.3493, 
            1259.0106, 
            3823.9265, 
            931.0194, 
            1358.399, 
            1727.7594, 
            1469.6609, 
            3010.8986, 
            1136.2701, 
            2659.2317, 
            1134.1599, 
            996.1224, 
            1045.7847, 
            1229.9696, 
            1346.455, 
            836.3503, 
            2180.2388, 
            1234.2293, 
            2193.5434, 
            1783.7406, 
            2167.4414, 
            4341.8662, 
            1893.5895, 
            1953.0033, 
            1255.3498, 
            1503.5719, 
            922.2482, 
            1236.07, 
            2450.7554, 
            800.7898, 
            1037.5896, 
            597.5885, 
            2855.9161, 
            1093.8989, 
            645.4321, 
            827.811, 
            923.7866, 
            1259.2358, 
            1197.6792, 
            1138.9631, 
            1519.8312, 
            1957.8187, 
            937.0723, 
            1693.2569, 
            1048.5121, 
            1633.9926, 
            686.8305, 
            2698.4372, 
            1589.0538, 
            1771.1666, 
            1177.8793, 
            2206.5738, 
            1390.7009, 
            2111.8646, 
            413.4233, 
            1665.7566, 
            872.5151, 
            1590.1518, 
            2023.2867, 
            1163.5871, 
            1423.7978, 
            1444.6747, 
            2305.2369, 
            2974.4939, 
            1353.9695, 
            2878.6629, 
            1464.0147, 
            2583.5625, 
            1092.7204, 
            1012.8299, 
            1073.466, 
            2695.4686, 
            1723.1679, 
            1306.5058, 
            972.7863, 
            2112.8305, 
            668.0512, 
            1880.694, 
            950.9632, 
            1721.0762, 
            2961.0735, 
            3306.4346, 
            1372.9668, 
            1130.4029, 
            924.3472, 
            1606.245, 
            1568.6301, 
            1106.5126, 
            1527.7074, 
            1843.4319, 
            1195.9998, 
            1507.1098, 
            954.5994, 
            963.0791, 
            1300.3467, 
            4544.5804, 
            1906.5974, 
            3559.4818, 
            1076.0702, 
            1391.7528, 
            1221.3535, 
            1287.7078, 
            1008.2555, 
            1786.6605, 
            1423.3248, 
            1725.8554, 
            905.1063, 
            1258.9215, 
            385.9015, 
            1605.1705, 
            1594.9925, 
            2529.4953, 
            1568.8222, 
            1403.0569, 
            3741.7694, 
            1719.1952, 
            2734.6213, 
            1941.3331, 
            2638.4137, 
            2509.4973, 
            1932.9093, 
            1411.0835, 
            1191.4568, 
            1077.7975, 
            2076.7983, 
            931.7969, 
            684.9018, 
            900.0028, 
            1027.8744, 
            1771.6842, 
            1022.595, 
            1157.1214, 
            1037.7282, 
            630.0534, 
            902.2953, 
            2061.054, 
            1295.7179, 
            3598.9708, 
            1173.3318, 
            915.2904, 
            1808.0869, 
            1509.4532, 
            2082.6906, 
            1141.9078, 
            1079.0481, 
            1991.9956, 
            2086.7987, 
            1687.3764, 
            1018.5847, 
            669.2577, 
            1119.3414, 
            928.7816, 
            932.5011, 
            1080.3614, 
            1390.6083, 
            1265.6824, 
            4540.3941, 
            773.4873, 
            2671.7834, 
            1973.4559, 
            1320.3189, 
            2068.5145, 
            366.926, 
            1138.6243, 
            1121.2168, 
            1312.8484, 
            1518.5595, 
            1068.9435, 
            982.804, 
            2442.3185, 
            1354.757, 
            471.6704, 
            2148.6632, 
            1653.3659, 
            3360.8594, 
            1754.1064, 
            1173.6566, 
            1831.913, 
            701.2121, 
            1168.2071, 
            2020.2039, 
            1490.2855, 
            1308.4338, 
            1529.8853, 
            1285.336, 
            1627.4007, 
            1416.9561, 
            1058.3485, 
            703.9095, 
            1262.7392, 
            799.4285, 
            1518.5835, 
            950.3009, 
            1055.7771, 
            1431.4644, 
            1168.7276, 
            1041.4171, 
            2534.1249, 
            734.8651, 
            1159.1288, 
            736.2018, 
            1271.5317, 
            2031.3529, 
            475.5984, 
            1419.5716, 
            1322.3323, 
            1297.7914, 
            363.0015, 
            2229.2042, 
            1561.2115, 
            955.3994, 
            1058.4825, 
            1986.5372, 
            3275.6121, 
            1579.3976, 
            931.0867, 
            1464.4245, 
            1164.7059, 
            2889.8627, 
            1391.7528, 
            1144.8305, 
            1053.1068, 
            2522.2587, 
            4377.282, 
            1172.5807, 
            2198.8812, 
            829.2001, 
            923.5127, 
            2649.2029, 
            928.7907, 
            1577.0588, 
            2534.0002, 
            1619.3944, 
            2628.207, 
            752.1236, 
            1448.7006, 
            835.3425, 
            2083.2227, 
            2131.7211, 
            2574.4219, 
            1730.3458, 
            368.6891, 
            1244.9406, 
            1313.8969, 
            1373.9659, 
            1251.0098, 
            503.217, 
            1819.4856, 
            1927.5973, 
            1880.6333, 
            772.2754, 
            885.0735, 
            1651.1773, 
            899.1809, 
            2343.8442, 
            1371.7386, 
            3778.4571, 
            1744.6837, 
            1268.2302, 
            1799.9976, 
            1415.6239, 
            1592.3947, 
            3367.9473, 
            1184.0458, 
            1187.145, 
            1728.2022, 
            2869.7362, 
            1110.7575, 
            661.5795, 
            1438.1349, 
            1011.3541, 
            1145.9136, 
            1177.9787, 
            2007.7954, 
            4820.7469, 
            1377.6811, 
            370.9416, 
            1287.8773, 
            1660.03, 
            1141.7338, 
            1881.4557, 
            621.7356, 
            1496.4102, 
            1674.9132, 
            978.5953, 
            1589.3635, 
            1213.8612, 
            1578.2067, 
            989.0483, 
            1371.0474, 
            1469.1619, 
            963.9575, 
            2031.8995, 
            1439.0722, 
            1727.8375, 
            1903.3651, 
            883.2209, 
            940.2918, 
            1019.4287, 
            1802.4114, 
            1193.4092, 
            2656.6893, 
            705.1891, 
            799.4285, 
            2061.3596, 
            782.5926, 
            1022.5713, 
            1113.8267, 
            2925.6943, 
            929.6003, 
            1695.3511, 
            1001.8076, 
            1056.5576, 
            1734.1188, 
            1624.2387, 
            910.047, 
            1455.3342, 
            2450.7554, 
            2598.9997, 
            1839.8153, 
            900.445, 
            1270.1108, 
            1507.9887, 
            881.4892, 
            1268.9396, 
            1015.7595, 
            1584.1266, 
            1667.4285, 
            2255.6666, 
            2093.411, 
            1198.6366, 
            1618.2761, 
            2248.0792, 
            1176.5605, 
            1257.4865, 
            1377.8271, 
            2654.9393, 
            781.9436, 
            1032.846, 
            933.8485, 
            1610.3181, 
            1471.448, 
            1059.7173, 
            975.2929, 
            1788.0404, 
            1629.8455, 
            1152.7406, 
            1602.5579, 
            1662.5041, 
            1836.7939, 
            1273.3265, 
            3254.275, 
            984.5851, 
            1746.2643, 
            2539.852, 
            2330.7474, 
            1085.2888, 
            987.361, 
            514.2719, 
            699.5875, 
            671.3619, 
            1926.124, 
            1066.2665, 
            1932.7005, 
            1374.1622, 
            1642.5744, 
            1552.6021, 
            1535.1722, 
            1507.7298, 
            1484.9343, 
            1490.2855, 
            1876.3954, 
            1611.3723, 
            1490.2589, 
            1047.5661, 
            1223.0494, 
            837.1724, 
            985.4392, 
            1426.4367, 
            1483.3405, 
            625.8213, 
            767.8557, 
            981.8762, 
            1025.5244, 
            2202.7249, 
            1292.8384, 
            685.0352, 
            1113.8029, 
            894.167, 
            2186.7725, 
            350.9507, 
            1131.2576, 
            1637.2909, 
            1021.6228, 
            782.6636, 
            1756.7602, 
            1297.4792, 
            1224.7304, 
            2020.4309, 
            1256.1219, 
            931.7899, 
            862.8432, 
            907.0351, 
            2981.5887, 
            815.7268, 
            632.7736, 
            1987.0239, 
            1338.9473, 
            950.6848, 
            1510.7511, 
            1172.0254, 
            1420.7947, 
            1693.6433, 
            1999.0133, 
            1132.5162, 
            1621.5149, 
            1072.1217, 
            1291.2083, 
            2111.1648, 
            1342.0352, 
            1672.687, 
            1957.4604, 
            1993.2887, 
            891.2118, 
            3347.4775, 
            628.6892, 
            996.4537, 
            265.2594, 
            2480.4349, 
            961.9226, 
            1009.0278, 
            1732.9095, 
            1172.5492, 
            1809.5038, 
            940.5423, 
            1075.9251, 
            837.7656, 
            2617.8096, 
            1377.0326, 
            1975.4238, 
            1303.4976, 
            1517.4724, 
            2057.4456, 
            1982.6259, 
            1463.323, 
            2131.4248, 
            941.5064, 
            707.4764, 
            1410.6407, 
            2043.1959, 
            1667.6191, 
            2218.5252, 
            1386.2099, 
            1910.2443, 
            2429.7157, 
            2302.0614, 
            1107.667, 
            1090.0272, 
            1897.448, 
            2498.3485, 
            1068.6058, 
            1008.8267, 
            1646.4851, 
            1058.5012, 
            748.9839, 
            1433.8734, 
            891.8342, 
            1262.7218, 
            1271.3401, 
            855.7118, 
            878.8071, 
            2648.51, 
            793.8295, 
            2880.5101, 
            1905.0647, 
            1566.2977, 
            1169.9573, 
            2140.1752, 
            1388.9938, 
            1298.6298, 
            1565.5882, 
            931.2658, 
            1596.4418, 
            1092.6512, 
            1039.7591, 
            2414.7747, 
            1128.0829, 
            2106.3436, 
            965.7822, 
            920.6689, 
            993.4618, 
            2276.0541, 
            1660.8761, 
            1338.9473, 
            1068.1626, 
            1527.8381, 
            2077.3338, 
            1040.3798, 
            1242.3741, 
            2553.7614, 
            1050.679, 
            2028.3232, 
            1216.2834, 
            625.3063, 
            1020.2502, 
            2502.5519, 
            1237.3386, 
            1399.6698, 
            885.377, 
            2455.3597, 
            1801.0445, 
            960.2989, 
            2264.281, 
            907.332, 
            1141.7338, 
            558.1767, 
            2200.789, 
            488.9227, 
            1504.5522, 
            1526.9663, 
            1609.0666, 
            1045.4116, 
            1052.7634, 
            1568.7298, 
            769.4381, 
            1835.44, 
            2194.8218, 
            3403.0232, 
            3280.292, 
            1489.2514, 
            936.4407, 
            1498.5952, 
            1172.3023, 
            1317.8386, 
            1837.8306, 
            1649.5395, 
            2010.697, 
            859.6514, 
            1784.8032, 
            1400.0719, 
            879.3807, 
            750.303, 
            1068.375, 
            1218.9389, 
            1869.4475, 
            2575.1461, 
            864.7296, 
            1670.4445, 
            840.2628, 
            1274.6425, 
            908.5245, 
            1135.3612, 
            971.0986, 
            1136.7297, 
            636.0365, 
            1184.0668, 
            1212.4393, 
            1915.7255, 
            1186.0336, 
            742.3999, 
            2504.8819, 
            1167.9221, 
            994.9927, 
            995.5361, 
            1621.1554, 
            1252.7429, 
            738.8857, 
            1425.0752, 
            4426.3338, 
            1888.7185, 
            1250.6793, 
            995.2728, 
            1236.6837, 
            869.0091, 
            1135.1149, 
            1040.2708, 
            2049.7335, 
            719.9739, 
            1082.1582, 
            3345.7712, 
            1101.9041, 
            1650.9473, 
            917.0746, 
            1627.4785, 
            867.0901, 
            1245.9273, 
            1947.5099, 
            1633.9926, 
            1911.9664, 
            2140.1752, 
            1464.499, 
            3341.8008, 
            1201.4714, 
            790.3871, 
            1369.1852, 
            3057.6246, 
            539.5698, 
            845.8908, 
            2310.875, 
            1266.0633, 
            1697.3971, 
            1409.7855, 
            1765.653, 
            1371.3955, 
            909.8048, 
            1999.0053, 
            1957.5111, 
            1072.6754, 
            2607.0455, 
            1062.1365, 
            1974.6924, 
            2702.0093, 
            1521.2321
        ], 
        "x": [
            1700.0, 
            1500.0, 
            1900.0, 
            1202.0, 
            1150.0, 
            1550.0, 
            3400.0, 
            1200.0, 
            1600.0, 
            3500.0, 
            850.0, 
            600.0, 
            1200.0, 
            800.0, 
            1400.0, 
            3500.0, 
            1800.0, 
            725.0, 
            3645.0, 
            1000.0, 
            2400.0, 
            1500.0, 
            920.0, 
            1400.0, 
            2900.0, 
            1000.0, 
            1100.0, 
            1650.0, 
            3600.0, 
            1100.0, 
            3240.0, 
            2400.0, 
            850.0, 
            2000.0, 
            1250.0, 
            2200.0, 
            3105.0, 
            950.0, 
            1700.0, 
            1650.0, 
            2300.0, 
            850.0, 
            1125.0, 
            1200.0, 
            1000.0, 
            750.0, 
            900.0, 
            3800.0, 
            2150.0, 
            2950.0, 
            1700.0, 
            2300.0, 
            925.0, 
            2600.0, 
            1300.0, 
            1200.0, 
            1300.0, 
            1100.0, 
            2850.0, 
            900.0, 
            2400.0, 
            1200.0, 
            1200.0, 
            950.0, 
            1350.0, 
            1650.0, 
            800.0, 
            2100.0, 
            1350.0, 
            1800.0, 
            1650.0, 
            3500.0, 
            3850.0, 
            1850.0, 
            2400.0, 
            900.0, 
            2845.0, 
            975.0, 
            770.0, 
            3000.0, 
            900.0, 
            800.0, 
            680.0, 
            2800.0, 
            1250.0, 
            800.0, 
            2600.0, 
            900.0, 
            1000.0, 
            850.0, 
            1600.0, 
            1500.0, 
            1850.0, 
            1500.0, 
            1350.0, 
            950.0, 
            1300.0, 
            650.0, 
            2600.0, 
            1400.0, 
            1900.0, 
            785.0, 
            1550.0, 
            1250.0, 
            3300.0, 
            700.0, 
            2400.0, 
            1060.0, 
            1500.0, 
            1910.0, 
            1100.0, 
            1400.0, 
            1200.0, 
            2650.0, 
            3000.0, 
            1240.0, 
            2800.0, 
            1500.0, 
            2800.0, 
            1150.0, 
            1000.0, 
            900.0, 
            1950.0, 
            1800.0, 
            1200.0, 
            1090.0, 
            3000.0, 
            1900.0, 
            2400.0, 
            1200.0, 
            1750.0, 
            3000.0, 
            4000.0, 
            1250.0, 
            1000.0, 
            700.0, 
            2000.0, 
            975.0, 
            825.0, 
            1100.0, 
            1300.0, 
            950.0, 
            1500.0, 
            750.0, 
            850.0, 
            1250.0, 
            4000.0, 
            2200.0, 
            4000.0, 
            900.0, 
            1200.0, 
            1350.0, 
            1300.0, 
            1150.0, 
            1580.0, 
            1300.0, 
            1900.0, 
            900.0, 
            1250.0, 
            650.0, 
            1300.0, 
            1400.0, 
            2400.0, 
            1500.0, 
            1100.0, 
            3500.0, 
            1390.0, 
            3400.0, 
            1950.0, 
            3700.0, 
            1550.0, 
            1650.0, 
            1600.0, 
            1150.0, 
            900.0, 
            1399.0, 
            1000.0, 
            675.0, 
            650.0, 
            800.0, 
            1400.0, 
            1130.0, 
            1300.0, 
            900.0, 
            850.0, 
            900.0, 
            2500.0, 
            1300.0, 
            4000.0, 
            950.0, 
            850.0, 
            1275.0, 
            1400.0, 
            1600.0, 
            1250.0, 
            1035.0, 
            1250.0, 
            1690.0, 
            1850.0, 
            850.0, 
            950.0, 
            850.0, 
            700.0, 
            900.0, 
            1800.0, 
            1600.0, 
            1600.0, 
            4000.0, 
            950.0, 
            2700.0, 
            2700.0, 
            1590.0, 
            2700.0, 
            575.0, 
            1300.0, 
            1500.0, 
            1260.0, 
            1600.0, 
            1150.0, 
            850.0, 
            2000.0, 
            1400.0, 
            690.0, 
            1700.0, 
            1400.0, 
            2500.0, 
            1890.0, 
            1200.0, 
            1850.0, 
            720.0, 
            900.0, 
            1150.0, 
            1350.0, 
            1350.0, 
            1250.0, 
            1000.0, 
            1900.0, 
            1400.0, 
            1600.0, 
            800.0, 
            850.0, 
            900.0, 
            1250.0, 
            1100.0, 
            1100.0, 
            1500.0, 
            1100.0, 
            950.0, 
            2400.0, 
            700.0, 
            1700.0, 
            750.0, 
            900.0, 
            1865.0, 
            700.0, 
            1590.0, 
            900.0, 
            1100.0, 
            650.0, 
            2600.0, 
            1400.0, 
            800.0, 
            850.0, 
            1850.0, 
            2800.0, 
            1500.0, 
            850.0, 
            1400.0, 
            1550.0, 
            3300.0, 
            1200.0, 
            1355.0, 
            750.0, 
            3200.0, 
            3900.0, 
            1050.0, 
            2000.0, 
            875.0, 
            850.0, 
            3450.0, 
            725.0, 
            1100.0, 
            3200.0, 
            1490.0, 
            2500.0, 
            625.0, 
            1425.0, 
            790.0, 
            1700.0, 
            3240.0, 
            2700.0, 
            1500.0, 
            730.0, 
            1400.0, 
            1500.0, 
            1300.0, 
            995.0, 
            600.0, 
            2800.0, 
            1900.0, 
            1430.0, 
            750.0, 
            895.0, 
            1575.0, 
            800.0, 
            1950.0, 
            1400.0, 
            3000.0, 
            1800.0, 
            1375.0, 
            2200.0, 
            1100.0, 
            1100.0, 
            3500.0, 
            1170.0, 
            1200.0, 
            1950.0, 
            3700.0, 
            810.0, 
            650.0, 
            1425.0, 
            900.0, 
            1250.0, 
            1100.0, 
            1700.0, 
            3975.0, 
            1400.0, 
            1200.0, 
            2470.0, 
            1600.0, 
            1045.0, 
            3700.0, 
            1300.0, 
            2995.0, 
            2100.0, 
            850.0, 
            1850.0, 
            1100.0, 
            1500.0, 
            750.0, 
            800.0, 
            1100.0, 
            725.0, 
            3300.0, 
            835.0, 
            950.0, 
            1700.0, 
            750.0, 
            730.0, 
            1500.0, 
            2700.0, 
            1750.0, 
            3300.0, 
            900.0, 
            900.0, 
            1600.0, 
            650.0, 
            1100.0, 
            995.0, 
            2700.0, 
            1500.0, 
            1300.0, 
            1200.0, 
            1850.0, 
            1950.0, 
            1250.0, 
            1100.0, 
            1450.0, 
            3000.0, 
            2450.0, 
            1850.0, 
            1000.0, 
            1250.0, 
            1800.0, 
            1100.0, 
            995.0, 
            1200.0, 
            1300.0, 
            1100.0, 
            3850.0, 
            3200.0, 
            1100.0, 
            1500.0, 
            3950.0, 
            1300.0, 
            1100.0, 
            1200.0, 
            3000.0, 
            850.0, 
            680.0, 
            1000.0, 
            1900.0, 
            1400.0, 
            1200.0, 
            650.0, 
            1935.0, 
            2350.0, 
            950.0, 
            1500.0, 
            1400.0, 
            1900.0, 
            1000.0, 
            3800.0, 
            990.0, 
            1566.0, 
            3000.0, 
            3900.0, 
            1650.0, 
            1200.0, 
            900.0, 
            820.0, 
            750.0, 
            1800.0, 
            780.0, 
            2100.0, 
            1300.0, 
            1800.0, 
            1300.0, 
            1400.0, 
            1650.0, 
            1400.0, 
            1350.0, 
            2500.0, 
            1250.0, 
            870.0, 
            1200.0, 
            890.0, 
            750.0, 
            980.0, 
            950.0, 
            2000.0, 
            850.0, 
            700.0, 
            1300.0, 
            980.0, 
            3100.0, 
            1600.0, 
            550.0, 
            900.0, 
            950.0, 
            1975.0, 
            810.0, 
            1100.0, 
            1300.0, 
            650.0, 
            800.0, 
            1865.0, 
            950.0, 
            995.0, 
            3780.0, 
            1250.0, 
            900.0, 
            850.0, 
            1090.0, 
            2700.0, 
            800.0, 
            650.0, 
            1400.0, 
            950.0, 
            800.0, 
            1500.0, 
            1300.0, 
            2430.0, 
            1100.0, 
            2700.0, 
            900.0, 
            1300.0, 
            700.0, 
            1130.0, 
            3000.0, 
            1067.0, 
            1650.0, 
            2350.0, 
            3630.0, 
            810.0, 
            3990.0, 
            1100.0, 
            1100.0, 
            1400.0, 
            2900.0, 
            795.0, 
            1300.0, 
            1300.0, 
            1350.0, 
            1500.0, 
            900.0, 
            900.0, 
            950.0, 
            2499.0, 
            1490.0, 
            1980.0, 
            1390.0, 
            1500.0, 
            2450.0, 
            2300.0, 
            1390.0, 
            2600.0, 
            1150.0, 
            980.0, 
            1700.0, 
            2700.0, 
            800.0, 
            2600.0, 
            1500.0, 
            2300.0, 
            3000.0, 
            1690.0, 
            1900.0, 
            1200.0, 
            1300.0, 
            1900.0, 
            1000.0, 
            850.0, 
            1900.0, 
            750.0, 
            780.0, 
            1400.0, 
            1300.0, 
            1200.0, 
            1150.0, 
            890.0, 
            850.0, 
            2600.0, 
            975.0, 
            2800.0, 
            1650.0, 
            1700.0, 
            950.0, 
            1950.0, 
            1250.0, 
            745.0, 
            1450.0, 
            900.0, 
            950.0, 
            900.0, 
            690.0, 
            3000.0, 
            950.0, 
            1900.0, 
            750.0, 
            770.0, 
            1500.0, 
            3100.0, 
            1500.0, 
            950.0, 
            800.0, 
            1400.0, 
            2000.0, 
            630.0, 
            1100.0, 
            3500.0, 
            1380.0, 
            2700.0, 
            1000.0, 
            657.0, 
            740.0, 
            2700.0, 
            790.0, 
            1650.0, 
            745.0, 
            2100.0, 
            2650.0, 
            875.0, 
            1950.0, 
            1000.0, 
            1045.0, 
            800.0, 
            1950.0, 
            520.0, 
            1350.0, 
            1100.0, 
            2500.0, 
            850.0, 
            1099.0, 
            1950.0, 
            780.0, 
            2350.0, 
            2000.0, 
            3500.0, 
            3700.0, 
            1700.0, 
            815.0, 
            1275.0, 
            915.0, 
            1300.0, 
            2300.0, 
            1600.0, 
            1900.0, 
            980.0, 
            1700.0, 
            1450.0, 
            1000.0, 
            585.0, 
            1050.0, 
            1250.0, 
            1900.0, 
            2900.0, 
            600.0, 
            2900.0, 
            650.0, 
            950.0, 
            800.0, 
            1390.0, 
            900.0, 
            1000.0, 
            750.0, 
            1700.0, 
            1500.0, 
            1900.0, 
            890.0, 
            800.0, 
            2300.0, 
            1200.0, 
            699.0, 
            1000.0, 
            1850.0, 
            850.0, 
            680.0, 
            1300.0, 
            3500.0, 
            1650.0, 
            990.0, 
            1150.0, 
            1100.0, 
            800.0, 
            1100.0, 
            1300.0, 
            2800.0, 
            750.0, 
            1150.0, 
            3950.0, 
            850.0, 
            1100.0, 
            1500.0, 
            1800.0, 
            850.0, 
            1700.0, 
            2650.0, 
            1300.0, 
            1600.0, 
            1950.0, 
            975.0, 
            4000.0, 
            850.0, 
            815.0, 
            1800.0, 
            3800.0, 
            900.0, 
            900.0, 
            3600.0, 
            960.0, 
            1250.0, 
            820.0, 
            1500.0, 
            1240.0, 
            800.0, 
            3105.0, 
            2200.0, 
            1000.0, 
            2300.0, 
            850.0, 
            2970.0, 
            2100.0, 
            1450.0
        ]
    }, 
    "processed_feature_names": [
        "bathrooms", 
        "distance", 
        "floor", 
        "rooms", 
        "size", 
        "dummy:has360:False", 
        "dummy:has360:N/A", 
        "dummy:hasLift:True", 
        "dummy:hasLift:N/A", 
        "dummy:propertyType:flat", 
        "dummy:propertyType:penthouse", 
        "dummy:propertyType:studio", 
        "dummy:propertyType:duplex", 
        "dummy:propertyType:N/A", 
        "dummy:exterior:True", 
        "dummy:exterior:N/A", 
        "dummy:hasPlan:False", 
        "dummy:hasPlan:N/A", 
        "dummy:hasVideo:False", 
        "dummy:hasVideo:N/A", 
        "dummy:detailedType_typology:flat", 
        "dummy:detailedType_typology:N/A", 
        "dummy:hasParkingSpace:True", 
        "dummy:hasParkingSpace:N/A", 
        "dummy:hasParkingSpace:__Others__"
    ], 
    "regression_performance": {
        "max_error": 1283.658619436374, 
        "median_error": -34.36927734493344, 
        "error_distribution": [
            {
                "count": 38, 
                "bin_max": -490.68766765958486, 
                "bin_id": 0, 
                "bin_min": -689.80875098924241
            }, 
            {
                "count": 72, 
                "bin_max": -293.53808020447832, 
                "bin_id": 1, 
                "bin_min": -490.68766765958486
            }, 
            {
                "count": 168, 
                "bin_max": -96.388492749371721, 
                "bin_id": 2, 
                "bin_min": -293.53808020447832
            }, 
            {
                "count": 162, 
                "bin_max": 100.76109470573476, 
                "bin_id": 3, 
                "bin_min": -96.388492749371721
            }, 
            {
                "count": 96, 
                "bin_max": 297.91068216084125, 
                "bin_id": 4, 
                "bin_min": 100.76109470573476
            }, 
            {
                "count": 43, 
                "bin_max": 495.06026961594796, 
                "bin_id": 5, 
                "bin_min": 297.91068216084125
            }, 
            {
                "count": 31, 
                "bin_max": 692.20985707105444, 
                "bin_id": 6, 
                "bin_min": 495.06026961594796
            }, 
            {
                "count": 22, 
                "bin_max": 889.35944452616093, 
                "bin_id": 7, 
                "bin_min": 692.20985707105444
            }, 
            {
                "count": 9, 
                "bin_max": 1086.5090319812675, 
                "bin_id": 8, 
                "bin_min": 889.35944452616093
            }, 
            {
                "count": 23, 
                "bin_max": 1283.658619436374, 
                "bin_id": 9, 
                "bin_min": 1086.5090319812675
            }
        ], 
        "min_error": -687.8372551146914, 
        "average_error": 37.48664252533308, 
        "std_error": 406.1320852871881, 
        "p75_error": 200.03570191544526, 
        "p90_error": 584.535349455194, 
        "p25_error": -212.41016086376362
    }
}