{
  "state": "DONE",
  "preSearchDescription": {
    "gridLength": 1,
    "importantParams": [
      {
        "name": "alpha",
        "val": "Auto-optimized"
      }
    ]
  },
  "postSearchDescription": {
    "importantParams": [
      {
        "name": "alpha",
        "val": "0.012407813"
      }
    ]
  },
  "sampleWeightsEnabled": false,
  "modelId": "m1",
  "progress": {
    "top_level_todo": [],
    "stack": [],
    "top_level_done": [
      {
        "name": "Loading train set",
        "time": 28
      },
      {
        "name": "Loading test set",
        "time": 11
      },
      {
        "name": "Collecting statistics",
        "time": 18
      },
      {
        "name": "Preprocessing train set",
        "time": 40
      },
      {
        "name": "Preprocessing test set",
        "time": 29
      },
      {
        "name": "Fitting model",
        "time": 60
      },
      {
        "name": "Saving model",
        "time": 1
      },
      {
        "name": "Scoring model",
        "time": 32
      }
    ]
  },
  "startTime": 1544048213661,
  "endTime": 1544048213883,
  "preprocessingTime": 128,
  "trainingTime": 94
}