{
    "modelInputIsSparse": false, 
    "modelInputNRows": 3308, 
    "modelInputNCols": 204, 
    "modelInputMemory": 5398656, 
    "lmCoefficients": {
        "interceptStderr": null, 
        "interceptTstat": null, 
        "rescaledInterceptCoef": 1050.8163003259021, 
        "rescaledCoefs": [
            211.00062389051016, 
            -0.053023043591918229, 
            19.662591031469553, 
            351.2207288512256, 
            -4.5951166824465588, 
            75.937562208028012, 
            68.494603260487509, 
            -37.094094701813511, 
            92.476508218930164, 
            641.09308816755777, 
            -103.26477986068409, 
            34.217917694473222, 
            95.317709864575789, 
            273.92219873323751, 
            -88.585690480472294, 
            206.12604730701111, 
            280.12237362705366, 
            14.118552536339317, 
            98.699840971282597, 
            -21.693403170072703, 
            26.638977865870505, 
            69.399334183848097, 
            1.0038744724580997, 
            170.08407893622038, 
            300.10771219290621, 
            33.161719141280081, 
            144.2336501519645, 
            1.2403548527451327, 
            -294.84194747362574, 
            -69.119477812691954, 
            234.75828120547621, 
            115.31204898247375, 
            -296.71704375965828, 
            -142.53674789459066, 
            8.2377497845059615, 
            -63.701996324075481, 
            -231.90038149461057, 
            509.24153082679965, 
            -19.028293594840271, 
            -154.2854996720545, 
            -14.783648090159184, 
            -86.029472243974752, 
            132.99720402675058, 
            244.05477394680585, 
            -22.046185303436239, 
            -52.651652219599697, 
            -218.82147359278156, 
            -27.389375784027511, 
            -88.479277488605078, 
            -26.744467099710441, 
            -111.95371633615709, 
            -142.47528490483813, 
            157.29577300675828, 
            -12.652569961145833, 
            -5.8019013345760806, 
            -10.64173637403092, 
            -19.736047244786789, 
            220.2700855875224, 
            -48.341301816174678, 
            -83.431292076812113, 
            -34.51386089206926, 
            -266.52919943557595, 
            -9.5399733000275724, 
            -279.07185417528092, 
            -140.23764107903108, 
            -43.19002728510052, 
            -246.05471645881181, 
            -2.8899342477368908, 
            216.41144064899589, 
            5.4378987602582676, 
            -126.06777052908539, 
            273.83926004813969, 
            193.66719797421229, 
            70.643716049791095, 
            -82.439424489470895, 
            -186.6935228790984, 
            -23.241388678032926, 
            -306.89959003637864, 
            -300.206068536158, 
            -42.875959078586938, 
            -209.97183221940978, 
            -330.55227180440801, 
            -194.56133945021463, 
            199.51507217512903, 
            -212.95895384957868, 
            -83.793847140881354, 
            -516.0902098766104, 
            -0.066712582291884676, 
            -17.125504102908959, 
            79.704308945739285, 
            -0.13535755287527165, 
            123.81197055295699, 
            32.237336995055458, 
            -307.91162996543187, 
            -162.51957623879412, 
            -364.31876719834094, 
            704.10307799852876, 
            -927.70085691709562, 
            182.55849666496738, 
            -268.90929504807002, 
            -191.50478245934443, 
            -301.54500268258278, 
            -611.64510455339655, 
            -33.692180995258695, 
            22.647356929924509, 
            156.89815573017438, 
            89.843713070745395
        ], 
        "variables": [
            "bathrooms", 
            "distance", 
            "rooms", 
            "size", 
            "dummy:has360:False", 
            "dummy:hasLift:True", 
            "dummy:propertyType:penthouse", 
            "dummy:propertyType:studio", 
            "dummy:municipality:Majadahonda", 
            "dummy:municipality:La Moraleja", 
            "dummy:municipality:Legan\u00e9s", 
            "dummy:municipality:Alcobendas", 
            "dummy:exterior:True", 
            "dummy:neighborhood:Recoletos", 
            "dummy:neighborhood:Lavapi\u00e9s-Embajadores", 
            "dummy:neighborhood:Castellana", 
            "dummy:neighborhood:Chueca-Justicia", 
            "dummy:neighborhood:Malasa\u00f1a-Universidad", 
            "dummy:neighborhood:Arg\u00fcelles", 
            "dummy:neighborhood:Palacio", 
            "dummy:neighborhood:Trafalgar", 
            "dummy:neighborhood:Huertas-Cortes", 
            "dummy:neighborhood:Conde Orgaz-Piovera", 
            "dummy:neighborhood:Ibiza", 
            "dummy:neighborhood:Almagro", 
            "dummy:neighborhood:Castilla", 
            "dummy:neighborhood:El Viso", 
            "dummy:neighborhood:Nueva Espa\u00f1a", 
            "dummy:neighborhood:Prosperidad", 
            "dummy:neighborhood:Arapiles", 
            "dummy:neighborhood:Nuevos Ministerios-R\u00edos Rosas", 
            "dummy:neighborhood:Sol", 
            "dummy:neighborhood:Guindalera", 
            "dummy:neighborhood:Pac\u00edfico", 
            "dummy:neighborhood:Costillares", 
            "dummy:neighborhood:Bellas Vistas", 
            "dummy:neighborhood:Fuente del Berro", 
            "dummy:neighborhood:Jer\u00f3nimos", 
            "dummy:neighborhood:San Pascual", 
            "dummy:neighborhood:La Paz", 
            "dummy:neighborhood:Pe\u00f1agrande", 
            "dummy:neighborhood:Valdeacederas", 
            "dummy:neighborhood:Ni\u00f1o Jes\u00fas", 
            "dummy:neighborhood:Valdemar\u00edn", 
            "dummy:neighborhood:Ciudad Universitaria", 
            "dummy:neighborhood:Concepci\u00f3n", 
            "dummy:neighborhood:Tres Olivos - Valverde", 
            "dummy:neighborhood:Canillas", 
            "dummy:neighborhood:Adelfas", 
            "dummy:neighborhood:Pilar", 
            "dummy:neighborhood:San Juan Bautista", 
            "dummy:neighborhood:Estrella", 
            "dummy:neighborhood:Atalaya", 
            "dummy:neighborhood:Simancas", 
            "dummy:neighborhood:Imperial", 
            "dummy:neighborhood:Opa\u00f1el", 
            "dummy:neighborhood:Pinar del Rey", 
            "dummy:neighborhood:Palomas", 
            "dummy:neighborhood:Valdezarza", 
            "dummy:neighborhood:Ventas", 
            "dummy:neighborhood:Valdebebas - Valdefuentes", 
            "dummy:neighborhood:Parque Lisboa - La Paz", 
            "dummy:neighborhood:Chopera", 
            "dummy:neighborhood:Zona Estaci\u00f3n", 
            "dummy:neighborhood:Zona Pueblo", 
            "dummy:neighborhood:San Isidro", 
            "dummy:neighborhood:Valdebernardo - Valderribas", 
            "dummy:neighborhood:Los C\u00e1rmenes", 
            "dummy:neighborhood:Arroyo del Fresno", 
            "dummy:neighborhood:Zona norte", 
            "dummy:hasPlan:False", 
            "dummy:district:Salamanca", 
            "dummy:district:Chamart\u00edn", 
            "dummy:district:Chamber\u00ed", 
            "dummy:district:Ciudad Lineal", 
            "dummy:district:Arganzuela", 
            "dummy:district:San Blas", 
            "dummy:district:Carabanchel", 
            "dummy:district:Latina", 
            "dummy:district:Villa de Vallecas", 
            "dummy:district:Puente de Vallecas", 
            "dummy:district:Usera", 
            "dummy:district:Zona Prado de Somosaguas - La Finca", 
            "dummy:district:Zona Monte el Pilar", 
            "dummy:district:Villaverde", 
            "dummy:district:Vic\u00e1lvaro", 
            "dummy:district:Moratalaz", 
            "dummy:district:Parque Lisboa - La Paz", 
            "dummy:district:Zona Estaci\u00f3n", 
            "dummy:district:El Soto de la Moraleja", 
            "dummy:district:Zona Pueblo", 
            "dummy:district:Casco Antiguo", 
            "dummy:district:Zona norte", 
            "dummy:district:El Bercial", 
            "dummy:district:Valdepastores - Las Encinas", 
            "dummy:district:Arroyo de la Vega", 
            "dummy:district:Valdelacasa", 
            "dummy:district:Urb. este - Montepr\u00edncipe", 
            "dummy:district:Alcobendas Centro", 
            "dummy:district:Valdepelayo - Montepinos - Arroyo Culebro", 
            "dummy:district:Getafe norte", 
            "dummy:district:Legan\u00e9s norte", 
            "dummy:district:Perales del Rio", 
            "dummy:district:Yucat\u00e1n- Las Cornisas", 
            "dummy:hasVideo:False", 
            "dummy:detailedType_typology:flat", 
            "dummy:hasParkingSpace:True"
        ], 
        "interceptCoef": 1516.5415378944563, 
        "interceptPvalue": null, 
        "coefs": [
            188.6245038634647, 
            -179.48997187599207, 
            54.531111314086182, 
            415.4829233017856, 
            -304.54201201623846, 
            75.937562208028012, 
            68.494603260487509, 
            -37.094094701813511, 
            92.476508218930164, 
            641.09308816755777, 
            -103.26477986068409, 
            34.217917694473222, 
            95.317709864575789, 
            273.92219873323751, 
            -88.585690480472294, 
            206.12604730701111, 
            280.12237362705366, 
            14.118552536339317, 
            98.699840971282597, 
            -21.693403170072703, 
            26.638977865870505, 
            69.399334183848097, 
            1.0038744724580997, 
            170.08407893622038, 
            300.10771219290621, 
            33.161719141280081, 
            144.2336501519645, 
            1.2403548527451327, 
            -294.84194747362574, 
            -69.119477812691954, 
            234.75828120547621, 
            115.31204898247375, 
            -296.71704375965828, 
            -142.53674789459066, 
            8.2377497845059615, 
            -63.701996324075481, 
            -231.90038149461057, 
            509.24153082679965, 
            -19.028293594840271, 
            -154.2854996720545, 
            -14.783648090159184, 
            -86.029472243974752, 
            132.99720402675058, 
            244.05477394680585, 
            -22.046185303436239, 
            -52.651652219599697, 
            -218.82147359278156, 
            -27.389375784027511, 
            -88.479277488605078, 
            -26.744467099710441, 
            -111.95371633615709, 
            -142.47528490483813, 
            157.29577300675828, 
            -12.652569961145833, 
            -5.8019013345760806, 
            -10.64173637403092, 
            -19.736047244786789, 
            220.2700855875224, 
            -48.341301816174678, 
            -83.431292076812113, 
            -34.51386089206926, 
            -266.52919943557595, 
            -9.5399733000275724, 
            -279.07185417528092, 
            -140.23764107903108, 
            -43.19002728510052, 
            -246.05471645881181, 
            -2.8899342477368908, 
            216.41144064899589, 
            5.4378987602582676, 
            -126.06777052908539, 
            273.83926004813969, 
            193.66719797421229, 
            70.643716049791095, 
            -82.439424489470895, 
            -186.6935228790984, 
            -23.241388678032926, 
            -306.89959003637864, 
            -300.206068536158, 
            -42.875959078586938, 
            -209.97183221940978, 
            -330.55227180440801, 
            -194.56133945021463, 
            199.51507217512903, 
            -212.95895384957868, 
            -83.793847140881354, 
            -516.0902098766104, 
            -0.066712582291884676, 
            -17.125504102908959, 
            79.704308945739285, 
            -0.13535755287527165, 
            123.81197055295699, 
            32.237336995055458, 
            -307.91162996543187, 
            -162.51957623879412, 
            -364.31876719834094, 
            704.10307799852876, 
            -927.70085691709562, 
            182.55849666496738, 
            -268.90929504807002, 
            -191.50478245934443, 
            -301.54500268258278, 
            -611.64510455339655, 
            -33.692180995258695, 
            22.647356929924509, 
            156.89815573017438, 
            89.843713070745395
        ]
    }
}