{
    "metrics": {
        "rmse": 372.2577578484479, 
        "pearson": 0.89074557080254468, 
        "mae": 254.59134066324802, 
        "r2": 0.79340477482069183, 
        "mape": 0.1630478852822477, 
        "mse": 138575.83827835368, 
        "evs": 0.79340605996131575, 
        "rmsle": 0.20661342852819622
    }, 
    "scatterPlotData": {
        "y": [
            1904.9352, 
            732.6186, 
            984.7286, 
            1983.7071, 
            2092.1217, 
            1165.6048, 
            2991.6429, 
            2680.5776, 
            2154.2811, 
            2484.2258, 
            1791.8965, 
            1556.0234, 
            1455.411, 
            3385.0442, 
            1948.7667, 
            629.9274, 
            1803.9898, 
            2152.7431, 
            2834.593, 
            1495.1913, 
            1920.4575, 
            1073.1376, 
            663.8856, 
            636.4108, 
            1025.9205, 
            2506.0395, 
            2442.5939, 
            1298.0032, 
            3432.3034, 
            2427.9503, 
            1568.529, 
            2331.8891, 
            1408.3575, 
            1114.3515, 
            1025.2382, 
            1977.1744, 
            2517.6335, 
            910.1249, 
            1492.3767, 
            927.5965, 
            883.7491, 
            1032.6568, 
            816.8558, 
            1320.7338, 
            1099.5691, 
            776.9789, 
            1502.0992, 
            847.313, 
            825.7038, 
            2728.0055, 
            4371.7527, 
            1900.3197, 
            992.589, 
            2991.6429, 
            1294.5593, 
            1604.0252, 
            790.176, 
            1612.6869, 
            2233.6271, 
            927.6718, 
            2282.6285, 
            2836.2997, 
            1038.2441, 
            1713.6149, 
            1767.5959, 
            2523.8991, 
            963.4808, 
            660.4322, 
            1792.4033, 
            3433.9093, 
            1955.0709, 
            927.4648, 
            2951.9728, 
            459.5412, 
            1478.7439, 
            1219.8073, 
            2173.9596, 
            1900.0174, 
            1377.3564, 
            613.9996, 
            1078.0118, 
            745.4012, 
            2551.477, 
            1973.7943, 
            1432.314, 
            1025.9205, 
            1995.7392, 
            703.1437, 
            1598.2783, 
            3070.1668, 
            1262.1153, 
            1839.6479, 
            2158.8323, 
            827.984, 
            1064.7256, 
            1110.3426, 
            1329.6507, 
            907.2115, 
            714.0547, 
            2882.5295, 
            2058.1065, 
            1823.3513, 
            1396.6092, 
            1628.7136, 
            742.8725, 
            2137.3156, 
            2765.7247, 
            1241.8162, 
            954.0278, 
            985.2899, 
            2146.1528, 
            1685.1658, 
            1312.3533, 
            2397.6201, 
            1076.0612, 
            3539.3961, 
            2156.9004, 
            1879.1167, 
            1014.3051, 
            1413.143, 
            1657.7743, 
            1027.7445, 
            1681.7297, 
            1949.7787, 
            1204.0604, 
            671.8401, 
            2953.0015, 
            1986.8199, 
            2123.6579, 
            1963.3828, 
            876.6043, 
            840.8171, 
            1041.6796, 
            3437.3268, 
            1921.4994, 
            1680.5655, 
            1775.0318, 
            820.2625, 
            1964.9151, 
            1650.4635, 
            1453.5642, 
            1488.4727, 
            1271.1954, 
            3018.2466, 
            1004.8466, 
            3193.1026, 
            976.735, 
            1278.0398, 
            1986.8299, 
            1424.4412, 
            2397.7416, 
            1490.6939, 
            3374.2748, 
            916.5768, 
            1895.6933, 
            1358.3595, 
            1479.8141, 
            810.3459, 
            1757.8132, 
            2346.7741, 
            985.2899, 
            1801.8589, 
            769.9362, 
            1086.0455, 
            1168.5087, 
            1841.286, 
            1936.2318, 
            879.5615, 
            1122.8885, 
            1043.6805, 
            883.4783, 
            1487.8211, 
            2211.1391, 
            1080.3385, 
            2451.585, 
            1359.1091, 
            1348.4532, 
            853.5726, 
            748.2185, 
            2478.969, 
            1103.5955, 
            2277.6621, 
            2374.5544, 
            2558.8392, 
            970.6533, 
            927.4547, 
            1271.1954, 
            2869.9873, 
            2673.6812, 
            1539.1926, 
            1493.9397, 
            1975.2669, 
            1319.7767, 
            1675.7253, 
            1692.7878, 
            1491.7946, 
            1170.5291, 
            1159.654, 
            2076.3081, 
            1857.3131, 
            932.6714, 
            1646.0311, 
            1540.0603, 
            1030.7407, 
            1670.896, 
            899.7272, 
            874.0591, 
            2871.9606, 
            1140.4811, 
            1885.6294, 
            1598.2783, 
            1407.8011, 
            2201.1856, 
            687.7967, 
            1516.0161, 
            1363.2485, 
            617.8737, 
            3175.4406, 
            1292.6166, 
            1420.6073, 
            1219.6236, 
            848.8824, 
            902.3885, 
            2052.4928, 
            2564.6106, 
            708.9829, 
            1185.1145, 
            1093.6276, 
            1427.5595, 
            1518.1516, 
            2991.2973, 
            1758.2593, 
            1929.0328, 
            1598.251, 
            1205.7963, 
            1481.5057, 
            2212.1045, 
            2328.657, 
            857.1088, 
            1508.7291, 
            2033.6542, 
            1853.3743, 
            914.2855, 
            976.9357, 
            1677.5004, 
            2262.7515, 
            1474.0092, 
            1010.0207, 
            1448.3715, 
            3199.6053, 
            1902.2006, 
            891.3177, 
            2693.8962, 
            1297.3218, 
            1534.5019, 
            3170.0907, 
            1086.0455, 
            2478.0091, 
            1657.1273, 
            1488.8124, 
            1319.3344, 
            2035.6336, 
            1131.0368, 
            1431.6947, 
            1106.7522, 
            972.8424, 
            1124.7515, 
            2324.7334, 
            2963.7754, 
            613.6554, 
            1040.3697, 
            742.8817, 
            1621.0764, 
            2570.3325, 
            3575.5326, 
            889.4186, 
            2173.9596, 
            1812.7543, 
            2256.4417, 
            1508.0519, 
            1293.4783, 
            1786.3251, 
            2005.9344, 
            3195.3393, 
            1481.5591, 
            2920.7081, 
            1036.0549, 
            2163.5026, 
            1554.9508, 
            1602.8031, 
            3011.4011, 
            1288.9376, 
            1770.6996, 
            2158.1592, 
            1831.4901, 
            1434.6053, 
            1158.6664, 
            1418.4438, 
            948.7302, 
            807.1697, 
            885.5295, 
            3025.0808, 
            1633.69, 
            3059.5801, 
            1330.4248, 
            2017.4856, 
            1882.7583, 
            1155.6287, 
            922.4353, 
            1275.4452, 
            1344.928, 
            2822.3977, 
            1692.7172, 
            1061.5827, 
            1139.1296, 
            946.128, 
            1750.5236, 
            1819.0826, 
            1168.974, 
            2690.9945, 
            1602.6306, 
            499.557, 
            1197.3482, 
            1514.0314, 
            1956.3862, 
            1086.8073, 
            1107.7824, 
            1491.3227, 
            1046.3905, 
            436.6364, 
            1295.7106, 
            3598.2137, 
            840.9357, 
            1456.7881, 
            881.3494, 
            2920.7081, 
            919.8314, 
            1152.4568, 
            2028.9446, 
            2188.2728, 
            1296.7887, 
            954.8166, 
            3374.5724, 
            1245.5231, 
            3341.7691, 
            1934.2549, 
            780.691, 
            1107.821, 
            2310.832, 
            1063.0316, 
            657.4085, 
            1695.9311, 
            2316.4741, 
            1968.2471, 
            1788.596, 
            1335.4954, 
            2788.176, 
            3007.107, 
            1807.4002, 
            2770.3762, 
            1089.9306, 
            2042.6852, 
            1394.2442, 
            1758.8408, 
            1559.2501, 
            909.9713, 
            3148.7127, 
            1666.9847, 
            1786.3251, 
            1059.593, 
            1631.2493, 
            1307.8434, 
            799.0557, 
            682.4013, 
            1738.9792, 
            1622.2554, 
            1027.7475, 
            1658.9299, 
            1335.2822, 
            1215.4813, 
            707.7857, 
            817.2946, 
            1132.7363, 
            2309.1228, 
            683.9481, 
            1271.1954, 
            804.8562, 
            697.973, 
            1235.9109, 
            3123.7635, 
            810.8762, 
            1754.535, 
            779.7743, 
            1237.0679, 
            1652.3695, 
            3925.6691, 
            1619.0386, 
            1472.1373, 
            1670.2071, 
            3159.4661, 
            892.0275, 
            1468.8966, 
            2877.3559, 
            1994.1926, 
            1200.8611, 
            1045.5568, 
            1143.4305, 
            2929.67, 
            918.2955, 
            1206.5249, 
            750.5351, 
            755.1155, 
            1308.4221, 
            1767.2487, 
            1680.8634, 
            2010.0118, 
            1062.1527, 
            1223.9712, 
            1056.4973, 
            1032.9942, 
            1559.2501, 
            747.458, 
            1473.5357, 
            1030.5882, 
            749.8035, 
            1315.9192, 
            3393.0731, 
            3199.4152, 
            2420.3724, 
            721.8681, 
            1089.1401, 
            1922.469, 
            1409.6159, 
            1722.7236, 
            1124.9428, 
            2803.3802, 
            1329.5569, 
            288.5381, 
            1815.1605, 
            584.2818, 
            1552.7691, 
            1232.3397, 
            529.0041, 
            750.2379, 
            920.1228, 
            1284.2936, 
            1756.4497, 
            1333.2106, 
            886.721, 
            1822.3427, 
            880.9161, 
            2583.1708, 
            980.4059, 
            3308.2886, 
            1231.3094, 
            687.1503, 
            2223.8071, 
            2743.7061, 
            2737.5454, 
            1123.6796, 
            1043.8567, 
            1556.496, 
            1239.7742, 
            2110.8993, 
            3857.7844, 
            2255.6701, 
            1214.9655, 
            716.2451, 
            1558.2561, 
            1531.2367, 
            1403.7302, 
            569.139, 
            784.1882, 
            1588.9633, 
            1392.2905, 
            863.2251, 
            1537.0233, 
            886.4404, 
            987.4357, 
            1748.4544, 
            1608.4876, 
            896.8713, 
            1150.7566, 
            961.2097, 
            1736.5002, 
            1086.7951, 
            728.9917, 
            1173.8507, 
            1543.2202, 
            1259.2014, 
            1250.2666, 
            546.8288, 
            1064.3824, 
            919.5882, 
            2869.1687, 
            1230.8789, 
            1653.3372, 
            741.5741, 
            2032.473, 
            1260.6317, 
            2166.1371, 
            1006.3765, 
            1047.7689, 
            1462.3524, 
            1959.8861, 
            1720.2019, 
            2500.2632, 
            1101.4522, 
            3132.3082, 
            2025.6561, 
            1145.9978, 
            607.9201, 
            1033.9025, 
            1582.3077, 
            2639.7403, 
            1216.8229, 
            1367.2922, 
            1212.8189, 
            817.5103, 
            2028.0317, 
            897.4175, 
            753.2077, 
            2463.7727, 
            902.3885, 
            1159.9604, 
            2328.9647, 
            2241.0583, 
            2448.4919, 
            1462.3943, 
            2421.5389, 
            2323.0884, 
            807.7225, 
            441.9481, 
            1610.6769, 
            897.2659, 
            1656.9259, 
            2070.4596, 
            1885.6294, 
            958.2166, 
            2524.402, 
            674.1029, 
            2606.273, 
            708.2836, 
            770.3499, 
            2272.1872, 
            2310.832, 
            2015.7144, 
            764.3059, 
            1935.5848, 
            1827.6986, 
            1351.4105, 
            1168.974, 
            1046.7841, 
            1150.1194, 
            707.0936, 
            2887.4495, 
            899.3833, 
            2542.113, 
            1468.1308, 
            488.0545, 
            1603.9643, 
            1956.14, 
            1851.9667, 
            2177.4459, 
            1518.0501, 
            793.6495, 
            1069.0234, 
            1002.454, 
            1358.0418, 
            1745.0103, 
            927.4648, 
            913.7547, 
            3040.6064, 
            976.147, 
            1036.7528, 
            2780.247, 
            1576.5725, 
            1964.2792, 
            1461.7649, 
            1290.1922, 
            2258.5956, 
            2473.9265, 
            2089.9534, 
            1422.7866, 
            1973.7943, 
            2128.7949, 
            1692.9459, 
            1353.9841, 
            1412.9241, 
            1124.9428, 
            1708.8853, 
            1463.205, 
            1748.2403, 
            749.6727, 
            2033.6382, 
            1053.5228, 
            2690.9945, 
            816.8377, 
            1656.4562, 
            2174.0051, 
            714.9302, 
            871.1509, 
            2981.8445, 
            1409.1427, 
            874.8034, 
            699.5117, 
            616.6483, 
            1145.003, 
            2325.8607, 
            2203.61, 
            1081.0525, 
            1499.8808, 
            1747.8604, 
            1592.0913, 
            862.8066, 
            2154.1139, 
            1250.671, 
            1495.0853, 
            903.5144, 
            1162.5365, 
            1971.6406, 
            1784.897, 
            2354.7275, 
            1133.7313, 
            868.2204, 
            1659.1819, 
            716.0862, 
            1635.1433, 
            2297.4088, 
            2599.7866, 
            1258.2278, 
            1883.539, 
            2646.8788, 
            1013.1031, 
            1561.5003, 
            1295.0361, 
            1433.2233, 
            1112.3011, 
            1694.3137, 
            911.0391, 
            4163.211, 
            1460.1872, 
            1191.6193, 
            1557.1424, 
            1554.4996, 
            2203.61, 
            3180.4999, 
            1446.0385, 
            1569.6886, 
            1237.9029, 
            2082.5142, 
            810.7593, 
            1533.9625, 
            1954.71, 
            2045.508, 
            1279.5149, 
            1602.7825, 
            1004.8466, 
            1085.8525, 
            1043.0289, 
            648.6896, 
            719.0645, 
            2083.3667, 
            1581.2792, 
            1023.9845, 
            1196.0899, 
            2422.783, 
            2174.8336, 
            657.5084, 
            1758.0208, 
            757.1821, 
            1111.7917, 
            2244.0241, 
            2131.0392, 
            1020.9632, 
            1095.2044, 
            2339.6568, 
            1362.2209, 
            1270.7994, 
            850.4117, 
            2400.9003, 
            963.5503, 
            2417.0215, 
            1077.6563, 
            832.7011, 
            1508.4824, 
            1234.2006, 
            1417.7205, 
            1710.3681, 
            1054.2606, 
            1185.9639, 
            974.643, 
            1063.349, 
            1054.9417, 
            1069.6063, 
            1038.7265, 
            1399.107, 
            1249.9468, 
            2164.5619, 
            1394.2035, 
            1845.3592, 
            1264.4859, 
            1369.7026, 
            1983.3166, 
            1344.6453, 
            3581.9604, 
            2641.3415, 
            574.7836, 
            1019.6522, 
            2635.0219, 
            3430.8441, 
            1354.6543, 
            615.3826, 
            2031.8688, 
            2039.9305, 
            1627.1792, 
            1468.1308, 
            2348.7997, 
            421.0631, 
            993.8818, 
            2169.5759, 
            738.383, 
            1641.2093, 
            3507.0579, 
            1302.5437, 
            2330.6566, 
            740.5111, 
            1152.6008, 
            997.3072, 
            486.8269, 
            1468.1308, 
            2677.3137, 
            644.0977, 
            1697.3999, 
            2552.5303, 
            1181.2505, 
            862.2483, 
            2741.867, 
            763.5787, 
            1252.5709, 
            3225.0916, 
            878.4248, 
            754.2728, 
            2644.1771, 
            1705.3743, 
            2244.8524, 
            788.2277, 
            2187.4605, 
            2782.7826, 
            2563.9905, 
            906.1069, 
            1173.9902, 
            1173.3836, 
            1813.1058, 
            2884.9839, 
            1137.5212, 
            787.4286, 
            2310.871, 
            1174.3562, 
            735.0096, 
            1120.2783, 
            944.4069, 
            4679.2967, 
            1095.0473, 
            2322.5603, 
            1670.7927, 
            2606.8736, 
            2753.2819, 
            1904.1929, 
            1087.5119, 
            4436.4243, 
            1709.471, 
            1484.7059, 
            1500.0175, 
            2354.7275, 
            940.172, 
            1653.6278, 
            1112.6536, 
            2071.1502, 
            1323.7388, 
            1837.9085, 
            757.4182, 
            830.0241, 
            1364.5073, 
            1025.6468, 
            895.5995, 
            2151.8599, 
            983.4575, 
            1425.3561, 
            1133.0737, 
            2052.0679, 
            825.0832, 
            3004.4383, 
            2211.1391, 
            3204.235, 
            2960.169, 
            751.6008, 
            1317.9124, 
            1159.9842, 
            741.1699, 
            4476.6938, 
            984.1537, 
            1890.63, 
            1012.4019, 
            1534.8816, 
            1581.5714, 
            1711.0161, 
            1088.898, 
            2071.4181, 
            1786.3251, 
            1611.1705, 
            2100.1736, 
            2744.8582, 
            1680.9612, 
            1636.6053, 
            838.0378, 
            1569.6886, 
            1908.3198, 
            2704.506, 
            1962.289, 
            1279.6882, 
            1816.399, 
            1395.7783, 
            1677.0169, 
            1803.6967, 
            1414.9046, 
            2015.6135, 
            909.4734, 
            2007.1257, 
            1200.497, 
            891.0689, 
            888.9088, 
            2085.9561, 
            923.8735, 
            1314.8211, 
            1946.9518, 
            983.6032, 
            1306.259, 
            1188.9603, 
            2161.7255
        ], 
        "x": [
            2000.0, 
            600.0, 
            460.0, 
            1500.0, 
            2500.0, 
            1400.0, 
            3500.0, 
            3600.0, 
            1950.0, 
            3500.0, 
            2350.0, 
            1490.0, 
            1000.0, 
            3000.0, 
            1750.0, 
            850.0, 
            1390.0, 
            2150.0, 
            3600.0, 
            950.0, 
            1800.0, 
            900.0, 
            675.0, 
            700.0, 
            1000.0, 
            2300.0, 
            2900.0, 
            1200.0, 
            2800.0, 
            2100.0, 
            1800.0, 
            2300.0, 
            1000.0, 
            1100.0, 
            850.0, 
            1400.0, 
            1900.0, 
            1200.0, 
            950.0, 
            1000.0, 
            800.0, 
            850.0, 
            750.0, 
            1350.0, 
            1350.0, 
            850.0, 
            1200.0, 
            900.0, 
            800.0, 
            2350.0, 
            4000.0, 
            2550.0, 
            900.0, 
            3500.0, 
            1300.0, 
            1450.0, 
            1025.0, 
            1400.0, 
            2600.0, 
            800.0, 
            1900.0, 
            2500.0, 
            1200.0, 
            1650.0, 
            850.0, 
            2350.0, 
            1030.0, 
            795.0, 
            760.0, 
            3700.0, 
            1600.0, 
            980.0, 
            2600.0, 
            720.0, 
            1550.0, 
            1175.0, 
            2400.0, 
            2300.0, 
            1450.0, 
            800.0, 
            925.0, 
            895.0, 
            2750.0, 
            1950.0, 
            1500.0, 
            1000.0, 
            1950.0, 
            750.0, 
            1500.0, 
            2300.0, 
            1100.0, 
            1275.0, 
            2650.0, 
            800.0, 
            900.0, 
            1200.0, 
            1400.0, 
            900.0, 
            790.0, 
            2800.0, 
            1700.0, 
            1350.0, 
            1300.0, 
            1300.0, 
            850.0, 
            1950.0, 
            2850.0, 
            2000.0, 
            950.0, 
            1000.0, 
            2200.0, 
            1700.0, 
            1390.0, 
            2800.0, 
            1100.0, 
            3990.0, 
            2280.0, 
            1870.0, 
            930.0, 
            1100.0, 
            1700.0, 
            1375.0, 
            1350.0, 
            1900.0, 
            1400.0, 
            699.0, 
            3100.0, 
            1300.0, 
            1750.0, 
            1750.0, 
            950.0, 
            850.0, 
            1040.0, 
            2600.0, 
            2000.0, 
            1500.0, 
            1980.0, 
            790.0, 
            1580.0, 
            1650.0, 
            1410.0, 
            1450.0, 
            1300.0, 
            3900.0, 
            1000.0, 
            2500.0, 
            850.0, 
            1200.0, 
            2500.0, 
            1750.0, 
            3150.0, 
            1200.0, 
            2950.0, 
            875.0, 
            1850.0, 
            930.0, 
            1700.0, 
            1090.0, 
            1650.0, 
            2700.0, 
            1000.0, 
            1750.0, 
            650.0, 
            815.0, 
            1375.0, 
            2300.0, 
            1700.0, 
            810.0, 
            1300.0, 
            1150.0, 
            800.0, 
            1200.0, 
            2450.0, 
            950.0, 
            2400.0, 
            1400.0, 
            1000.0, 
            820.0, 
            870.0, 
            2700.0, 
            1180.0, 
            2550.0, 
            2400.0, 
            2500.0, 
            990.0, 
            900.0, 
            1300.0, 
            2800.0, 
            2100.0, 
            1380.0, 
            1700.0, 
            1700.0, 
            1270.0, 
            2700.0, 
            1550.0, 
            2000.0, 
            1150.0, 
            750.0, 
            3780.0, 
            1300.0, 
            919.0, 
            2000.0, 
            1200.0, 
            1100.0, 
            1600.0, 
            650.0, 
            700.0, 
            2400.0, 
            1400.0, 
            2000.0, 
            1500.0, 
            1200.0, 
            2300.0, 
            615.0, 
            1500.0, 
            1180.0, 
            600.0, 
            2500.0, 
            1150.0, 
            1500.0, 
            1299.0, 
            900.0, 
            930.0, 
            2500.0, 
            2100.0, 
            950.0, 
            1615.0, 
            1200.0, 
            1400.0, 
            1350.0, 
            2600.0, 
            1400.0, 
            1650.0, 
            1250.0, 
            1300.0, 
            1350.0, 
            1950.0, 
            2700.0, 
            1150.0, 
            1450.0, 
            2000.0, 
            1900.0, 
            1100.0, 
            1100.0, 
            1300.0, 
            2350.0, 
            1250.0, 
            480.0, 
            1500.0, 
            2950.0, 
            1550.0, 
            775.0, 
            2500.0, 
            1300.0, 
            1600.0, 
            2400.0, 
            820.0, 
            2500.0, 
            1300.0, 
            990.0, 
            1350.0, 
            1950.0, 
            900.0, 
            1100.0, 
            1350.0, 
            1000.0, 
            1000.0, 
            1900.0, 
            1950.0, 
            575.0, 
            930.0, 
            750.0, 
            1200.0, 
            2500.0, 
            2950.0, 
            1000.0, 
            2400.0, 
            1550.0, 
            2700.0, 
            1297.0, 
            1600.0, 
            1300.0, 
            2800.0, 
            3500.0, 
            1575.0, 
            3300.0, 
            1100.0, 
            1990.0, 
            800.0, 
            1400.0, 
            3200.0, 
            1190.0, 
            2600.0, 
            3240.0, 
            1800.0, 
            975.0, 
            795.0, 
            1200.0, 
            980.0, 
            775.0, 
            1000.0, 
            3500.0, 
            1690.0, 
            2000.0, 
            1200.0, 
            1500.0, 
            1700.0, 
            970.0, 
            800.0, 
            900.0, 
            1250.0, 
            3600.0, 
            1300.0, 
            950.0, 
            850.0, 
            890.0, 
            1800.0, 
            1850.0, 
            1100.0, 
            2100.0, 
            1350.0, 
            700.0, 
            950.0, 
            1900.0, 
            1400.0, 
            950.0, 
            990.0, 
            1450.0, 
            900.0, 
            700.0, 
            999.0, 
            3080.0, 
            700.0, 
            1200.0, 
            815.0, 
            3300.0, 
            980.0, 
            1000.0, 
            2500.0, 
            2300.0, 
            1650.0, 
            1100.0, 
            3400.0, 
            1200.0, 
            3950.0, 
            1660.0, 
            900.0, 
            975.0, 
            3780.0, 
            1100.0, 
            850.0, 
            1700.0, 
            1950.0, 
            2000.0, 
            1700.0, 
            1200.0, 
            2900.0, 
            2800.0, 
            2600.0, 
            3800.0, 
            1000.0, 
            2100.0, 
            900.0, 
            1450.0, 
            1600.0, 
            1100.0, 
            2800.0, 
            2500.0, 
            1300.0, 
            1100.0, 
            1250.0, 
            1600.0, 
            850.0, 
            750.0, 
            1500.0, 
            2430.0, 
            1200.0, 
            1500.0, 
            1200.0, 
            1190.0, 
            790.0, 
            800.0, 
            1300.0, 
            2100.0, 
            750.0, 
            1300.0, 
            1050.0, 
            750.0, 
            1300.0, 
            3850.0, 
            900.0, 
            1566.0, 
            1050.0, 
            950.0, 
            1520.0, 
            4000.0, 
            1650.0, 
            1300.0, 
            1650.0, 
            3500.0, 
            850.0, 
            1190.0, 
            2650.0, 
            2200.0, 
            1100.0, 
            1200.0, 
            1050.0, 
            2600.0, 
            1090.0, 
            1300.0, 
            900.0, 
            620.0, 
            1000.0, 
            1300.0, 
            1850.0, 
            1700.0, 
            1200.0, 
            800.0, 
            1099.0, 
            795.0, 
            1600.0, 
            775.0, 
            1745.0, 
            850.0, 
            975.0, 
            1100.0, 
            2800.0, 
            3300.0, 
            2700.0, 
            900.0, 
            1350.0, 
            1600.0, 
            1000.0, 
            1700.0, 
            900.0, 
            2800.0, 
            1150.0, 
            700.0, 
            2300.0, 
            750.0, 
            1600.0, 
            1200.0, 
            600.0, 
            830.0, 
            1100.0, 
            900.0, 
            1750.0, 
            800.0, 
            900.0, 
            1750.0, 
            850.0, 
            3200.0, 
            1100.0, 
            3500.0, 
            1100.0, 
            650.0, 
            3995.0, 
            2700.0, 
            3300.0, 
            1150.0, 
            840.0, 
            1200.0, 
            1100.0, 
            2400.0, 
            3800.0, 
            2800.0, 
            1500.0, 
            590.0, 
            1200.0, 
            1400.0, 
            1250.0, 
            700.0, 
            850.0, 
            1300.0, 
            1600.0, 
            950.0, 
            1700.0, 
            870.0, 
            750.0, 
            1600.0, 
            1400.0, 
            850.0, 
            980.0, 
            730.0, 
            1700.0, 
            1100.0, 
            850.0, 
            1080.0, 
            1580.0, 
            950.0, 
            1150.0, 
            650.0, 
            1250.0, 
            850.0, 
            2800.0, 
            950.0, 
            1500.0, 
            850.0, 
            2200.0, 
            1250.0, 
            2200.0, 
            1100.0, 
            1400.0, 
            1425.0, 
            3780.0, 
            1900.0, 
            2800.0, 
            700.0, 
            2500.0, 
            2000.0, 
            1450.0, 
            780.0, 
            1000.0, 
            1250.0, 
            2000.0, 
            990.0, 
            1250.0, 
            995.0, 
            1105.0, 
            2800.0, 
            890.0, 
            850.0, 
            2650.0, 
            930.0, 
            1025.0, 
            1800.0, 
            2190.0, 
            2000.0, 
            1450.0, 
            2700.0, 
            1600.0, 
            1000.0, 
            690.0, 
            1495.0, 
            800.0, 
            1650.0, 
            1150.0, 
            2000.0, 
            875.0, 
            3000.0, 
            800.0, 
            2900.0, 
            700.0, 
            1075.0, 
            1980.0, 
            3780.0, 
            2400.0, 
            850.0, 
            1750.0, 
            1300.0, 
            1250.0, 
            1100.0, 
            800.0, 
            900.0, 
            750.0, 
            3300.0, 
            850.0, 
            3600.0, 
            1500.0, 
            600.0, 
            1300.0, 
            1850.0, 
            1950.0, 
            2200.0, 
            1250.0, 
            950.0, 
            1000.0, 
            1200.0, 
            3000.0, 
            1850.0, 
            980.0, 
            700.0, 
            3499.0, 
            750.0, 
            850.0, 
            3000.0, 
            1500.0, 
            1550.0, 
            1250.0, 
            1150.0, 
            2200.0, 
            2500.0, 
            1750.0, 
            1600.0, 
            1950.0, 
            2100.0, 
            1400.0, 
            1600.0, 
            1300.0, 
            900.0, 
            1700.0, 
            1025.0, 
            1950.0, 
            800.0, 
            3780.0, 
            990.0, 
            2100.0, 
            1000.0, 
            1660.0, 
            1850.0, 
            1000.0, 
            690.0, 
            2450.0, 
            1700.0, 
            875.0, 
            900.0, 
            685.0, 
            1350.0, 
            2500.0, 
            1800.0, 
            1200.0, 
            1000.0, 
            1300.0, 
            1300.0, 
            700.0, 
            2500.0, 
            1280.0, 
            1199.0, 
            750.0, 
            860.0, 
            2000.0, 
            2100.0, 
            3950.0, 
            1050.0, 
            700.0, 
            1500.0, 
            720.0, 
            1350.0, 
            2000.0, 
            3800.0, 
            1250.0, 
            1750.0, 
            3200.0, 
            1200.0, 
            1350.0, 
            1260.0, 
            820.0, 
            1050.0, 
            1390.0, 
            875.0, 
            3850.0, 
            1200.0, 
            1400.0, 
            1500.0, 
            1600.0, 
            1800.0, 
            3000.0, 
            1350.0, 
            1300.0, 
            900.0, 
            1850.0, 
            850.0, 
            1500.0, 
            1850.0, 
            1900.0, 
            1100.0, 
            2400.0, 
            1000.0, 
            850.0, 
            1300.0, 
            700.0, 
            890.0, 
            2100.0, 
            2100.0, 
            890.0, 
            1100.0, 
            3000.0, 
            2800.0, 
            600.0, 
            1500.0, 
            750.0, 
            900.0, 
            2300.0, 
            3630.0, 
            850.0, 
            875.0, 
            2500.0, 
            1100.0, 
            1100.0, 
            900.0, 
            3000.0, 
            900.0, 
            2300.0, 
            1000.0, 
            950.0, 
            1250.0, 
            1050.0, 
            1300.0, 
            1700.0, 
            1100.0, 
            900.0, 
            1200.0, 
            1300.0, 
            950.0, 
            850.0, 
            890.0, 
            1200.0, 
            985.0, 
            2400.0, 
            1400.0, 
            2200.0, 
            1405.0, 
            1000.0, 
            2200.0, 
            1190.0, 
            3700.0, 
            3300.0, 
            699.0, 
            800.0, 
            3500.0, 
            2800.0, 
            1490.0, 
            675.0, 
            2200.0, 
            1300.0, 
            1400.0, 
            1500.0, 
            1975.0, 
            600.0, 
            900.0, 
            2000.0, 
            790.0, 
            1150.0, 
            2600.0, 
            1700.0, 
            1975.0, 
            820.0, 
            850.0, 
            1000.0, 
            700.0, 
            1500.0, 
            2900.0, 
            980.0, 
            1200.0, 
            3300.0, 
            950.0, 
            875.0, 
            3450.0, 
            700.0, 
            1675.0, 
            3400.0, 
            800.0, 
            875.0, 
            3600.0, 
            1700.0, 
            2500.0, 
            980.0, 
            2500.0, 
            2500.0, 
            2900.0, 
            1100.0, 
            1350.0, 
            1050.0, 
            1850.0, 
            4000.0, 
            900.0, 
            800.0, 
            2700.0, 
            1200.0, 
            800.0, 
            800.0, 
            990.0, 
            3500.0, 
            950.0, 
            3850.0, 
            600.0, 
            2100.0, 
            3000.0, 
            1935.0, 
            950.0, 
            3900.0, 
            1400.0, 
            1200.0, 
            1200.0, 
            3950.0, 
            875.0, 
            1700.0, 
            1100.0, 
            1950.0, 
            1350.0, 
            2500.0, 
            700.0, 
            800.0, 
            1590.0, 
            1100.0, 
            850.0, 
            3000.0, 
            1100.0, 
            1450.0, 
            1250.0, 
            1800.0, 
            800.0, 
            3100.0, 
            2450.0, 
            4000.0, 
            3700.0, 
            670.0, 
            1450.0, 
            1000.0, 
            695.0, 
            4000.0, 
            1030.0, 
            2500.0, 
            950.0, 
            1500.0, 
            1164.0, 
            1800.0, 
            1000.0, 
            1700.0, 
            1300.0, 
            1600.0, 
            2400.0, 
            2300.0, 
            1450.0, 
            1500.0, 
            850.0, 
            1300.0, 
            1500.0, 
            4000.0, 
            1700.0, 
            1750.0, 
            2600.0, 
            1100.0, 
            1800.0, 
            1850.0, 
            1200.0, 
            1750.0, 
            1350.0, 
            1750.0, 
            950.0, 
            900.0, 
            1000.0, 
            2745.0, 
            824.0, 
            1100.0, 
            1900.0, 
            900.0, 
            1450.0, 
            800.0, 
            2500.0
        ]
    }, 
    "processed_feature_names": [
        "bathrooms", 
        "distance", 
        "floor", 
        "rooms", 
        "size", 
        "dummy:has360:False", 
        "dummy:has360:N/A", 
        "dummy:hasLift:True", 
        "dummy:hasLift:N/A", 
        "dummy:propertyType:flat", 
        "dummy:propertyType:penthouse", 
        "dummy:propertyType:studio", 
        "dummy:propertyType:duplex", 
        "dummy:propertyType:N/A", 
        "dummy:municipality:Madrid", 
        "dummy:municipality:Pozuelo de Alarc\u00f3n", 
        "dummy:municipality:Majadahonda", 
        "dummy:municipality:La Moraleja", 
        "dummy:municipality:Alcorc\u00f3n", 
        "dummy:municipality:Getafe", 
        "dummy:municipality:Legan\u00e9s", 
        "dummy:municipality:Alcobendas", 
        "dummy:municipality:Boadilla del Monte", 
        "dummy:municipality:Rivas-Vaciamadrid", 
        "dummy:municipality:San Fernando de Henares", 
        "dummy:municipality:Coslada", 
        "dummy:municipality:N/A", 
        "dummy:exterior:True", 
        "dummy:exterior:N/A", 
        "dummy:neighborhood:Recoletos", 
        "dummy:neighborhood:Lavapi\u00e9s-Embajadores", 
        "dummy:neighborhood:Goya", 
        "dummy:neighborhood:Castellana", 
        "dummy:neighborhood:Chueca-Justicia", 
        "dummy:neighborhood:Malasa\u00f1a-Universidad", 
        "dummy:neighborhood:Arg\u00fcelles", 
        "dummy:neighborhood:Palacio", 
        "dummy:neighborhood:Trafalgar", 
        "dummy:neighborhood:Lista", 
        "dummy:neighborhood:Bernab\u00e9u-Hispanoam\u00e9rica", 
        "dummy:neighborhood:Huertas-Cortes", 
        "dummy:neighborhood:Cuzco-Castillejos", 
        "dummy:neighborhood:Conde Orgaz-Piovera", 
        "dummy:neighborhood:Sanchinarro", 
        "dummy:neighborhood:Ibiza", 
        "dummy:neighborhood:Almagro", 
        "dummy:neighborhood:Castilla", 
        "dummy:neighborhood:El Viso", 
        "dummy:neighborhood:Nueva Espa\u00f1a", 
        "dummy:neighborhood:Prosperidad", 
        "dummy:neighborhood:Arapiles", 
        "dummy:neighborhood:Nuevos Ministerios-R\u00edos Rosas", 
        "dummy:neighborhood:Sol", 
        "dummy:neighborhood:Cuatro Caminos", 
        "dummy:neighborhood:Guindalera", 
        "dummy:neighborhood:Las Tablas", 
        "dummy:neighborhood:Ventilla-Almenara", 
        "dummy:neighborhood:Pac\u00edfico", 
        "dummy:neighborhood:Costillares", 
        "dummy:neighborhood:Aravaca", 
        "dummy:neighborhood:Bellas Vistas", 
        "dummy:neighborhood:Fuente del Berro", 
        "dummy:neighborhood:Ensanche de Vallecas - La Gavia", 
        "dummy:neighborhood:Gaztambide", 
        "dummy:neighborhood:Vallehermoso", 
        "dummy:neighborhood:Ciudad Jard\u00edn", 
        "dummy:neighborhood:Jer\u00f3nimos", 
        "dummy:neighborhood:San Pascual", 
        "dummy:neighborhood:La Paz", 
        "dummy:neighborhood:Palos de Moguer", 
        "dummy:neighborhood:Pe\u00f1agrande", 
        "dummy:neighborhood:Rejas", 
        "dummy:neighborhood:Valdeacederas", 
        "dummy:neighborhood:Acacias", 
        "dummy:neighborhood:Ni\u00f1o Jes\u00fas", 
        "dummy:neighborhood:Valdemar\u00edn", 
        "dummy:neighborhood:Ciudad Universitaria", 
        "dummy:neighborhood:Legazpi", 
        "dummy:neighborhood:Concepci\u00f3n", 
        "dummy:neighborhood:Tres Olivos - Valverde", 
        "dummy:neighborhood:Somosaguas", 
        "dummy:neighborhood:Canillas", 
        "dummy:neighborhood:Adelfas", 
        "dummy:neighborhood:Pilar", 
        "dummy:neighborhood:Berruguete", 
        "dummy:neighborhood:San Juan Bautista", 
        "dummy:neighborhood:Estrella", 
        "dummy:neighborhood:Atalaya", 
        "dummy:neighborhood:Zona Avenida Europa", 
        "dummy:neighborhood:Simancas", 
        "dummy:neighborhood:Alameda de Osuna", 
        "dummy:neighborhood:Imperial", 
        "dummy:neighborhood:San Diego", 
        "dummy:neighborhood:Opa\u00f1el", 
        "dummy:neighborhood:Pueblo Nuevo", 
        "dummy:neighborhood:Pinar del Rey", 
        "dummy:neighborhood:Palomas", 
        "dummy:neighborhood:Prado de Somosaguas", 
        "dummy:neighborhood:Puerta del \u00c1ngel", 
        "dummy:neighborhood:Valdezarza", 
        "dummy:neighborhood:Ventas", 
        "dummy:neighborhood:Valdebebas - Valdefuentes", 
        "dummy:neighborhood:Delicias", 
        "dummy:neighborhood:Montecarmelo", 
        "dummy:neighborhood:Lucero", 
        "dummy:neighborhood:Comillas", 
        "dummy:neighborhood:Parque Lisboa - La Paz", 
        "dummy:neighborhood:Chopera", 
        "dummy:neighborhood:Rosas", 
        "dummy:neighborhood:Numancia", 
        "dummy:neighborhood:Zona Estaci\u00f3n", 
        "dummy:neighborhood:Zona Pueblo", 
        "dummy:neighborhood:Campo de las Naciones-Corralejos", 
        "dummy:neighborhood:Quintana", 
        "dummy:neighborhood:Mirasierra", 
        "dummy:neighborhood:San Isidro", 
        "dummy:neighborhood:Aluche", 
        "dummy:neighborhood:Colina", 
        "dummy:neighborhood:Moscard\u00f3", 
        "dummy:neighborhood:Horcajo", 
        "dummy:neighborhood:Valdebernardo - Valderribas", 
        "dummy:neighborhood:Vista Alegre", 
        "dummy:neighborhood:Campamento", 
        "dummy:neighborhood:Los C\u00e1rmenes", 
        "dummy:neighborhood:Arroyo del Fresno", 
        "dummy:neighborhood:Canillejas", 
        "dummy:neighborhood:Ambroz", 
        "dummy:neighborhood:Zona norte", 
        "dummy:neighborhood:\u00c1guilas", 
        "dummy:neighborhood:N/A", 
        "dummy:hasPlan:False", 
        "dummy:hasPlan:N/A", 
        "dummy:district:Centro", 
        "dummy:district:Salamanca", 
        "dummy:district:Chamart\u00edn", 
        "dummy:district:Chamber\u00ed", 
        "dummy:district:Tetu\u00e1n", 
        "dummy:district:Hortaleza", 
        "dummy:district:Moncloa", 
        "dummy:district:Retiro", 
        "dummy:district:Fuencarral", 
        "dummy:district:Ciudad Lineal", 
        "dummy:district:Arganzuela", 
        "dummy:district:San Blas", 
        "dummy:district:Carabanchel", 
        "dummy:district:Latina", 
        "dummy:district:Villa de Vallecas", 
        "dummy:district:Puente de Vallecas", 
        "dummy:district:Barajas", 
        "dummy:district:Encinar de los Reyes", 
        "dummy:district:Usera", 
        "dummy:district:Somosaguas", 
        "dummy:district:Golf - El Carralero", 
        "dummy:district:Zona Prado de Somosaguas - La Finca", 
        "dummy:district:Zona Monte el Pilar", 
        "dummy:district:Zona Avenida Europa", 
        "dummy:district:Villaverde", 
        "dummy:district:Vic\u00e1lvaro", 
        "dummy:district:Moratalaz", 
        "dummy:district:Parque Lisboa - La Paz", 
        "dummy:district:Zona Estaci\u00f3n", 
        "dummy:district:El Soto de la Moraleja", 
        "dummy:district:Zona Pueblo", 
        "dummy:district:Zona Carretera del Plant\u00edo", 
        "dummy:district:Casco Antiguo", 
        "dummy:district:Urbanizaciones", 
        "dummy:district:Ensanche", 
        "dummy:district:Getafe Centro", 
        "dummy:district:Zona norte", 
        "dummy:district:El Bercial", 
        "dummy:district:Valdepastores - Las Encinas", 
        "dummy:district:Zarzaquemada", 
        "dummy:district:Arroyo de la Vega", 
        "dummy:district:La Alh\u00f3ndiga", 
        "dummy:district:Covibar - Pablo Iglesias", 
        "dummy:district:Valderas - Los Castillos", 
        "dummy:district:Universidad", 
        "dummy:district:San Nicasio - Campo de Tiro - Solagua", 
        "dummy:district:Valdelacasa", 
        "dummy:district:Urb. este - Montepr\u00edncipe", 
        "dummy:district:Alcobendas Centro", 
        "dummy:district:Parque Ondarreta - Urtinsa", 
        "dummy:district:Prado de Santo Domingo", 
        "dummy:district:Fuencasa", 
        "dummy:district:El Carrascal", 
        "dummy:district:Valdepelayo - Montepinos - Arroyo Culebro", 
        "dummy:district:Juan de la Cierva", 
        "dummy:district:Getafe norte", 
        "dummy:district:El Puerto", 
        "dummy:district:Norte", 
        "dummy:district:Legan\u00e9s norte", 
        "dummy:district:El Barral Ferial", 
        "dummy:district:Perales del Rio", 
        "dummy:district:Buenavista", 
        "dummy:district:Rivas Urbanizaciones", 
        "dummy:district:Yucat\u00e1n- Las Cornisas", 
        "dummy:district:N/A", 
        "dummy:hasVideo:False", 
        "dummy:hasVideo:N/A", 
        "dummy:detailedType_typology:flat", 
        "dummy:detailedType_typology:N/A", 
        "dummy:hasParkingSpace:True", 
        "dummy:hasParkingSpace:N/A", 
        "dummy:hasParkingSpace:__Others__"
    ], 
    "regression_performance": {
        "max_error": 1025.4515102946834, 
        "median_error": -25.812134003647884, 
        "error_distribution": [
            {
                "count": 53, 
                "bin_max": -480.28976137128637, 
                "bin_id": 0, 
                "bin_min": -649.26739296935625
            }, 
            {
                "count": 71, 
                "bin_max": -312.98517563062308, 
                "bin_id": 1, 
                "bin_min": -480.28976137128637
            }, 
            {
                "count": 144, 
                "bin_max": -145.68058988995978, 
                "bin_id": 2, 
                "bin_min": -312.98517563062308
            }, 
            {
                "count": 211, 
                "bin_max": 21.623995850703523, 
                "bin_id": 3, 
                "bin_min": -145.68058988995978
            }, 
            {
                "count": 186, 
                "bin_max": 188.92858159136676, 
                "bin_id": 4, 
                "bin_min": 21.623995850703523
            }, 
            {
                "count": 87, 
                "bin_max": 356.23316733203012, 
                "bin_id": 5, 
                "bin_min": 188.92858159136676
            }, 
            {
                "count": 33, 
                "bin_max": 523.53775307269348, 
                "bin_id": 6, 
                "bin_min": 356.23316733203012
            }, 
            {
                "count": 14, 
                "bin_max": 690.84233881335672, 
                "bin_id": 7, 
                "bin_min": 523.53775307269348
            }, 
            {
                "count": 18, 
                "bin_max": 858.14692455401996, 
                "bin_id": 8, 
                "bin_min": 690.84233881335672
            }, 
            {
                "count": 23, 
                "bin_max": 1025.4515102946834, 
                "bin_id": 9, 
                "bin_min": 858.14692455401996
            }
        ], 
        "min_error": -647.59434711194967, 
        "average_error": -5.027528030368809, 
        "std_error": 330.04138963903034, 
        "p75_error": 141.32086989010799, 
        "p90_error": 379.7912507742608, 
        "p25_error": -211.77162634266216
    }
}