{
  "state": "DONE",
  "preSearchDescription": {
    "gridLength": 1,
    "importantParams": [
      {
        "name": "alpha",
        "val": "Auto-optimized"
      }
    ]
  },
  "postSearchDescription": {
    "importantParams": [
      {
        "name": "alpha",
        "val": "0.07773928"
      }
    ]
  },
  "sampleWeightsEnabled": false,
  "modelId": "m1",
  "progress": {
    "top_level_todo": [],
    "stack": [],
    "top_level_done": [
      {
        "name": "Loading train set",
        "time": 36
      },
      {
        "name": "Loading test set",
        "time": 13
      },
      {
        "name": "Collecting statistics",
        "time": 23
      },
      {
        "name": "Preprocessing train set",
        "time": 39
      },
      {
        "name": "Preprocessing test set",
        "time": 34
      },
      {
        "name": "Fitting model",
        "time": 423
      },
      {
        "name": "Saving model",
        "time": 1
      },
      {
        "name": "Scoring model",
        "time": 69
      }
    ]
  },
  "startTime": 1544046190721,
  "endTime": 1544046191361,
  "preprocessingTime": 147,
  "trainingTime": 493
}