[
    {
        "parameters": {
            "alpha": 3.0
        }, 
        "score_time": 1, 
        "test_score": 0.5368591271337315, 
        "fit_time": 12, 
        "num_samples": 885, 
        "best_iteration": null, 
        "train_score": 0.5378545023360475, 
        "parameter_id": 2, 
        "time": 13, 
        "done_at": 1544048834775, 
        "grid_point_id": "{\"alpha\": 3.0}@0"
    }, 
    {
        "parameters": {
            "alpha": 0.1
        }, 
        "score_time": 10, 
        "test_score": 0.7627621388461193, 
        "fit_time": 27, 
        "num_samples": 885, 
        "best_iteration": null, 
        "train_score": 0.8086647449133262, 
        "parameter_id": 0, 
        "time": 37, 
        "done_at": 1544048834736, 
        "grid_point_id": "{\"alpha\": 0.1}@1"
    }, 
    {
        "parameters": {
            "alpha": 1.0
        }, 
        "score_time": 11, 
        "test_score": 0.6938679829104117, 
        "fit_time": 21, 
        "num_samples": 885, 
        "best_iteration": null, 
        "train_score": 0.7047031789818469, 
        "parameter_id": 1, 
        "time": 32, 
        "done_at": 1544048834779, 
        "grid_point_id": "{\"alpha\": 1.0}@2"
    }, 
    {
        "parameters": {
            "alpha": 0.1
        }, 
        "score_time": 3, 
        "test_score": 0.7902567142403061, 
        "fit_time": 22, 
        "num_samples": 885, 
        "best_iteration": null, 
        "train_score": 0.7971782517286423, 
        "parameter_id": 0, 
        "time": 25, 
        "done_at": 1544048834723, 
        "grid_point_id": "{\"alpha\": 0.1}@0"
    }, 
    {
        "parameters": {
            "alpha": 1.0
        }, 
        "score_time": 9, 
        "test_score": 0.6916629846630875, 
        "fit_time": 26, 
        "num_samples": 885, 
        "best_iteration": null, 
        "train_score": 0.7200261092547943, 
        "parameter_id": 1, 
        "time": 35, 
        "done_at": 1544048834764, 
        "grid_point_id": "{\"alpha\": 1.0}@1"
    }, 
    {
        "parameters": {
            "alpha": 1.0
        }, 
        "score_time": 5, 
        "test_score": 0.7010904039403136, 
        "fit_time": 25, 
        "num_samples": 885, 
        "best_iteration": null, 
        "train_score": 0.7028389369433592, 
        "parameter_id": 1, 
        "time": 30, 
        "done_at": 1544048834754, 
        "grid_point_id": "{\"alpha\": 1.0}@0"
    }, 
    {
        "parameters": {
            "alpha": 3.0
        }, 
        "score_time": 2, 
        "test_score": 0.528412880019141, 
        "fit_time": 9, 
        "num_samples": 885, 
        "best_iteration": null, 
        "train_score": 0.5424838405171241, 
        "parameter_id": 2, 
        "time": 11, 
        "done_at": 1544048834779, 
        "grid_point_id": "{\"alpha\": 3.0}@2"
    }, 
    {
        "parameters": {
            "alpha": 0.1
        }, 
        "score_time": 9, 
        "test_score": 0.7877549973838032, 
        "fit_time": 29, 
        "num_samples": 885, 
        "best_iteration": null, 
        "train_score": 0.7978870176853526, 
        "parameter_id": 0, 
        "time": 38, 
        "done_at": 1544048834756, 
        "grid_point_id": "{\"alpha\": 0.1}@2"
    }, 
    {
        "parameters": {
            "alpha": 3.0
        }, 
        "score_time": 3, 
        "test_score": 0.5433102123222161, 
        "fit_time": 15, 
        "num_samples": 885, 
        "best_iteration": null, 
        "train_score": 0.5572631749535613, 
        "parameter_id": 2, 
        "time": 18, 
        "done_at": 1544048834780, 
        "grid_point_id": "{\"alpha\": 3.0}@1"
    }
]