{
    "gridSize": 3, 
    "nThreads": 4, 
    "metric": "R2", 
    "gridPoints": [
        {
            "index": 0, 
            "finishedAt": 1544048834756.0, 
            "score": 0.78025795015674293, 
            "parameters": {
                "alpha": 0.1
            }, 
            "time": 100.0
        }, 
        {
            "index": 1, 
            "finishedAt": 1544048834779.0, 
            "score": 0.69554045717127089, 
            "parameters": {
                "alpha": 1.0
            }, 
            "time": 97.0
        }, 
        {
            "index": 2, 
            "finishedAt": 1544048834780.0, 
            "score": 0.53619407315836287, 
            "parameters": {
                "alpha": 3.0
            }, 
            "time": 42.0
        }
    ], 
    "startedAt": 1544048834694, 
    "nSplits": 3
}