{
    "metrics": {
        "rmse": 381.7019379837865, 
        "pearson": 0.89037954572926992, 
        "mae": 266.27974910507203, 
        "r2": 0.78525634822449264, 
        "mape": 0.17700176934953513, 
        "mse": 145696.36946057837, 
        "evs": 0.78628351890292236, 
        "rmsle": 0.222089865712034
    }, 
    "scatterPlotData": {
        "y": [
            1714.2713, 
            1663.8761, 
            2096.1793, 
            1357.5973, 
            1047.6571, 
            1516.2156, 
            1850.3643, 
            1347.7776, 
            1726.0769, 
            2380.667, 
            1236.9728, 
            521.0275, 
            1779.2092, 
            1238.9322, 
            1349.7676, 
            2984.1566, 
            1922.5012, 
            908.7754, 
            2194.1206, 
            837.2615, 
            2254.0864, 
            1307.7014, 
            1238.5553, 
            2361.8225, 
            2420.5904, 
            907.6767, 
            976.7002, 
            2039.1215, 
            2778.1884, 
            961.7672, 
            2190.4451, 
            3064.7069, 
            1112.8207, 
            1829.0345, 
            1244.5486, 
            1807.6586, 
            2054.9363, 
            931.5375, 
            1720.0666, 
            1684.0118, 
            2165.8774, 
            835.3927, 
            1047.0897, 
            1187.6112, 
            1630.5792, 
            582.7692, 
            1237.2703, 
            2885.4416, 
            1976.1609, 
            2926.9761, 
            1828.8921, 
            2470.4158, 
            1215.7831, 
            3221.5817, 
            1338.8951, 
            1243.8238, 
            1765.9597, 
            1520.0672, 
            2707.83, 
            928.4954, 
            2547.0644, 
            918.0583, 
            1265.2445, 
            1189.4136, 
            1231.2097, 
            1533.5723, 
            931.7945, 
            2137.5061, 
            1586.4859, 
            2042.6782, 
            1667.5, 
            2190.8937, 
            3837.1428, 
            2220.8263, 
            2034.1875, 
            1351.48, 
            1418.7645, 
            799.644, 
            1307.6622, 
            2448.3393, 
            881.6447, 
            1384.8672, 
            638.4669, 
            2537.1728, 
            1176.43, 
            554.8102, 
            1404.1847, 
            824.6686, 
            994.9541, 
            1171.7891, 
            1182.3754, 
            1508.2579, 
            2273.6087, 
            1378.7717, 
            1577.9415, 
            1189.4136, 
            1901.2669, 
            603.1185, 
            2852.1291, 
            1587.4769, 
            1958.9169, 
            847.1905, 
            1977.2861, 
            1153.5446, 
            2399.0905, 
            844.3855, 
            1584.8965, 
            899.7862, 
            1500.7929, 
            1787.4212, 
            1123.8005, 
            1444.8474, 
            1355.0317, 
            2531.6818, 
            2843.4698, 
            1414.1815, 
            2827.6473, 
            1689.8624, 
            2425.3796, 
            1382.386, 
            1027.2247, 
            1365.5785, 
            2517.823, 
            1843.9106, 
            1183.3055, 
            1040.3235, 
            2383.9709, 
            1252.4207, 
            2149.2314, 
            1094.4233, 
            1881.8938, 
            3199.5224, 
            3109.3156, 
            1297.9935, 
            1492.7286, 
            949.0956, 
            1882.0197, 
            1331.4962, 
            901.786, 
            1622.2759, 
            1524.4082, 
            1003.7898, 
            1600.961, 
            811.9954, 
            626.6555, 
            1314.3266, 
            3866.2824, 
            1781.017, 
            3445.2595, 
            1036.1469, 
            1324.65, 
            1586.4859, 
            1284.3736, 
            1101.4773, 
            2016.6191, 
            1668.3865, 
            1891.1582, 
            1094.2883, 
            1363.0717, 
            416.2896, 
            1736.0815, 
            1620.6438, 
            2847.4034, 
            1659.4107, 
            1355.9355, 
            3476.3977, 
            1508.4402, 
            2955.2257, 
            2171.1091, 
            2447.9216, 
            1888.9826, 
            2024.8479, 
            1448.7324, 
            990.5554, 
            767.3852, 
            1997.3074, 
            1105.5422, 
            1096.5128, 
            786.3735, 
            837.8478, 
            1700.9406, 
            1126.1714, 
            1139.9011, 
            843.5479, 
            1134.8549, 
            845.9378, 
            2335.1362, 
            1169.6264, 
            3471.4427, 
            1193.21, 
            713.6968, 
            1615.4236, 
            1548.1627, 
            2156.1904, 
            1296.733, 
            1242.7524, 
            1636.2954, 
            1788.8142, 
            1647.6651, 
            1088.1426, 
            790.1602, 
            841.6826, 
            942.2405, 
            1077.5145, 
            1540.7169, 
            1427.807, 
            1654.0538, 
            3866.2824, 
            1139.8377, 
            2477.6539, 
            2301.3823, 
            1364.3584, 
            2371.6124, 
            785.4088, 
            1092.0867, 
            1340.5199, 
            1318.0151, 
            1470.9287, 
            941.6766, 
            843.5174, 
            1983.8878, 
            1363.6859, 
            950.3081, 
            1741.5435, 
            1498.4263, 
            3117.2403, 
            1497.1334, 
            1067.3515, 
            1813.0235, 
            593.9234, 
            1077.624, 
            2086.4979, 
            1475.9336, 
            1125.0891, 
            1400.5673, 
            1188.4624, 
            1948.5349, 
            1382.7729, 
            1428.9785, 
            630.4825, 
            1180.7892, 
            890.1226, 
            1501.6131, 
            1007.5835, 
            1411.1032, 
            1632.7972, 
            1182.7965, 
            830.4625, 
            2254.0864, 
            1228.9037, 
            1234.6367, 
            981.2748, 
            944.3853, 
            2093.8466, 
            775.9134, 
            1332.5281, 
            1054.8828, 
            1428.1917, 
            702.9116, 
            2124.7854, 
            1527.9643, 
            759.7049, 
            1077.8234, 
            1762.6189, 
            3055.2343, 
            1725.5552, 
            652.5197, 
            1764.435, 
            1391.7413, 
            3072.317, 
            1324.65, 
            1135.4513, 
            878.9333, 
            2605.0227, 
            3601.894, 
            1063.2737, 
            2074.9669, 
            855.7561, 
            1067.3593, 
            2655.6296, 
            749.0197, 
            1727.7471, 
            2732.2684, 
            1544.4037, 
            2422.2822, 
            529.5968, 
            1537.8622, 
            772.9047, 
            1889.6968, 
            2476.9933, 
            2723.2386, 
            1831.2568, 
            1028.0949, 
            1382.0155, 
            1267.8841, 
            1361.9433, 
            1396.567, 
            461.2982, 
            1822.6408, 
            2080.323, 
            1592.4885, 
            743.8885, 
            1051.2785, 
            1406.1856, 
            681.9268, 
            2254.6876, 
            1378.0224, 
            3745.2308, 
            1676.6099, 
            1055.4579, 
            2082.662, 
            1357.5729, 
            1573.7118, 
            3201.7361, 
            1198.8733, 
            1590.4145, 
            1767.4673, 
            3109.1961, 
            1101.5818, 
            529.3506, 
            1533.1802, 
            957.036, 
            871.7973, 
            888.2013, 
            2077.3468, 
            4354.6027, 
            1425.3408, 
            779.7569, 
            1606.459, 
            1506.7419, 
            815.1445, 
            1869.0588, 
            1085.3954, 
            1582.0594, 
            1426.0262, 
            1409.4444, 
            1946.2688, 
            1284.6702, 
            1581.1153, 
            1390.7519, 
            1403.2509, 
            1431.8295, 
            596.5302, 
            2445.9484, 
            980.819, 
            1412.2101, 
            1638.4107, 
            1033.5205, 
            1409.2501, 
            1183.8372, 
            2121.4606, 
            1475.2238, 
            2758.8955, 
            968.0508, 
            890.1226, 
            1876.2644, 
            607.336, 
            970.0955, 
            1283.4742, 
            2586.4504, 
            1282.9492, 
            1697.0633, 
            1214.1452, 
            1507.9989, 
            1807.3661, 
            1395.0959, 
            1132.3034, 
            1367.2672, 
            2448.3393, 
            2435.9443, 
            1711.191, 
            955.5868, 
            1252.4857, 
            1432.3136, 
            899.6708, 
            1104.0469, 
            1502.3737, 
            1782.9942, 
            1320.8302, 
            2349.1571, 
            2349.0964, 
            1152.8624, 
            1397.1009, 
            2298.0731, 
            1045.5349, 
            1620.6839, 
            1435.428, 
            3033.2169, 
            695.0349, 
            899.4548, 
            1025.8383, 
            1782.7009, 
            1599.1598, 
            1275.1229, 
            679.5487, 
            1881.7185, 
            1980.3348, 
            1458.9847, 
            1767.3383, 
            1598.1237, 
            1769.1751, 
            1365.4167, 
            3219.5731, 
            682.6152, 
            1834.9034, 
            2428.732, 
            2433.231, 
            1209.4823, 
            944.1755, 
            968.0508, 
            779.0196, 
            935.1269, 
            1991.6965, 
            1137.7647, 
            1737.7796, 
            1205.2906, 
            1883.8671, 
            1577.8223, 
            1555.9046, 
            1596.8223, 
            1666.0342, 
            1475.9336, 
            1850.669, 
            1565.638, 
            1005.199, 
            1094.8614, 
            1279.9098, 
            787.9206, 
            964.544, 
            1273.6937, 
            1713.5737, 
            1104.9907, 
            1070.8211, 
            1112.1629, 
            1044.2308, 
            2507.9503, 
            1263.2777, 
            900.6182, 
            1296.9924, 
            838.4024, 
            2324.7544, 
            756.2981, 
            1160.5312, 
            1901.2669, 
            1167.9088, 
            787.4368, 
            1860.1645, 
            1265.7412, 
            1129.4008, 
            2304.3197, 
            1256.9468, 
            1007.1762, 
            700.2087, 
            849.7108, 
            2886.7908, 
            802.9137, 
            522.3099, 
            1894.9825, 
            1098.8769, 
            1120.036, 
            1512.8733, 
            1348.914, 
            1769.0626, 
            1233.3429, 
            2280.1995, 
            1151.4643, 
            1718.0112, 
            807.0879, 
            1349.5196, 
            2398.0169, 
            1320.8597, 
            1909.2659, 
            2178.3412, 
            2188.3648, 
            1001.3827, 
            3296.4545, 
            868.9234, 
            966.6493, 
            952.3198, 
            2562.7974, 
            702.8082, 
            855.7891, 
            1410.5244, 
            1120.0057, 
            1895.2874, 
            838.092, 
            1196.4062, 
            890.1942, 
            2602.1673, 
            1596.0981, 
            1644.5686, 
            1259.219, 
            1418.2227, 
            2408.7579, 
            2109.8758, 
            1429.7364, 
            2087.7204, 
            1150.0823, 
            658.3347, 
            1517.2782, 
            2356.5807, 
            1465.6198, 
            2273.877, 
            1307.3272, 
            2100.0849, 
            2682.4707, 
            2245.3854, 
            1580.8211, 
            813.6433, 
            1547.7562, 
            2274.8144, 
            1384.8672, 
            1135.6784, 
            2028.9262, 
            1059.6378, 
            819.9262, 
            1421.6712, 
            1080.3405, 
            1366.982, 
            1298.8947, 
            1034.3611, 
            935.4474, 
            2456.0593, 
            738.3127, 
            2870.5441, 
            1850.669, 
            1851.8318, 
            964.7733, 
            1851.6362, 
            1279.2655, 
            892.1327, 
            1530.2616, 
            959.3684, 
            1218.4591, 
            1199.5106, 
            857.1534, 
            2656.3706, 
            1108.7586, 
            2450.487, 
            751.0251, 
            879.5089, 
            1000.3054, 
            2599.5006, 
            1692.6548, 
            1098.8769, 
            982.4452, 
            1476.3715, 
            1770.2725, 
            708.0293, 
            1246.893, 
            2672.3151, 
            1300.9272, 
            2360.0608, 
            1521.9093, 
            687.3946, 
            801.3734, 
            2414.121, 
            1307.6622, 
            1711.5935, 
            1102.1647, 
            2572.2799, 
            1718.7214, 
            753.3964, 
            2352.3358, 
            960.2688, 
            815.1445, 
            928.0591, 
            2291.5855, 
            660.8574, 
            1529.652, 
            1543.2336, 
            1705.6408, 
            1143.3328, 
            1117.6776, 
            1754.777, 
            766.2178, 
            2106.191, 
            2074.9669, 
            3412.9023, 
            3436.5183, 
            1289.789, 
            910.2833, 
            1557.042, 
            1106.3418, 
            1718.3873, 
            1879.9192, 
            1731.5495, 
            1828.8756, 
            949.5769, 
            1789.4975, 
            1428.7696, 
            635.9457, 
            525.8021, 
            1043.4543, 
            1071.5082, 
            2007.5008, 
            2753.0777, 
            672.5628, 
            1799.7275, 
            646.3268, 
            1477.5105, 
            823.7826, 
            1164.8969, 
            927.9554, 
            1037.9472, 
            299.1733, 
            1566.8603, 
            1294.9104, 
            1712.6849, 
            953.786, 
            840.3815, 
            2511.1973, 
            1181.1153, 
            680.3331, 
            884.5764, 
            1882.0082, 
            1270.2865, 
            916.7572, 
            1434.7656, 
            3855.8107, 
            1544.2044, 
            1483.4533, 
            867.3567, 
            1006.6555, 
            1068.2528, 
            1112.5804, 
            1083.6793, 
            2167.947, 
            603.0509, 
            970.0113, 
            3228.9909, 
            920.0628, 
            1356.7593, 
            1424.8767, 
            1433.29, 
            781.8456, 
            1674.7217, 
            2100.6276, 
            1901.2669, 
            1639.5363, 
            1851.6362, 
            1333.1104, 
            3135.4988, 
            882.4635, 
            690.6882, 
            1868.314, 
            2858.9798, 
            873.3969, 
            715.7504, 
            2559.8447, 
            941.5487, 
            1707.7333, 
            1014.914, 
            1634.6509, 
            1428.2275, 
            772.6221, 
            2108.8661, 
            1891.4021, 
            992.3314, 
            2441.2631, 
            977.9878, 
            1835.8647, 
            2696.6099, 
            1470.4341
        ], 
        "x": [
            1700.0, 
            1500.0, 
            1900.0, 
            1202.0, 
            1150.0, 
            1550.0, 
            3400.0, 
            1200.0, 
            1600.0, 
            3500.0, 
            850.0, 
            600.0, 
            1200.0, 
            800.0, 
            1400.0, 
            3500.0, 
            1800.0, 
            725.0, 
            3645.0, 
            1000.0, 
            2400.0, 
            1500.0, 
            920.0, 
            1400.0, 
            2900.0, 
            1000.0, 
            1100.0, 
            1650.0, 
            3600.0, 
            1100.0, 
            3240.0, 
            2400.0, 
            850.0, 
            2000.0, 
            1250.0, 
            2200.0, 
            3105.0, 
            950.0, 
            1700.0, 
            1650.0, 
            2300.0, 
            850.0, 
            1125.0, 
            1200.0, 
            1000.0, 
            750.0, 
            900.0, 
            3800.0, 
            2150.0, 
            2950.0, 
            1700.0, 
            2300.0, 
            925.0, 
            2600.0, 
            1300.0, 
            1200.0, 
            1300.0, 
            1100.0, 
            2850.0, 
            900.0, 
            2400.0, 
            1200.0, 
            1200.0, 
            950.0, 
            1350.0, 
            1650.0, 
            800.0, 
            2100.0, 
            1350.0, 
            1800.0, 
            1650.0, 
            3500.0, 
            3850.0, 
            1850.0, 
            2400.0, 
            900.0, 
            2845.0, 
            975.0, 
            770.0, 
            3000.0, 
            900.0, 
            800.0, 
            680.0, 
            2800.0, 
            1250.0, 
            800.0, 
            2600.0, 
            900.0, 
            1000.0, 
            850.0, 
            1600.0, 
            1500.0, 
            1850.0, 
            1500.0, 
            1350.0, 
            950.0, 
            1300.0, 
            650.0, 
            2600.0, 
            1400.0, 
            1900.0, 
            785.0, 
            1550.0, 
            1250.0, 
            3300.0, 
            700.0, 
            2400.0, 
            1060.0, 
            1500.0, 
            1910.0, 
            1100.0, 
            1400.0, 
            1200.0, 
            2650.0, 
            3000.0, 
            1240.0, 
            2800.0, 
            1500.0, 
            2800.0, 
            1150.0, 
            1000.0, 
            900.0, 
            1950.0, 
            1800.0, 
            1200.0, 
            1090.0, 
            3000.0, 
            1900.0, 
            2400.0, 
            1200.0, 
            1750.0, 
            3000.0, 
            4000.0, 
            1250.0, 
            1000.0, 
            700.0, 
            2000.0, 
            975.0, 
            825.0, 
            1100.0, 
            1300.0, 
            950.0, 
            1500.0, 
            750.0, 
            850.0, 
            1250.0, 
            4000.0, 
            2200.0, 
            4000.0, 
            900.0, 
            1200.0, 
            1350.0, 
            1300.0, 
            1150.0, 
            1580.0, 
            1300.0, 
            1900.0, 
            900.0, 
            1250.0, 
            650.0, 
            1300.0, 
            1400.0, 
            2400.0, 
            1500.0, 
            1100.0, 
            3500.0, 
            1390.0, 
            3400.0, 
            1950.0, 
            3700.0, 
            1550.0, 
            1650.0, 
            1600.0, 
            1150.0, 
            900.0, 
            1399.0, 
            1000.0, 
            675.0, 
            650.0, 
            800.0, 
            1400.0, 
            1130.0, 
            1300.0, 
            900.0, 
            850.0, 
            900.0, 
            2500.0, 
            1300.0, 
            4000.0, 
            950.0, 
            850.0, 
            1275.0, 
            1400.0, 
            1600.0, 
            1250.0, 
            1035.0, 
            1250.0, 
            1690.0, 
            1850.0, 
            850.0, 
            950.0, 
            850.0, 
            700.0, 
            900.0, 
            1800.0, 
            1600.0, 
            1600.0, 
            4000.0, 
            950.0, 
            2700.0, 
            2700.0, 
            1590.0, 
            2700.0, 
            575.0, 
            1300.0, 
            1500.0, 
            1260.0, 
            1600.0, 
            1150.0, 
            850.0, 
            2000.0, 
            1400.0, 
            690.0, 
            1700.0, 
            1400.0, 
            2500.0, 
            1890.0, 
            1200.0, 
            1850.0, 
            720.0, 
            900.0, 
            1150.0, 
            1350.0, 
            1350.0, 
            1250.0, 
            1000.0, 
            1900.0, 
            1400.0, 
            1600.0, 
            800.0, 
            850.0, 
            900.0, 
            1250.0, 
            1100.0, 
            1100.0, 
            1500.0, 
            1100.0, 
            950.0, 
            2400.0, 
            700.0, 
            1700.0, 
            750.0, 
            900.0, 
            1865.0, 
            700.0, 
            1590.0, 
            900.0, 
            1100.0, 
            650.0, 
            2600.0, 
            1400.0, 
            800.0, 
            850.0, 
            1850.0, 
            2800.0, 
            1500.0, 
            850.0, 
            1400.0, 
            1550.0, 
            3300.0, 
            1200.0, 
            1355.0, 
            750.0, 
            3200.0, 
            3900.0, 
            1050.0, 
            2000.0, 
            875.0, 
            850.0, 
            3450.0, 
            725.0, 
            1100.0, 
            3200.0, 
            1490.0, 
            2500.0, 
            625.0, 
            1425.0, 
            790.0, 
            1700.0, 
            3240.0, 
            2700.0, 
            1500.0, 
            730.0, 
            1400.0, 
            1500.0, 
            1300.0, 
            995.0, 
            600.0, 
            2800.0, 
            1900.0, 
            1430.0, 
            750.0, 
            895.0, 
            1575.0, 
            800.0, 
            1950.0, 
            1400.0, 
            3000.0, 
            1800.0, 
            1375.0, 
            2200.0, 
            1100.0, 
            1100.0, 
            3500.0, 
            1170.0, 
            1200.0, 
            1950.0, 
            3700.0, 
            810.0, 
            650.0, 
            1425.0, 
            900.0, 
            1250.0, 
            1100.0, 
            1700.0, 
            3975.0, 
            1400.0, 
            1200.0, 
            2470.0, 
            1600.0, 
            1045.0, 
            3700.0, 
            1300.0, 
            2995.0, 
            2100.0, 
            850.0, 
            1850.0, 
            1100.0, 
            1500.0, 
            750.0, 
            800.0, 
            1100.0, 
            725.0, 
            3300.0, 
            835.0, 
            950.0, 
            1700.0, 
            750.0, 
            730.0, 
            1500.0, 
            2700.0, 
            1750.0, 
            3300.0, 
            900.0, 
            900.0, 
            1600.0, 
            650.0, 
            1100.0, 
            995.0, 
            2700.0, 
            1500.0, 
            1300.0, 
            1200.0, 
            1850.0, 
            1950.0, 
            1250.0, 
            1100.0, 
            1450.0, 
            3000.0, 
            2450.0, 
            1850.0, 
            1000.0, 
            1250.0, 
            1800.0, 
            1100.0, 
            995.0, 
            1200.0, 
            1300.0, 
            1100.0, 
            3850.0, 
            3200.0, 
            1100.0, 
            1500.0, 
            3950.0, 
            1300.0, 
            1100.0, 
            1200.0, 
            3000.0, 
            850.0, 
            680.0, 
            1000.0, 
            1900.0, 
            1400.0, 
            1200.0, 
            650.0, 
            1935.0, 
            2350.0, 
            950.0, 
            1500.0, 
            1400.0, 
            1900.0, 
            1000.0, 
            3800.0, 
            990.0, 
            1566.0, 
            3000.0, 
            3900.0, 
            1650.0, 
            1200.0, 
            900.0, 
            820.0, 
            750.0, 
            1800.0, 
            780.0, 
            2100.0, 
            1300.0, 
            1800.0, 
            1300.0, 
            1400.0, 
            1650.0, 
            1400.0, 
            1350.0, 
            2500.0, 
            1250.0, 
            870.0, 
            1200.0, 
            890.0, 
            750.0, 
            980.0, 
            950.0, 
            2000.0, 
            850.0, 
            700.0, 
            1300.0, 
            980.0, 
            3100.0, 
            1600.0, 
            550.0, 
            900.0, 
            950.0, 
            1975.0, 
            810.0, 
            1100.0, 
            1300.0, 
            650.0, 
            800.0, 
            1865.0, 
            950.0, 
            995.0, 
            3780.0, 
            1250.0, 
            900.0, 
            850.0, 
            1090.0, 
            2700.0, 
            800.0, 
            650.0, 
            1400.0, 
            950.0, 
            800.0, 
            1500.0, 
            1300.0, 
            2430.0, 
            1100.0, 
            2700.0, 
            900.0, 
            1300.0, 
            700.0, 
            1130.0, 
            3000.0, 
            1067.0, 
            1650.0, 
            2350.0, 
            3630.0, 
            810.0, 
            3990.0, 
            1100.0, 
            1100.0, 
            1400.0, 
            2900.0, 
            795.0, 
            1300.0, 
            1300.0, 
            1350.0, 
            1500.0, 
            900.0, 
            900.0, 
            950.0, 
            2499.0, 
            1490.0, 
            1980.0, 
            1390.0, 
            1500.0, 
            2450.0, 
            2300.0, 
            1390.0, 
            2600.0, 
            1150.0, 
            980.0, 
            1700.0, 
            2700.0, 
            800.0, 
            2600.0, 
            1500.0, 
            2300.0, 
            3000.0, 
            1690.0, 
            1900.0, 
            1200.0, 
            1300.0, 
            1900.0, 
            1000.0, 
            850.0, 
            1900.0, 
            750.0, 
            780.0, 
            1400.0, 
            1300.0, 
            1200.0, 
            1150.0, 
            890.0, 
            850.0, 
            2600.0, 
            975.0, 
            2800.0, 
            1650.0, 
            1700.0, 
            950.0, 
            1950.0, 
            1250.0, 
            745.0, 
            1450.0, 
            900.0, 
            950.0, 
            900.0, 
            690.0, 
            3000.0, 
            950.0, 
            1900.0, 
            750.0, 
            770.0, 
            1500.0, 
            3100.0, 
            1500.0, 
            950.0, 
            800.0, 
            1400.0, 
            2000.0, 
            630.0, 
            1100.0, 
            3500.0, 
            1380.0, 
            2700.0, 
            1000.0, 
            657.0, 
            740.0, 
            2700.0, 
            790.0, 
            1650.0, 
            745.0, 
            2100.0, 
            2650.0, 
            875.0, 
            1950.0, 
            1000.0, 
            1045.0, 
            800.0, 
            1950.0, 
            520.0, 
            1350.0, 
            1100.0, 
            2500.0, 
            850.0, 
            1099.0, 
            1950.0, 
            780.0, 
            2350.0, 
            2000.0, 
            3500.0, 
            3700.0, 
            1700.0, 
            815.0, 
            1275.0, 
            915.0, 
            1300.0, 
            2300.0, 
            1600.0, 
            1900.0, 
            980.0, 
            1700.0, 
            1450.0, 
            1000.0, 
            585.0, 
            1050.0, 
            1250.0, 
            1900.0, 
            2900.0, 
            600.0, 
            2900.0, 
            650.0, 
            950.0, 
            800.0, 
            1390.0, 
            900.0, 
            1000.0, 
            750.0, 
            1700.0, 
            1500.0, 
            1900.0, 
            890.0, 
            800.0, 
            2300.0, 
            1200.0, 
            699.0, 
            1000.0, 
            1850.0, 
            850.0, 
            680.0, 
            1300.0, 
            3500.0, 
            1650.0, 
            990.0, 
            1150.0, 
            1100.0, 
            800.0, 
            1100.0, 
            1300.0, 
            2800.0, 
            750.0, 
            1150.0, 
            3950.0, 
            850.0, 
            1100.0, 
            1500.0, 
            1800.0, 
            850.0, 
            1700.0, 
            2650.0, 
            1300.0, 
            1600.0, 
            1950.0, 
            975.0, 
            4000.0, 
            850.0, 
            815.0, 
            1800.0, 
            3800.0, 
            900.0, 
            900.0, 
            3600.0, 
            960.0, 
            1250.0, 
            820.0, 
            1500.0, 
            1240.0, 
            800.0, 
            3105.0, 
            2200.0, 
            1000.0, 
            2300.0, 
            850.0, 
            2970.0, 
            2100.0, 
            1450.0
        ]
    }, 
    "processed_feature_names": [
        "bathrooms", 
        "floor", 
        "rooms", 
        "size", 
        "dummy:has360:False", 
        "dummy:has360:N/A", 
        "dummy:hasLift:True", 
        "dummy:hasLift:N/A", 
        "dummy:propertyType:flat", 
        "dummy:propertyType:penthouse", 
        "dummy:propertyType:studio", 
        "dummy:propertyType:duplex", 
        "dummy:propertyType:N/A", 
        "dummy:exterior:True", 
        "dummy:exterior:N/A", 
        "dummy:neighborhood:Recoletos", 
        "dummy:neighborhood:Lavapi\u00e9s-Embajadores", 
        "dummy:neighborhood:Castellana", 
        "dummy:neighborhood:Goya", 
        "dummy:neighborhood:Palacio", 
        "dummy:neighborhood:Malasa\u00f1a-Universidad", 
        "dummy:neighborhood:Chueca-Justicia", 
        "dummy:neighborhood:Arg\u00fcelles", 
        "dummy:neighborhood:Trafalgar", 
        "dummy:neighborhood:Lista", 
        "dummy:neighborhood:Bernab\u00e9u-Hispanoam\u00e9rica", 
        "dummy:neighborhood:Almagro", 
        "dummy:neighborhood:Cuzco-Castillejos", 
        "dummy:neighborhood:Huertas-Cortes", 
        "dummy:neighborhood:El Viso", 
        "dummy:neighborhood:Conde Orgaz-Piovera", 
        "dummy:neighborhood:Sanchinarro", 
        "dummy:neighborhood:Castilla", 
        "dummy:neighborhood:Nueva Espa\u00f1a", 
        "dummy:neighborhood:Sol", 
        "dummy:neighborhood:Prosperidad", 
        "dummy:neighborhood:Ibiza", 
        "dummy:neighborhood:Cuatro Caminos", 
        "dummy:neighborhood:Arapiles", 
        "dummy:neighborhood:Las Tablas", 
        "dummy:neighborhood:Ventilla-Almenara", 
        "dummy:neighborhood:Guindalera", 
        "dummy:neighborhood:Nuevos Ministerios-R\u00edos Rosas", 
        "dummy:neighborhood:Aravaca", 
        "dummy:neighborhood:Ciudad Jard\u00edn", 
        "dummy:neighborhood:Costillares", 
        "dummy:neighborhood:Fuente del Berro", 
        "dummy:neighborhood:San Pascual", 
        "dummy:neighborhood:Bellas Vistas", 
        "dummy:neighborhood:Vallehermoso", 
        "dummy:neighborhood:Ensanche de Vallecas - La Gavia", 
        "dummy:neighborhood:Gaztambide", 
        "dummy:neighborhood:Jer\u00f3nimos", 
        "dummy:neighborhood:Pac\u00edfico", 
        "dummy:neighborhood:La Paz", 
        "dummy:neighborhood:Acacias", 
        "dummy:neighborhood:Rejas", 
        "dummy:neighborhood:Legazpi", 
        "dummy:neighborhood:Ni\u00f1o Jes\u00fas", 
        "dummy:neighborhood:Canillas", 
        "dummy:neighborhood:San Juan Bautista", 
        "dummy:neighborhood:Palos de Moguer", 
        "dummy:neighborhood:Valdemar\u00edn", 
        "dummy:neighborhood:Pe\u00f1agrande", 
        "dummy:neighborhood:Pilar", 
        "dummy:neighborhood:Simancas", 
        "dummy:neighborhood:Concepci\u00f3n", 
        "dummy:neighborhood:Valdeacederas", 
        "dummy:neighborhood:Ventas", 
        "dummy:neighborhood:Estrella", 
        "dummy:neighborhood:Pueblo Nuevo", 
        "dummy:neighborhood:Chopera", 
        "dummy:neighborhood:Atalaya", 
        "dummy:neighborhood:Berruguete", 
        "dummy:neighborhood:Comillas", 
        "dummy:neighborhood:Adelfas", 
        "dummy:neighborhood:Tres Olivos - Valverde", 
        "dummy:neighborhood:Valdezarza", 
        "dummy:neighborhood:Pinar del Rey", 
        "dummy:neighborhood:Alameda de Osuna", 
        "dummy:neighborhood:Colina", 
        "dummy:neighborhood:Somosaguas", 
        "dummy:neighborhood:Lucero", 
        "dummy:neighborhood:Imperial", 
        "dummy:neighborhood:Montecarmelo", 
        "dummy:neighborhood:Zona Avenida Europa", 
        "dummy:neighborhood:Delicias", 
        "dummy:neighborhood:Palomas", 
        "dummy:neighborhood:Ciudad Universitaria", 
        "dummy:neighborhood:San Diego", 
        "dummy:neighborhood:Mirasierra", 
        "dummy:neighborhood:Prado de Somosaguas", 
        "dummy:neighborhood:Opa\u00f1el", 
        "dummy:neighborhood:Numancia", 
        "dummy:neighborhood:Vista Alegre", 
        "dummy:neighborhood:Valdebernardo - Valderribas", 
        "dummy:neighborhood:Zona Estaci\u00f3n", 
        "dummy:neighborhood:Zona norte", 
        "dummy:neighborhood:Valdebebas - Valdefuentes", 
        "dummy:neighborhood:Almendrales", 
        "dummy:neighborhood:Rosas", 
        "dummy:neighborhood:Puerta del \u00c1ngel", 
        "dummy:neighborhood:Zof\u00edo", 
        "dummy:neighborhood:Parque Lisboa - La Paz", 
        "dummy:neighborhood:Quintana", 
        "dummy:neighborhood:San Isidro", 
        "dummy:neighborhood:\u00c1guilas", 
        "dummy:neighborhood:Campo de las Naciones-Corralejos", 
        "dummy:neighborhood:Ambroz", 
        "dummy:neighborhood:Casco Hist\u00f3rico de Vallecas", 
        "dummy:neighborhood:Moscard\u00f3", 
        "dummy:neighborhood:Abrantes", 
        "dummy:neighborhood:Canillejas", 
        "dummy:neighborhood:Horcajo", 
        "dummy:neighborhood:Puerta Bonita", 
        "dummy:neighborhood:N/A", 
        "dummy:hasPlan:False", 
        "dummy:hasPlan:N/A", 
        "dummy:hasVideo:False", 
        "dummy:hasVideo:N/A", 
        "dummy:detailedType_typology:flat", 
        "dummy:detailedType_typology:N/A", 
        "dummy:hasParkingSpace:True", 
        "dummy:hasParkingSpace:N/A", 
        "dummy:hasParkingSpace:__Others__"
    ], 
    "regression_performance": {
        "max_error": 1130.2866997056151, 
        "median_error": -21.052679629694694, 
        "error_distribution": [
            {
                "count": 49, 
                "bin_max": -428.1115319338486, 
                "bin_id": 0, 
                "bin_min": -602.99844459561064
            }, 
            {
                "count": 79, 
                "bin_max": -254.95617286279708, 
                "bin_id": 1, 
                "bin_min": -428.1115319338486
            }, 
            {
                "count": 132, 
                "bin_max": -81.800813791745554, 
                "bin_id": 2, 
                "bin_min": -254.95617286279708
            }, 
            {
                "count": 165, 
                "bin_max": 91.354545279305967, 
                "bin_id": 3, 
                "bin_min": -81.800813791745554
            }, 
            {
                "count": 128, 
                "bin_max": 264.50990435035749, 
                "bin_id": 4, 
                "bin_min": 91.354545279305967
            }, 
            {
                "count": 41, 
                "bin_max": 437.66526342140901, 
                "bin_id": 5, 
                "bin_min": 264.50990435035749
            }, 
            {
                "count": 26, 
                "bin_max": 610.82062249246064, 
                "bin_id": 6, 
                "bin_min": 437.66526342140901
            }, 
            {
                "count": 9, 
                "bin_max": 783.97598156351205, 
                "bin_id": 7, 
                "bin_min": 610.82062249246064
            }, 
            {
                "count": 14, 
                "bin_max": 957.13134063456346, 
                "bin_id": 8, 
                "bin_min": 783.97598156351205
            }, 
            {
                "count": 21, 
                "bin_max": 1130.2866997056151, 
                "bin_id": 9, 
                "bin_min": 957.13134063456346
            }
        ], 
        "min_error": -601.26689100490012, 
        "average_error": 21.736934620905362, 
        "std_error": 354.5428966167346, 
        "p75_error": 168.99019093860056, 
        "p90_error": 446.80839901368284, 
        "p25_error": -194.44470234272885
    }
}