{
  "state": "DONE",
  "preSearchDescription": {
    "gridLength": 3,
    "importantParams": [
      {
        "name": "alpha",
        "vals": [
          "0.1",
          "1.0",
          "3.0"
        ]
      }
    ]
  },
  "postSearchDescription": {
    "importantParams": [
      {
        "name": "alpha",
        "val": "0.1"
      }
    ]
  },
  "sampleWeightsEnabled": false,
  "modelId": "m1",
  "progress": {
    "top_level_todo": [],
    "stack": [],
    "top_level_done": [
      {
        "name": "Loading train set",
        "time": 47
      },
      {
        "name": "Loading test set",
        "time": 14
      },
      {
        "name": "Collecting statistics",
        "time": 24
      },
      {
        "name": "Preprocessing train set",
        "time": 39
      },
      {
        "name": "Preprocessing test set",
        "time": 32
      },
      {
        "name": "Grid searching",
        "time": 1022
      },
      {
        "name": "Fitting model",
        "time": 13
      },
      {
        "name": "Saving model",
        "time": 1
      },
      {
        "name": "Scoring model",
        "time": 54
      }
    ]
  },
  "startTime": 1544048834520,
  "endTime": 1544048835770,
  "preprocessingTime": 160,
  "trainingTime": 1090
}