{
  "type": "prediction_scoring",
  "neverRecomputeExistingPartitions": false,
  "optionalDependencies": false,
  "params": {
    "containerSelection": {
      "containerMode": "INHERIT"
    }
  },
  "customMeta": {
    "kv": {}
  },
  "redispatchPartitioning": false,
  "maxRunningActivities": 0,
  "inputs": {
    "model": {
      "items": [
        {
          "ref": "hAUDe9Br",
          "deps": []
        }
      ]
    },
    "main": {
      "items": [
        {
          "ref": "idealista_data_V2_prepared",
          "deps": []
        }
      ]
    }
  },
  "outputs": {
    "main": {
      "items": [
        {
          "ref": "Idealista_predicted_all_data",
          "appendMode": false
        }
      ]
    }
  },
  "versionTag": {
    "versionNumber": 1,
    "lastModifiedBy": {
      "login": "admin"
    },
    "lastModifiedOn": 1545238256255
  },
  "creationTag": {
    "versionNumber": 0,
    "lastModifiedBy": {
      "login": "admin"
    },
    "lastModifiedOn": 1545238254136
  },
  "tags": [],
  "checklists": {
    "checklists": []
  }
}