{
    "details": {
        "has360": {
            "levels": [
                "False", 
                "True"
            ], 
            "with_others": true
        }, 
        "hasLift": {
            "levels": [
                "True", 
                "False"
            ], 
            "with_others": true
        }, 
        "hasPlan": {
            "levels": [
                "False", 
                "True"
            ], 
            "with_others": true
        }, 
        "hasVideo": {
            "levels": [
                "False", 
                "True"
            ], 
            "with_others": true
        }, 
        "hasParkingSpace": {
            "levels": [
                "True"
            ], 
            "with_others": true
        }, 
        "exterior": {
            "levels": [
                "True", 
                "False"
            ], 
            "with_others": true
        }, 
        "propertyType": {
            "levels": [
                "flat", 
                "penthouse", 
                "studio", 
                "duplex", 
                "chalet"
            ], 
            "with_others": true
        }, 
        "detailedType_typology": {
            "levels": [
                "flat", 
                "chalet"
            ], 
            "with_others": true
        }
    }
}