{
    "gridSize": 3, 
    "nThreads": 4, 
    "metric": "R2", 
    "gridPoints": [
        {
            "index": 0, 
            "finishedAt": 1544048216395.0, 
            "score": 0.67885531324778803, 
            "parameters": {
                "kernel": "linear", 
                "C": 1.0, 
                "gamma": "auto"
            }, 
            "time": 1081.0
        }, 
        {
            "index": 1, 
            "finishedAt": 1544048216703.0, 
            "score": 0.71850537391558511, 
            "parameters": {
                "kernel": "linear", 
                "C": 10.0, 
                "gamma": "auto"
            }, 
            "time": 1050.0
        }, 
        {
            "index": 2, 
            "finishedAt": 1544048216114.0, 
            "score": 0.72021673250199114, 
            "parameters": {
                "kernel": "linear", 
                "C": 50.0, 
                "gamma": "auto"
            }, 
            "time": 1405.0
        }
    ], 
    "startedAt": 1544048215609, 
    "nSplits": 3
}