[
    {
        "parameters": {
            "kernel": "linear", 
            "C": 50.0, 
            "gamma": "auto"
        }, 
        "score_time": 175, 
        "test_score": 0.7323666779852012, 
        "fit_time": 327, 
        "num_samples": 885, 
        "best_iteration": null, 
        "train_score": 0.7188415321589818, 
        "parameter_id": 2, 
        "time": 502, 
        "done_at": 1544048216114, 
        "grid_point_id": "{\"kernel\": \"linear\", \"C\": 50.0, \"gamma\": \"auto\"}@0"
    }, 
    {
        "parameters": {
            "kernel": "linear", 
            "C": 1.0, 
            "gamma": "auto"
        }, 
        "score_time": 125, 
        "test_score": 0.6730140636822202, 
        "fit_time": 231, 
        "num_samples": 885, 
        "best_iteration": null, 
        "train_score": 0.6921043651437373, 
        "parameter_id": 0, 
        "time": 356, 
        "done_at": 1544048216379, 
        "grid_point_id": "{\"kernel\": \"linear\", \"C\": 1.0, \"gamma\": \"auto\"}@1"
    }, 
    {
        "parameters": {
            "kernel": "linear", 
            "C": 1.0, 
            "gamma": "auto"
        }, 
        "score_time": 163, 
        "test_score": 0.6900876156955307, 
        "fit_time": 230, 
        "num_samples": 885, 
        "best_iteration": null, 
        "train_score": 0.6719456697685964, 
        "parameter_id": 0, 
        "time": 393, 
        "done_at": 1544048216018, 
        "grid_point_id": "{\"kernel\": \"linear\", \"C\": 1.0, \"gamma\": \"auto\"}@0"
    }, 
    {
        "parameters": {
            "kernel": "linear", 
            "C": 10.0, 
            "gamma": "auto"
        }, 
        "score_time": 142, 
        "test_score": 0.7065082440127934, 
        "fit_time": 220, 
        "num_samples": 885, 
        "best_iteration": null, 
        "train_score": 0.7391823881261692, 
        "parameter_id": 1, 
        "time": 362, 
        "done_at": 1544048216480, 
        "grid_point_id": "{\"kernel\": \"linear\", \"C\": 10.0, \"gamma\": \"auto\"}@1"
    }, 
    {
        "parameters": {
            "kernel": "linear", 
            "C": 10.0, 
            "gamma": "auto"
        }, 
        "score_time": 141, 
        "test_score": 0.7294287687318854, 
        "fit_time": 225, 
        "num_samples": 885, 
        "best_iteration": null, 
        "train_score": 0.714052095058198, 
        "parameter_id": 1, 
        "time": 366, 
        "done_at": 1544048216449, 
        "grid_point_id": "{\"kernel\": \"linear\", \"C\": 10.0, \"gamma\": \"auto\"}@0"
    }, 
    {
        "parameters": {
            "kernel": "linear", 
            "C": 50.0, 
            "gamma": "auto"
        }, 
        "score_time": 170, 
        "test_score": 0.7220166975717022, 
        "fit_time": 267, 
        "num_samples": 885, 
        "best_iteration": null, 
        "train_score": 0.7197510760500812, 
        "parameter_id": 2, 
        "time": 437, 
        "done_at": 1544048216061, 
        "grid_point_id": "{\"kernel\": \"linear\", \"C\": 50.0, \"gamma\": \"auto\"}@2"
    }, 
    {
        "parameters": {
            "kernel": "linear", 
            "C": 1.0, 
            "gamma": "auto"
        }, 
        "score_time": 118, 
        "test_score": 0.6734642603656131, 
        "fit_time": 214, 
        "num_samples": 885, 
        "best_iteration": null, 
        "train_score": 0.6793585162522788, 
        "parameter_id": 0, 
        "time": 332, 
        "done_at": 1544048216395, 
        "grid_point_id": "{\"kernel\": \"linear\", \"C\": 1.0, \"gamma\": \"auto\"}@2"
    }, 
    {
        "parameters": {
            "kernel": "linear", 
            "C": 50.0, 
            "gamma": "auto"
        }, 
        "score_time": 186, 
        "test_score": 0.7062668219490702, 
        "fit_time": 280, 
        "num_samples": 885, 
        "best_iteration": null, 
        "train_score": 0.7422699359313849, 
        "parameter_id": 2, 
        "time": 466, 
        "done_at": 1544048216080, 
        "grid_point_id": "{\"kernel\": \"linear\", \"C\": 50.0, \"gamma\": \"auto\"}@1"
    }, 
    {
        "parameters": {
            "kernel": "linear", 
            "C": 10.0, 
            "gamma": "auto"
        }, 
        "score_time": 129, 
        "test_score": 0.7195791090020764, 
        "fit_time": 193, 
        "num_samples": 885, 
        "best_iteration": null, 
        "train_score": 0.7188419131667629, 
        "parameter_id": 1, 
        "time": 322, 
        "done_at": 1544048216703, 
        "grid_point_id": "{\"kernel\": \"linear\", \"C\": 10.0, \"gamma\": \"auto\"}@2"
    }
]