{
    "usedGridSearch": true, 
    "gridSize": 3, 
    "modelInputNRows": 2655, 
    "modelInputNCols": 39, 
    "modelInputMemory": 828360, 
    "gridCells": [
        {
            "scoreTimeStd": 0.0066833125519211367, 
            "scoreTime": 0.17700000000000002, 
            "fitTime": 0.29133333333333333, 
            "score": 0.72021673250199114, 
            "params": {
                "kernel": "linear", 
                "C": 50.0, 
                "gamma": "auto"
            }, 
            "fitTimeStd": 0.025772509040103603, 
            "scoreStd": 0.010730968485830321
        }, 
        {
            "scoreTimeStd": 0.019770910168449229, 
            "scoreTime": 0.13533333333333333, 
            "fitTime": 0.22500000000000001, 
            "score": 0.67885531324778803, 
            "params": {
                "kernel": "linear", 
                "C": 1.0, 
                "gamma": "auto"
            }, 
            "fitTimeStd": 0.0077888809636986224, 
            "scoreStd": 0.0079445634648946887
        }, 
        {
            "scoreTimeStd": 0.0059066817155564427, 
            "scoreTime": 0.13733333333333334, 
            "fitTime": 0.21266666666666667, 
            "score": 0.71850537391558511, 
            "params": {
                "kernel": "linear", 
                "C": 10.0, 
                "gamma": "auto"
            }, 
            "fitTimeStd": 0.014055445761538677, 
            "scoreStd": 0.0093880169587476012
        }
    ], 
    "gridBestScore": 0.72021673250199114, 
    "modelInputIsSparse": false
}