{
    "metrics": {
        "rmse": 454.77103533622795, 
        "pearson": 0.84330458578209966, 
        "mae": 300.49069630950481, 
        "r2": 0.69517035732016397, 
        "mape": 0.1827314244018456, 
        "mse": 206816.69458078468, 
        "evs": 0.71074179598244314, 
        "rmsle": 0.29957620623026215
    }, 
    "scatterPlotData": {
        "y": [
            1607.5754, 
            1690.1399, 
            1935.8725, 
            1292.7103, 
            848.9673, 
            1530.4832, 
            1533.0542, 
            1281.1788, 
            1671.0521, 
            2447.5188, 
            808.4405, 
            857.5006, 
            1351.1396, 
            1317.8583, 
            1172.734, 
            2944.9342, 
            1960.6697, 
            1003.6173, 
            2147.8344, 
            946.5625, 
            2338.0457, 
            1158.9524, 
            1151.4079, 
            2035.8588, 
            2146.9378, 
            1205.5534, 
            995.9134, 
            1840.8419, 
            2694.5562, 
            1162.6701, 
            1576.5793, 
            3059.804, 
            974.6826, 
            2125.0144, 
            1246.9716, 
            1616.6618, 
            2147.2948, 
            940.1588, 
            1694.9667, 
            1572.5338, 
            1926.5887, 
            850.2922, 
            1293.0202, 
            1362.8392, 
            1608.9228, 
            638.8502, 
            1035.3193, 
            2974.4823, 
            2435.4572, 
            2826.2054, 
            1665.4509, 
            2451.2691, 
            1213.7372, 
            3641.7547, 
            866.4448, 
            1292.0945, 
            1563.2123, 
            1386.466, 
            2964.3434, 
            1121.5956, 
            2537.902, 
            1097.3988, 
            936.2166, 
            996.3312, 
            1154.1699, 
            1281.1676, 
            791.1476, 
            2080.1636, 
            1299.09, 
            2076.9088, 
            1796.8478, 
            2052.3165, 
            4210.3963, 
            1815.9801, 
            1969.5941, 
            1160.293, 
            1381.0158, 
            925.4353, 
            1164.781, 
            2379.2828, 
            788.5673, 
            990.2866, 
            636.239, 
            2770.6589, 
            1097.4001, 
            818.0508, 
            654.3124, 
            883.7705, 
            1173.1278, 
            1133.9652, 
            1009.0591, 
            1394.0271, 
            1914.1487, 
            989.8271, 
            1591.1463, 
            998.5444, 
            1565.551, 
            694.7485, 
            2631.3153, 
            1574.6132, 
            1679.25, 
            1095.4618, 
            2052.9919, 
            1373.0992, 
            2037.1976, 
            464.2208, 
            1549.5672, 
            924.1341, 
            1549.1113, 
            1908.8214, 
            1117.243, 
            1330.6288, 
            1407.572, 
            2284.502, 
            2900.9284, 
            1320.0961, 
            2731.5278, 
            1370.5168, 
            2426.3635, 
            1016.0668, 
            970.296, 
            1026.4621, 
            2345.4937, 
            1639.1927, 
            1199.0317, 
            897.1739, 
            2042.8742, 
            463.2502, 
            1743.5966, 
            847.8256, 
            1662.2097, 
            2717.9197, 
            3173.14, 
            1363.7076, 
            1033.6864, 
            889.9322, 
            1659.752, 
            1495.2167, 
            1046.3182, 
            1519.4889, 
            1731.5051, 
            1158.8346, 
            1390.3655, 
            896.3728, 
            920.3987, 
            1300.9066, 
            4546.102, 
            1903.4335, 
            3468.443, 
            997.7635, 
            1301.2381, 
            1288.6415, 
            1276.693, 
            999.5562, 
            1665.5628, 
            1343.2546, 
            1664.5959, 
            855.4692, 
            1232.1045, 
            433.9703, 
            1490.8755, 
            1438.8927, 
            2336.4882, 
            1444.9589, 
            1301.5409, 
            3481.6, 
            1586.833, 
            2650.9165, 
            1830.85, 
            2644.2094, 
            2333.4276, 
            1771.1033, 
            1276.4847, 
            1179.3852, 
            1018.8295, 
            1914.3701, 
            925.8792, 
            673.4813, 
            844.656, 
            963.5468, 
            1664.2206, 
            1025.7929, 
            1100.3458, 
            981.2321, 
            667.1429, 
            873.7138, 
            1987.6177, 
            1196.7418, 
            3474.6784, 
            1078.2068, 
            872.1864, 
            1680.6959, 
            1446.4826, 
            1951.8201, 
            1099.0449, 
            1086.3562, 
            1722.3641, 
            1951.9321, 
            1625.0633, 
            952.4816, 
            721.1008, 
            1069.5863, 
            868.0056, 
            905.0465, 
            993.8156, 
            1230.6519, 
            1199.0938, 
            4542.705, 
            861.5387, 
            2356.5424, 
            1820.4437, 
            1247.447, 
            1936.4602, 
            428.3591, 
            1105.0038, 
            1045.6052, 
            1323.4051, 
            1440.5929, 
            1023.0343, 
            945.014, 
            2379.6764, 
            1217.0836, 
            497.6418, 
            2048.4363, 
            1525.0306, 
            3529.8938, 
            1539.9954, 
            1152.6415, 
            1800.4332, 
            692.1465, 
            1126.6988, 
            1975.831, 
            1481.8443, 
            1352.1248, 
            1530.7339, 
            1234.8907, 
            1586.9065, 
            1354.5292, 
            1166.4476, 
            713.6418, 
            1199.0165, 
            775.2107, 
            1412.8919, 
            989.3541, 
            1013.9207, 
            1316.4807, 
            1069.6793, 
            949.154, 
            2338.0457, 
            788.5181, 
            1135.1688, 
            702.7085, 
            1223.5871, 
            1938.7191, 
            557.1724, 
            1413.7354, 
            1265.3312, 
            1241.5414, 
            402.0271, 
            2047.6741, 
            1479.0981, 
            882.8998, 
            941.7317, 
            1935.331, 
            3173.148, 
            1478.0787, 
            961.0462, 
            1391.7407, 
            1118.2525, 
            2862.9719, 
            1301.2381, 
            1130.1179, 
            1004.0799, 
            2476.0243, 
            4486.5604, 
            1078.1013, 
            2025.3626, 
            800.4023, 
            925.6533, 
            2631.742, 
            879.0577, 
            1490.1111, 
            2429.769, 
            1515.3268, 
            2342.1459, 
            730.7536, 
            1404.2506, 
            825.5158, 
            1938.031, 
            1974.9471, 
            2523.8481, 
            1554.07, 
            430.3954, 
            994.169, 
            1293.6759, 
            1342.9698, 
            1174.6205, 
            536.5448, 
            1662.2265, 
            1811.2249, 
            1797.7197, 
            747.8999, 
            857.6844, 
            1596.4604, 
            861.9779, 
            2225.5033, 
            1358.133, 
            3897.3075, 
            1735.7529, 
            1183.2317, 
            1739.6391, 
            1359.6589, 
            1580.3308, 
            3228.1951, 
            1161.6779, 
            1140.4365, 
            1615.8748, 
            2755.4857, 
            1029.8492, 
            631.446, 
            1393.0848, 
            984.9344, 
            1060.4337, 
            1116.5681, 
            1774.8805, 
            4777.6036, 
            1299.5603, 
            439.7856, 
            1199.9387, 
            1661.1886, 
            1044.0826, 
            1893.787, 
            320.4155, 
            1416.8818, 
            1568.5475, 
            933.6398, 
            1514.3912, 
            1262.4206, 
            1488.2159, 
            963.7329, 
            1266.0437, 
            1339.709, 
            913.4476, 
            1646.8059, 
            1369.4192, 
            1514.5946, 
            1893.9215, 
            835.0539, 
            944.5097, 
            1032.6123, 
            1809.6084, 
            1103.9802, 
            2523.696, 
            758.2185, 
            775.2107, 
            1996.6785, 
            789.4157, 
            991.0527, 
            1053.0856, 
            2954.286, 
            967.6359, 
            1720.1464, 
            923.6793, 
            778.2586, 
            1721.1811, 
            1512.7126, 
            881.5979, 
            1375.6429, 
            2379.2828, 
            2498.0014, 
            1677.7596, 
            921.6654, 
            1261.706, 
            1420.0255, 
            834.1548, 
            1285.9464, 
            906.6701, 
            1436.1967, 
            1540.741, 
            2059.1986, 
            2054.788, 
            1150.4764, 
            1524.2853, 
            2153.1523, 
            1124.244, 
            1306.4045, 
            1299.9013, 
            2532.5632, 
            787.5762, 
            935.672, 
            806.2875, 
            1627.317, 
            1472.162, 
            1008.5577, 
            920.8776, 
            1746.5867, 
            1659.8743, 
            1118.2319, 
            1461.7672, 
            1561.956, 
            1653.3088, 
            1253.6674, 
            3253.5109, 
            939.2077, 
            1566.3374, 
            2468.6772, 
            2204.322, 
            1059.805, 
            1008.7485, 
            603.2918, 
            729.9828, 
            660.0326, 
            1830.4493, 
            988.8445, 
            1783.0015, 
            1268.2081, 
            1571.8663, 
            1421.4277, 
            1407.5488, 
            1504.5359, 
            1393.255, 
            1481.8443, 
            1897.9543, 
            1509.4186, 
            1413.1559, 
            937.9281, 
            1067.3712, 
            824.0165, 
            962.4126, 
            1362.2515, 
            1437.1211, 
            613.2863, 
            841.6948, 
            951.0385, 
            1003.8304, 
            2074.8009, 
            1228.4419, 
            694.6683, 
            1063.8846, 
            910.0793, 
            2201.2896, 
            431.668, 
            1080.6706, 
            1568.2275, 
            942.5934, 
            798.2844, 
            1714.9198, 
            1246.2083, 
            1219.9028, 
            1822.4364, 
            1269.9345, 
            845.4568, 
            840.1643, 
            920.6371, 
            2733.555, 
            762.7024, 
            603.9864, 
            1781.7623, 
            1308.8164, 
            855.0534, 
            1429.6715, 
            1102.7791, 
            1309.6535, 
            1526.0824, 
            1991.5298, 
            1008.7784, 
            1494.8712, 
            942.7593, 
            1250.3162, 
            2049.2981, 
            1352.2735, 
            1599.182, 
            2010.8463, 
            1770.0859, 
            809.3723, 
            3400.6233, 
            654.2733, 
            1017.1174, 
            31.7455, 
            2349.3022, 
            957.2148, 
            1005.9867, 
            1607.9658, 
            1135.911, 
            1748.1085, 
            913.4759, 
            1033.6712, 
            896.7203, 
            2607.1319, 
            1252.9369, 
            1871.056, 
            1254.1349, 
            1476.4955, 
            1919.9156, 
            1879.5113, 
            1350.6082, 
            1986.7243, 
            912.1464, 
            748.4242, 
            1356.3223, 
            1884.0276, 
            1571.3537, 
            2106.8397, 
            1359.1604, 
            1857.3998, 
            2242.346, 
            2129.3367, 
            830.1294, 
            980.9962, 
            1729.5758, 
            2452.3292, 
            1015.4558, 
            923.3343, 
            1608.4233, 
            986.4642, 
            751.1836, 
            1350.2432, 
            867.9619, 
            1229.917, 
            1203.8265, 
            833.8126, 
            789.18, 
            2467.2329, 
            755.8083, 
            3002.7176, 
            1921.2191, 
            1441.4714, 
            1076.074, 
            2076.301, 
            1366.3459, 
            1241.2574, 
            1567.3776, 
            881.8851, 
            1530.8175, 
            1010.5362, 
            966.1287, 
            2267.4384, 
            1086.3639, 
            1969.256, 
            884.2571, 
            901.3349, 
            768.6481, 
            2155.0703, 
            1526.4468, 
            1308.8164, 
            1018.9448, 
            1441.6317, 
            2082.104, 
            978.8784, 
            1186.1328, 
            2582.8974, 
            969.8004, 
            2010.7321, 
            1172.2576, 
            606.7394, 
            957.9655, 
            2414.4462, 
            1165.8104, 
            1361.4788, 
            827.9962, 
            2340.7137, 
            1732.5288, 
            953.5863, 
            2217.899, 
            929.8459, 
            1044.0826, 
            594.5863, 
            2167.35, 
            452.6883, 
            1483.393, 
            1455.1368, 
            1700.7994, 
            991.9485, 
            999.4084, 
            1498.6394, 
            775.7074, 
            1761.5187, 
            2022.0685, 
            3277.6493, 
            3141.454, 
            1473.5855, 
            848.5097, 
            1364.9166, 
            1166.3923, 
            1221.9824, 
            1738.8455, 
            1590.6979, 
            2102.2354, 
            873.8679, 
            1626.9132, 
            1435.5247, 
            898.1959, 
            740.6715, 
            996.9885, 
            1163.837, 
            1753.6408, 
            2612.0864, 
            828.8375, 
            1718.0193, 
            800.1078, 
            1220.3221, 
            853.9499, 
            1211.7071, 
            961.2544, 
            1009.4669, 
            663.9317, 
            1153.6285, 
            1130.9675, 
            1786.8976, 
            1079.6389, 
            682.037, 
            2422.411, 
            1127.4665, 
            973.1784, 
            941.3887, 
            1594.8993, 
            1141.5481, 
            713.1366, 
            1394.8406, 
            4699.7508, 
            1913.9409, 
            1251.1846, 
            1023.7806, 
            1282.2486, 
            801.2506, 
            1082.2787, 
            986.8862, 
            1908.8661, 
            747.7123, 
            968.6911, 
            3081.9372, 
            1058.6236, 
            1578.4963, 
            627.0574, 
            1609.7246, 
            861.8249, 
            1171.9106, 
            1880.4994, 
            1565.551, 
            1815.8357, 
            2076.301, 
            1439.6125, 
            3176.0298, 
            1190.2625, 
            785.1679, 
            1196.1465, 
            2991.8935, 
            628.4619, 
            811.7855, 
            2178.093, 
            1149.8771, 
            1564.1151, 
            1338.9776, 
            1643.4115, 
            1342.0126, 
            882.6076, 
            1804.4442, 
            1845.6247, 
            1127.6807, 
            2501.5462, 
            1028.5342, 
            1802.024, 
            2604.8462, 
            1495.7031
        ], 
        "x": [
            1700.0, 
            1500.0, 
            1900.0, 
            1202.0, 
            1150.0, 
            1550.0, 
            3400.0, 
            1200.0, 
            1600.0, 
            3500.0, 
            850.0, 
            600.0, 
            1200.0, 
            800.0, 
            1400.0, 
            3500.0, 
            1800.0, 
            725.0, 
            3645.0, 
            1000.0, 
            2400.0, 
            1500.0, 
            920.0, 
            1400.0, 
            2900.0, 
            1000.0, 
            1100.0, 
            1650.0, 
            3600.0, 
            1100.0, 
            3240.0, 
            2400.0, 
            850.0, 
            2000.0, 
            1250.0, 
            2200.0, 
            3105.0, 
            950.0, 
            1700.0, 
            1650.0, 
            2300.0, 
            850.0, 
            1125.0, 
            1200.0, 
            1000.0, 
            750.0, 
            900.0, 
            3800.0, 
            2150.0, 
            2950.0, 
            1700.0, 
            2300.0, 
            925.0, 
            2600.0, 
            1300.0, 
            1200.0, 
            1300.0, 
            1100.0, 
            2850.0, 
            900.0, 
            2400.0, 
            1200.0, 
            1200.0, 
            950.0, 
            1350.0, 
            1650.0, 
            800.0, 
            2100.0, 
            1350.0, 
            1800.0, 
            1650.0, 
            3500.0, 
            3850.0, 
            1850.0, 
            2400.0, 
            900.0, 
            2845.0, 
            975.0, 
            770.0, 
            3000.0, 
            900.0, 
            800.0, 
            680.0, 
            2800.0, 
            1250.0, 
            800.0, 
            2600.0, 
            900.0, 
            1000.0, 
            850.0, 
            1600.0, 
            1500.0, 
            1850.0, 
            1500.0, 
            1350.0, 
            950.0, 
            1300.0, 
            650.0, 
            2600.0, 
            1400.0, 
            1900.0, 
            785.0, 
            1550.0, 
            1250.0, 
            3300.0, 
            700.0, 
            2400.0, 
            1060.0, 
            1500.0, 
            1910.0, 
            1100.0, 
            1400.0, 
            1200.0, 
            2650.0, 
            3000.0, 
            1240.0, 
            2800.0, 
            1500.0, 
            2800.0, 
            1150.0, 
            1000.0, 
            900.0, 
            1950.0, 
            1800.0, 
            1200.0, 
            1090.0, 
            3000.0, 
            1900.0, 
            2400.0, 
            1200.0, 
            1750.0, 
            3000.0, 
            4000.0, 
            1250.0, 
            1000.0, 
            700.0, 
            2000.0, 
            975.0, 
            825.0, 
            1100.0, 
            1300.0, 
            950.0, 
            1500.0, 
            750.0, 
            850.0, 
            1250.0, 
            4000.0, 
            2200.0, 
            4000.0, 
            900.0, 
            1200.0, 
            1350.0, 
            1300.0, 
            1150.0, 
            1580.0, 
            1300.0, 
            1900.0, 
            900.0, 
            1250.0, 
            650.0, 
            1300.0, 
            1400.0, 
            2400.0, 
            1500.0, 
            1100.0, 
            3500.0, 
            1390.0, 
            3400.0, 
            1950.0, 
            3700.0, 
            1550.0, 
            1650.0, 
            1600.0, 
            1150.0, 
            900.0, 
            1399.0, 
            1000.0, 
            675.0, 
            650.0, 
            800.0, 
            1400.0, 
            1130.0, 
            1300.0, 
            900.0, 
            850.0, 
            900.0, 
            2500.0, 
            1300.0, 
            4000.0, 
            950.0, 
            850.0, 
            1275.0, 
            1400.0, 
            1600.0, 
            1250.0, 
            1035.0, 
            1250.0, 
            1690.0, 
            1850.0, 
            850.0, 
            950.0, 
            850.0, 
            700.0, 
            900.0, 
            1800.0, 
            1600.0, 
            1600.0, 
            4000.0, 
            950.0, 
            2700.0, 
            2700.0, 
            1590.0, 
            2700.0, 
            575.0, 
            1300.0, 
            1500.0, 
            1260.0, 
            1600.0, 
            1150.0, 
            850.0, 
            2000.0, 
            1400.0, 
            690.0, 
            1700.0, 
            1400.0, 
            2500.0, 
            1890.0, 
            1200.0, 
            1850.0, 
            720.0, 
            900.0, 
            1150.0, 
            1350.0, 
            1350.0, 
            1250.0, 
            1000.0, 
            1900.0, 
            1400.0, 
            1600.0, 
            800.0, 
            850.0, 
            900.0, 
            1250.0, 
            1100.0, 
            1100.0, 
            1500.0, 
            1100.0, 
            950.0, 
            2400.0, 
            700.0, 
            1700.0, 
            750.0, 
            900.0, 
            1865.0, 
            700.0, 
            1590.0, 
            900.0, 
            1100.0, 
            650.0, 
            2600.0, 
            1400.0, 
            800.0, 
            850.0, 
            1850.0, 
            2800.0, 
            1500.0, 
            850.0, 
            1400.0, 
            1550.0, 
            3300.0, 
            1200.0, 
            1355.0, 
            750.0, 
            3200.0, 
            3900.0, 
            1050.0, 
            2000.0, 
            875.0, 
            850.0, 
            3450.0, 
            725.0, 
            1100.0, 
            3200.0, 
            1490.0, 
            2500.0, 
            625.0, 
            1425.0, 
            790.0, 
            1700.0, 
            3240.0, 
            2700.0, 
            1500.0, 
            730.0, 
            1400.0, 
            1500.0, 
            1300.0, 
            995.0, 
            600.0, 
            2800.0, 
            1900.0, 
            1430.0, 
            750.0, 
            895.0, 
            1575.0, 
            800.0, 
            1950.0, 
            1400.0, 
            3000.0, 
            1800.0, 
            1375.0, 
            2200.0, 
            1100.0, 
            1100.0, 
            3500.0, 
            1170.0, 
            1200.0, 
            1950.0, 
            3700.0, 
            810.0, 
            650.0, 
            1425.0, 
            900.0, 
            1250.0, 
            1100.0, 
            1700.0, 
            3975.0, 
            1400.0, 
            1200.0, 
            2470.0, 
            1600.0, 
            1045.0, 
            3700.0, 
            1300.0, 
            2995.0, 
            2100.0, 
            850.0, 
            1850.0, 
            1100.0, 
            1500.0, 
            750.0, 
            800.0, 
            1100.0, 
            725.0, 
            3300.0, 
            835.0, 
            950.0, 
            1700.0, 
            750.0, 
            730.0, 
            1500.0, 
            2700.0, 
            1750.0, 
            3300.0, 
            900.0, 
            900.0, 
            1600.0, 
            650.0, 
            1100.0, 
            995.0, 
            2700.0, 
            1500.0, 
            1300.0, 
            1200.0, 
            1850.0, 
            1950.0, 
            1250.0, 
            1100.0, 
            1450.0, 
            3000.0, 
            2450.0, 
            1850.0, 
            1000.0, 
            1250.0, 
            1800.0, 
            1100.0, 
            995.0, 
            1200.0, 
            1300.0, 
            1100.0, 
            3850.0, 
            3200.0, 
            1100.0, 
            1500.0, 
            3950.0, 
            1300.0, 
            1100.0, 
            1200.0, 
            3000.0, 
            850.0, 
            680.0, 
            1000.0, 
            1900.0, 
            1400.0, 
            1200.0, 
            650.0, 
            1935.0, 
            2350.0, 
            950.0, 
            1500.0, 
            1400.0, 
            1900.0, 
            1000.0, 
            3800.0, 
            990.0, 
            1566.0, 
            3000.0, 
            3900.0, 
            1650.0, 
            1200.0, 
            900.0, 
            820.0, 
            750.0, 
            1800.0, 
            780.0, 
            2100.0, 
            1300.0, 
            1800.0, 
            1300.0, 
            1400.0, 
            1650.0, 
            1400.0, 
            1350.0, 
            2500.0, 
            1250.0, 
            870.0, 
            1200.0, 
            890.0, 
            750.0, 
            980.0, 
            950.0, 
            2000.0, 
            850.0, 
            700.0, 
            1300.0, 
            980.0, 
            3100.0, 
            1600.0, 
            550.0, 
            900.0, 
            950.0, 
            1975.0, 
            810.0, 
            1100.0, 
            1300.0, 
            650.0, 
            800.0, 
            1865.0, 
            950.0, 
            995.0, 
            3780.0, 
            1250.0, 
            900.0, 
            850.0, 
            1090.0, 
            2700.0, 
            800.0, 
            650.0, 
            1400.0, 
            950.0, 
            800.0, 
            1500.0, 
            1300.0, 
            2430.0, 
            1100.0, 
            2700.0, 
            900.0, 
            1300.0, 
            700.0, 
            1130.0, 
            3000.0, 
            1067.0, 
            1650.0, 
            2350.0, 
            3630.0, 
            810.0, 
            3990.0, 
            1100.0, 
            1100.0, 
            1400.0, 
            2900.0, 
            795.0, 
            1300.0, 
            1300.0, 
            1350.0, 
            1500.0, 
            900.0, 
            900.0, 
            950.0, 
            2499.0, 
            1490.0, 
            1980.0, 
            1390.0, 
            1500.0, 
            2450.0, 
            2300.0, 
            1390.0, 
            2600.0, 
            1150.0, 
            980.0, 
            1700.0, 
            2700.0, 
            800.0, 
            2600.0, 
            1500.0, 
            2300.0, 
            3000.0, 
            1690.0, 
            1900.0, 
            1200.0, 
            1300.0, 
            1900.0, 
            1000.0, 
            850.0, 
            1900.0, 
            750.0, 
            780.0, 
            1400.0, 
            1300.0, 
            1200.0, 
            1150.0, 
            890.0, 
            850.0, 
            2600.0, 
            975.0, 
            2800.0, 
            1650.0, 
            1700.0, 
            950.0, 
            1950.0, 
            1250.0, 
            745.0, 
            1450.0, 
            900.0, 
            950.0, 
            900.0, 
            690.0, 
            3000.0, 
            950.0, 
            1900.0, 
            750.0, 
            770.0, 
            1500.0, 
            3100.0, 
            1500.0, 
            950.0, 
            800.0, 
            1400.0, 
            2000.0, 
            630.0, 
            1100.0, 
            3500.0, 
            1380.0, 
            2700.0, 
            1000.0, 
            657.0, 
            740.0, 
            2700.0, 
            790.0, 
            1650.0, 
            745.0, 
            2100.0, 
            2650.0, 
            875.0, 
            1950.0, 
            1000.0, 
            1045.0, 
            800.0, 
            1950.0, 
            520.0, 
            1350.0, 
            1100.0, 
            2500.0, 
            850.0, 
            1099.0, 
            1950.0, 
            780.0, 
            2350.0, 
            2000.0, 
            3500.0, 
            3700.0, 
            1700.0, 
            815.0, 
            1275.0, 
            915.0, 
            1300.0, 
            2300.0, 
            1600.0, 
            1900.0, 
            980.0, 
            1700.0, 
            1450.0, 
            1000.0, 
            585.0, 
            1050.0, 
            1250.0, 
            1900.0, 
            2900.0, 
            600.0, 
            2900.0, 
            650.0, 
            950.0, 
            800.0, 
            1390.0, 
            900.0, 
            1000.0, 
            750.0, 
            1700.0, 
            1500.0, 
            1900.0, 
            890.0, 
            800.0, 
            2300.0, 
            1200.0, 
            699.0, 
            1000.0, 
            1850.0, 
            850.0, 
            680.0, 
            1300.0, 
            3500.0, 
            1650.0, 
            990.0, 
            1150.0, 
            1100.0, 
            800.0, 
            1100.0, 
            1300.0, 
            2800.0, 
            750.0, 
            1150.0, 
            3950.0, 
            850.0, 
            1100.0, 
            1500.0, 
            1800.0, 
            850.0, 
            1700.0, 
            2650.0, 
            1300.0, 
            1600.0, 
            1950.0, 
            975.0, 
            4000.0, 
            850.0, 
            815.0, 
            1800.0, 
            3800.0, 
            900.0, 
            900.0, 
            3600.0, 
            960.0, 
            1250.0, 
            820.0, 
            1500.0, 
            1240.0, 
            800.0, 
            3105.0, 
            2200.0, 
            1000.0, 
            2300.0, 
            850.0, 
            2970.0, 
            2100.0, 
            1450.0
        ]
    }, 
    "processed_feature_names": [
        "bathrooms", 
        "distance", 
        "floor", 
        "rooms", 
        "size", 
        "dummy:has360:False", 
        "dummy:has360:True", 
        "dummy:has360:N/A", 
        "dummy:has360:__Others__", 
        "dummy:hasLift:True", 
        "dummy:hasLift:False", 
        "dummy:hasLift:N/A", 
        "dummy:hasLift:__Others__", 
        "dummy:propertyType:flat", 
        "dummy:propertyType:penthouse", 
        "dummy:propertyType:studio", 
        "dummy:propertyType:duplex", 
        "dummy:propertyType:chalet", 
        "dummy:propertyType:N/A", 
        "dummy:propertyType:__Others__", 
        "dummy:exterior:True", 
        "dummy:exterior:False", 
        "dummy:exterior:N/A", 
        "dummy:exterior:__Others__", 
        "dummy:hasPlan:False", 
        "dummy:hasPlan:True", 
        "dummy:hasPlan:N/A", 
        "dummy:hasPlan:__Others__", 
        "dummy:hasVideo:False", 
        "dummy:hasVideo:True", 
        "dummy:hasVideo:N/A", 
        "dummy:hasVideo:__Others__", 
        "dummy:detailedType_typology:flat", 
        "dummy:detailedType_typology:chalet", 
        "dummy:detailedType_typology:N/A", 
        "dummy:detailedType_typology:__Others__", 
        "dummy:hasParkingSpace:True", 
        "dummy:hasParkingSpace:N/A", 
        "dummy:hasParkingSpace:__Others__"
    ], 
    "regression_performance": {
        "max_error": 1444.8407619151153, 
        "median_error": 18.005181687160814, 
        "error_distribution": [
            {
                "count": 50, 
                "bin_max": -360.78099704620973, 
                "bin_id": 0, 
                "bin_min": -563.41188332964725
            }, 
            {
                "count": 113, 
                "bin_max": -160.15635716161808, 
                "bin_id": 1, 
                "bin_min": -360.78099704620973
            }, 
            {
                "count": 195, 
                "bin_max": 40.468282722973527, 
                "bin_id": 2, 
                "bin_min": -160.15635716161808
            }, 
            {
                "count": 143, 
                "bin_max": 241.09292260756524, 
                "bin_id": 3, 
                "bin_min": 40.468282722973527
            }, 
            {
                "count": 57, 
                "bin_max": 441.71756249215696, 
                "bin_id": 4, 
                "bin_min": 241.09292260756524
            }, 
            {
                "count": 36, 
                "bin_max": 642.34220237674845, 
                "bin_id": 5, 
                "bin_min": 441.71756249215696
            }, 
            {
                "count": 24, 
                "bin_max": 842.96684226134016, 
                "bin_id": 6, 
                "bin_min": 642.34220237674845
            }, 
            {
                "count": 16, 
                "bin_max": 1043.5914821459319, 
                "bin_id": 7, 
                "bin_min": 842.96684226134016
            }, 
            {
                "count": 9, 
                "bin_max": 1244.2161220305236, 
                "bin_id": 8, 
                "bin_min": 1043.5914821459319
            }, 
            {
                "count": 21, 
                "bin_max": 1444.8407619151153, 
                "bin_id": 9, 
                "bin_min": 1244.2161220305236
            }
        ], 
        "min_error": -561.40563693080139, 
        "average_error": 101.78073927218843, 
        "std_error": 413.4670138301247, 
        "p75_error": 236.01283677791452, 
        "p90_error": 689.8683410568765, 
        "p25_error": -151.1720111866423
    }
}