{
  "state": "DONE",
  "preSearchDescription": {
    "gridLength": 3,
    "importantParams": [
      {
        "name": "kernel",
        "vals": [
          "linear"
        ]
      },
      {
        "name": "C",
        "vals": [
          "1.0",
          "10.0",
          "50.0"
        ]
      },
      {
        "name": "gamma",
        "vals": [
          "0.0"
        ]
      }
    ]
  },
  "postSearchDescription": {
    "importantParams": [
      {
        "name": "kernel",
        "val": "linear"
      },
      {
        "name": "C",
        "val": "50.0"
      },
      {
        "name": "gamma",
        "val": "0.0"
      }
    ]
  },
  "sampleWeightsEnabled": false,
  "modelId": "m1",
  "progress": {
    "top_level_todo": [],
    "stack": [],
    "top_level_done": [
      {
        "name": "Loading train set",
        "time": 27
      },
      {
        "name": "Loading test set",
        "time": 10
      },
      {
        "name": "Collecting statistics",
        "time": 17
      },
      {
        "name": "Preprocessing train set",
        "time": 31
      },
      {
        "name": "Preprocessing test set",
        "time": 36
      },
      {
        "name": "Grid searching",
        "time": 2023
      },
      {
        "name": "Fitting model",
        "time": 476
      },
      {
        "name": "Saving model",
        "time": 2
      },
      {
        "name": "Scoring model",
        "time": 68
      }
    ]
  },
  "startTime": 1544048215477,
  "endTime": 1544048218169,
  "preprocessingTime": 123,
  "trainingTime": 2569
}