{
  "trainedWithDSSVersion": "5.0.2",
  "isValid": true,
  "type": "REGRESSION",
  "algorithm_name": "LINEAR",
  "columns": [
    "bathrooms",
    "floor",
    "rooms",
    "size",
    "dummy:has360:False",
    "dummy:has360:N/A",
    "dummy:hasLift:True",
    "dummy:hasLift:N/A",
    "dummy:propertyType:flat",
    "dummy:propertyType:penthouse",
    "dummy:propertyType:studio",
    "dummy:propertyType:duplex",
    "dummy:propertyType:N/A",
    "dummy:exterior:True",
    "dummy:exterior:N/A",
    "dummy:neighborhood:Recoletos",
    "dummy:neighborhood:Lavapiés-Embajadores",
    "dummy:neighborhood:Castellana",
    "dummy:neighborhood:Goya",
    "dummy:neighborhood:Palacio",
    "dummy:neighborhood:Malasaña-Universidad",
    "dummy:neighborhood:Chueca-Justicia",
    "dummy:neighborhood:Argüelles",
    "dummy:neighborhood:Trafalgar",
    "dummy:neighborhood:Lista",
    "dummy:neighborhood:Bernabéu-Hispanoamérica",
    "dummy:neighborhood:Almagro",
    "dummy:neighborhood:Cuzco-Castillejos",
    "dummy:neighborhood:Huertas-Cortes",
    "dummy:neighborhood:El Viso",
    "dummy:neighborhood:Conde Orgaz-Piovera",
    "dummy:neighborhood:Sanchinarro",
    "dummy:neighborhood:Castilla",
    "dummy:neighborhood:Nueva España",
    "dummy:neighborhood:Sol",
    "dummy:neighborhood:Prosperidad",
    "dummy:neighborhood:Ibiza",
    "dummy:neighborhood:Cuatro Caminos",
    "dummy:neighborhood:Arapiles",
    "dummy:neighborhood:Las Tablas",
    "dummy:neighborhood:Ventilla-Almenara",
    "dummy:neighborhood:Guindalera",
    "dummy:neighborhood:Nuevos Ministerios-Ríos Rosas",
    "dummy:neighborhood:Aravaca",
    "dummy:neighborhood:Ciudad Jardín",
    "dummy:neighborhood:Costillares",
    "dummy:neighborhood:Fuente del Berro",
    "dummy:neighborhood:San Pascual",
    "dummy:neighborhood:Bellas Vistas",
    "dummy:neighborhood:Vallehermoso",
    "dummy:neighborhood:Ensanche de Vallecas - La Gavia",
    "dummy:neighborhood:Gaztambide",
    "dummy:neighborhood:Jerónimos",
    "dummy:neighborhood:Pacífico",
    "dummy:neighborhood:La Paz",
    "dummy:neighborhood:Acacias",
    "dummy:neighborhood:Rejas",
    "dummy:neighborhood:Legazpi",
    "dummy:neighborhood:Niño Jesús",
    "dummy:neighborhood:Canillas",
    "dummy:neighborhood:San Juan Bautista",
    "dummy:neighborhood:Palos de Moguer",
    "dummy:neighborhood:Valdemarín",
    "dummy:neighborhood:Peñagrande",
    "dummy:neighborhood:Pilar",
    "dummy:neighborhood:Simancas",
    "dummy:neighborhood:Concepción",
    "dummy:neighborhood:Valdeacederas",
    "dummy:neighborhood:Ventas",
    "dummy:neighborhood:Estrella",
    "dummy:neighborhood:Pueblo Nuevo",
    "dummy:neighborhood:Chopera",
    "dummy:neighborhood:Atalaya",
    "dummy:neighborhood:Berruguete",
    "dummy:neighborhood:Comillas",
    "dummy:neighborhood:Adelfas",
    "dummy:neighborhood:Tres Olivos - Valverde",
    "dummy:neighborhood:Valdezarza",
    "dummy:neighborhood:Pinar del Rey",
    "dummy:neighborhood:Alameda de Osuna",
    "dummy:neighborhood:Colina",
    "dummy:neighborhood:Somosaguas",
    "dummy:neighborhood:Lucero",
    "dummy:neighborhood:Imperial",
    "dummy:neighborhood:Montecarmelo",
    "dummy:neighborhood:Zona Avenida Europa",
    "dummy:neighborhood:Delicias",
    "dummy:neighborhood:Palomas",
    "dummy:neighborhood:Ciudad Universitaria",
    "dummy:neighborhood:San Diego",
    "dummy:neighborhood:Mirasierra",
    "dummy:neighborhood:Prado de Somosaguas",
    "dummy:neighborhood:Opañel",
    "dummy:neighborhood:Numancia",
    "dummy:neighborhood:Vista Alegre",
    "dummy:neighborhood:Valdebernardo - Valderribas",
    "dummy:neighborhood:Zona Estación",
    "dummy:neighborhood:Zona norte",
    "dummy:neighborhood:Valdebebas - Valdefuentes",
    "dummy:neighborhood:Almendrales",
    "dummy:neighborhood:Rosas",
    "dummy:neighborhood:Puerta del Ángel",
    "dummy:neighborhood:Zofío",
    "dummy:neighborhood:Parque Lisboa - La Paz",
    "dummy:neighborhood:Quintana",
    "dummy:neighborhood:San Isidro",
    "dummy:neighborhood:Águilas",
    "dummy:neighborhood:Campo de las Naciones-Corralejos",
    "dummy:neighborhood:Ambroz",
    "dummy:neighborhood:Casco Histórico de Vallecas",
    "dummy:neighborhood:Moscardó",
    "dummy:neighborhood:Abrantes",
    "dummy:neighborhood:Canillejas",
    "dummy:neighborhood:Horcajo",
    "dummy:neighborhood:Puerta Bonita",
    "dummy:neighborhood:N/A",
    "dummy:hasPlan:False",
    "dummy:hasPlan:N/A",
    "dummy:hasVideo:False",
    "dummy:hasVideo:N/A",
    "dummy:detailedType_typology:flat",
    "dummy:detailedType_typology:N/A",
    "dummy:hasParkingSpace:True",
    "dummy:hasParkingSpace:N/A",
    "dummy:hasParkingSpace:__Others__"
  ]
}