{
    "modelInputIsSparse": false, 
    "modelInputNRows": 2655, 
    "modelInputNCols": 125, 
    "modelInputMemory": 2655000, 
    "lmCoefficients": {
        "interceptStderr": null, 
        "interceptTstat": null, 
        "rescaledInterceptCoef": 121.29592306924951, 
        "rescaledCoefs": [
            225.31314271841308, 
            0.62042308766751186, 
            48.704944154457358, 
            5.8689888435825148, 
            -251.99929830589156, 
            62.660346980032955, 
            77.864209023182966, 
            -60.668005236498772, 
            40.068084751251853, 
            117.24533248085169, 
            967.90508639827908, 
            316.89007768048691, 
            877.09786835100772, 
            659.12015226708502, 
            410.24956834211042, 
            552.93947036208931, 
            757.53181167695038, 
            530.52827011213935, 
            552.70550475939274, 
            683.96415904904518, 
            427.97608894686664, 
            813.70203874394667, 
            248.38004405065652, 
            568.21117913855414, 
            706.88620744108914, 
            162.14819631552064, 
            12.813468827352876, 
            418.90154111698052, 
            441.67109855253, 
            634.69916936093284, 
            170.97264524040366, 
            514.9004697561345, 
            247.717822239387, 
            375.5316673346, 
            0.040742942859640363, 
            243.72042531006204, 
            295.19844780528882, 
            629.47233667286537, 
            56.742429546735785, 
            518.87866049886668, 
            53.777098726641547, 
            288.53506901325727, 
            83.401298247268869, 
            138.36208610155521, 
            420.8847854671933, 
            -125.39242627362472, 
            493.12027486407408, 
            888.48008466151077, 
            170.0653020934765, 
            -28.726678601975795, 
            188.94819608986379, 
            -110.70238362735148, 
            157.82107845697854, 
            559.2919510812651, 
            12.110401126709474, 
            -28.339942747956904, 
            233.52638690650755, 
            395.95668061005171, 
            29.778361098806617, 
            64.686824083237227, 
            29.828418855334181, 
            71.358912475698844, 
            88.953814319529641, 
            16.739995075052164, 
            74.23152426956176, 
            70.786423693987501, 
            144.92693657844814, 
            202.31958541916646, 
            169.24670791477058, 
            19.760810589398019, 
            178.31728888626907, 
            -208.87353771791282, 
            42.423868567467821, 
            -37.055640097731363, 
            209.10957576232886, 
            131.8018125679323, 
            -40.389153878027486, 
            183.55693566258211, 
            38.215276372919547, 
            11.178228018711222, 
            47.438192541652668, 
            345.40428675593176, 
            166.68581082273516, 
            19.870102716701272, 
            -148.10969937569462, 
            -40.091195871341185, 
            -88.839014574968957, 
            16.572285271094486, 
            -103.18105365437039, 
            -309.20124250831509, 
            -278.11592125714822, 
            59.945758590749918, 
            67.787004714832264, 
            -47.946720471062811, 
            -3.4584452712100311, 
            26.018502202488502, 
            -28.460323371130137, 
            -562.03853213578304, 
            59.856203415613933, 
            -115.02872218022448, 
            -105.5736101015867, 
            -83.175124391365244, 
            -73.62272345402755, 
            40.024421934976516, 
            31.863883999334305, 
            -169.05499947740844, 
            -20.582176941230745, 
            -340.69528231327513, 
            -102.60719512549393, 
            64.53967845919918, 
            -155.74998925746812, 
            48.901954745721305, 
            114.35726059695494, 
            80.439905214265025, 
            -5.2218986818094169e-14
        ], 
        "variables": [
            "bathrooms", 
            "floor", 
            "rooms", 
            "size", 
            "dummy:has360:False", 
            "dummy:hasLift:True", 
            "dummy:propertyType:penthouse", 
            "dummy:propertyType:studio", 
            "dummy:propertyType:duplex", 
            "dummy:exterior:True", 
            "dummy:neighborhood:Recoletos", 
            "dummy:neighborhood:Lavapi\u00e9s-Embajadores", 
            "dummy:neighborhood:Castellana", 
            "dummy:neighborhood:Goya", 
            "dummy:neighborhood:Palacio", 
            "dummy:neighborhood:Malasa\u00f1a-Universidad", 
            "dummy:neighborhood:Chueca-Justicia", 
            "dummy:neighborhood:Arg\u00fcelles", 
            "dummy:neighborhood:Trafalgar", 
            "dummy:neighborhood:Lista", 
            "dummy:neighborhood:Bernab\u00e9u-Hispanoam\u00e9rica", 
            "dummy:neighborhood:Almagro", 
            "dummy:neighborhood:Cuzco-Castillejos", 
            "dummy:neighborhood:Huertas-Cortes", 
            "dummy:neighborhood:El Viso", 
            "dummy:neighborhood:Conde Orgaz-Piovera", 
            "dummy:neighborhood:Sanchinarro", 
            "dummy:neighborhood:Castilla", 
            "dummy:neighborhood:Nueva Espa\u00f1a", 
            "dummy:neighborhood:Sol", 
            "dummy:neighborhood:Prosperidad", 
            "dummy:neighborhood:Ibiza", 
            "dummy:neighborhood:Cuatro Caminos", 
            "dummy:neighborhood:Arapiles", 
            "dummy:neighborhood:Las Tablas", 
            "dummy:neighborhood:Ventilla-Almenara", 
            "dummy:neighborhood:Guindalera", 
            "dummy:neighborhood:Nuevos Ministerios-R\u00edos Rosas", 
            "dummy:neighborhood:Aravaca", 
            "dummy:neighborhood:Ciudad Jard\u00edn", 
            "dummy:neighborhood:Costillares", 
            "dummy:neighborhood:Fuente del Berro", 
            "dummy:neighborhood:San Pascual", 
            "dummy:neighborhood:Bellas Vistas", 
            "dummy:neighborhood:Vallehermoso", 
            "dummy:neighborhood:Ensanche de Vallecas - La Gavia", 
            "dummy:neighborhood:Gaztambide", 
            "dummy:neighborhood:Jer\u00f3nimos", 
            "dummy:neighborhood:Pac\u00edfico", 
            "dummy:neighborhood:La Paz", 
            "dummy:neighborhood:Acacias", 
            "dummy:neighborhood:Rejas", 
            "dummy:neighborhood:Legazpi", 
            "dummy:neighborhood:Ni\u00f1o Jes\u00fas", 
            "dummy:neighborhood:Canillas", 
            "dummy:neighborhood:San Juan Bautista", 
            "dummy:neighborhood:Palos de Moguer", 
            "dummy:neighborhood:Valdemar\u00edn", 
            "dummy:neighborhood:Pe\u00f1agrande", 
            "dummy:neighborhood:Pilar", 
            "dummy:neighborhood:Simancas", 
            "dummy:neighborhood:Concepci\u00f3n", 
            "dummy:neighborhood:Valdeacederas", 
            "dummy:neighborhood:Ventas", 
            "dummy:neighborhood:Estrella", 
            "dummy:neighborhood:Pueblo Nuevo", 
            "dummy:neighborhood:Chopera", 
            "dummy:neighborhood:Atalaya", 
            "dummy:neighborhood:Berruguete", 
            "dummy:neighborhood:Comillas", 
            "dummy:neighborhood:Adelfas", 
            "dummy:neighborhood:Tres Olivos - Valverde", 
            "dummy:neighborhood:Valdezarza", 
            "dummy:neighborhood:Pinar del Rey", 
            "dummy:neighborhood:Colina", 
            "dummy:neighborhood:Somosaguas", 
            "dummy:neighborhood:Lucero", 
            "dummy:neighborhood:Imperial", 
            "dummy:neighborhood:Montecarmelo", 
            "dummy:neighborhood:Zona Avenida Europa", 
            "dummy:neighborhood:Delicias", 
            "dummy:neighborhood:Palomas", 
            "dummy:neighborhood:Ciudad Universitaria", 
            "dummy:neighborhood:San Diego", 
            "dummy:neighborhood:Mirasierra", 
            "dummy:neighborhood:Prado de Somosaguas", 
            "dummy:neighborhood:Opa\u00f1el", 
            "dummy:neighborhood:Numancia", 
            "dummy:neighborhood:Vista Alegre", 
            "dummy:neighborhood:Valdebernardo - Valderribas", 
            "dummy:neighborhood:Zona Estaci\u00f3n", 
            "dummy:neighborhood:Zona norte", 
            "dummy:neighborhood:Valdebebas - Valdefuentes", 
            "dummy:neighborhood:Almendrales", 
            "dummy:neighborhood:Rosas", 
            "dummy:neighborhood:Puerta del \u00c1ngel", 
            "dummy:neighborhood:Zof\u00edo", 
            "dummy:neighborhood:Parque Lisboa - La Paz", 
            "dummy:neighborhood:Quintana", 
            "dummy:neighborhood:San Isidro", 
            "dummy:neighborhood:\u00c1guilas", 
            "dummy:neighborhood:Campo de las Naciones-Corralejos", 
            "dummy:neighborhood:Ambroz", 
            "dummy:neighborhood:Casco Hist\u00f3rico de Vallecas", 
            "dummy:neighborhood:Moscard\u00f3", 
            "dummy:neighborhood:Abrantes", 
            "dummy:neighborhood:Canillejas", 
            "dummy:neighborhood:Horcajo", 
            "dummy:neighborhood:Puerta Bonita", 
            "dummy:neighborhood:N/A", 
            "dummy:hasPlan:False", 
            "dummy:hasVideo:False", 
            "dummy:detailedType_typology:flat", 
            "dummy:hasParkingSpace:True", 
            "dummy:hasParkingSpace:__Others__"
        ], 
        "interceptCoef": 1229.7578791158662, 
        "interceptPvalue": null, 
        "coefs": [
            201.79886091260383, 
            1.6876584310830089, 
            59.048248815574709, 
            395.77778515973449, 
            -251.99929830589156, 
            62.660346980032955, 
            77.864209023182966, 
            -60.668005236498772, 
            40.068084751251853, 
            117.24533248085169, 
            967.90508639827908, 
            316.89007768048691, 
            877.09786835100772, 
            659.12015226708502, 
            410.24956834211042, 
            552.93947036208931, 
            757.53181167695038, 
            530.52827011213935, 
            552.70550475939274, 
            683.96415904904518, 
            427.97608894686664, 
            813.70203874394667, 
            248.38004405065652, 
            568.21117913855414, 
            706.88620744108914, 
            162.14819631552064, 
            12.813468827352876, 
            418.90154111698052, 
            441.67109855253, 
            634.69916936093284, 
            170.97264524040366, 
            514.9004697561345, 
            247.717822239387, 
            375.5316673346, 
            0.040742942859640363, 
            243.72042531006204, 
            295.19844780528882, 
            629.47233667286537, 
            56.742429546735785, 
            518.87866049886668, 
            53.777098726641547, 
            288.53506901325727, 
            83.401298247268869, 
            138.36208610155521, 
            420.8847854671933, 
            -125.39242627362472, 
            493.12027486407408, 
            888.48008466151077, 
            170.0653020934765, 
            -28.726678601975795, 
            188.94819608986379, 
            -110.70238362735148, 
            157.82107845697854, 
            559.2919510812651, 
            12.110401126709474, 
            -28.339942747956904, 
            233.52638690650755, 
            395.95668061005171, 
            29.778361098806617, 
            64.686824083237227, 
            29.828418855334181, 
            71.358912475698844, 
            88.953814319529641, 
            16.739995075052164, 
            74.23152426956176, 
            70.786423693987501, 
            144.92693657844814, 
            202.31958541916646, 
            169.24670791477058, 
            19.760810589398019, 
            178.31728888626907, 
            -208.87353771791282, 
            42.423868567467821, 
            -37.055640097731363, 
            209.10957576232886, 
            131.8018125679323, 
            -40.389153878027486, 
            183.55693566258211, 
            38.215276372919547, 
            11.178228018711222, 
            47.438192541652668, 
            345.40428675593176, 
            166.68581082273516, 
            19.870102716701272, 
            -148.10969937569462, 
            -40.091195871341185, 
            -88.839014574968957, 
            16.572285271094486, 
            -103.18105365437039, 
            -309.20124250831509, 
            -278.11592125714822, 
            59.945758590749918, 
            67.787004714832264, 
            -47.946720471062811, 
            -3.4584452712100311, 
            26.018502202488502, 
            -28.460323371130137, 
            -562.03853213578304, 
            59.856203415613933, 
            -115.02872218022448, 
            -105.5736101015867, 
            -83.175124391365244, 
            -73.62272345402755, 
            40.024421934976516, 
            31.863883999334305, 
            -169.05499947740844, 
            -20.582176941230745, 
            -340.69528231327513, 
            -102.60719512549393, 
            64.53967845919918, 
            -155.74998925746812, 
            48.901954745721305, 
            114.35726059695494, 
            80.439905214265025, 
            -5.2218986818094169e-14
        ]
    }
}