{
    "metrics": {
        "rmse": 369.16008243572804, 
        "pearson": 0.89562944366910491, 
        "mae": 255.00325139032915, 
        "r2": 0.79913647830936507, 
        "mape": 0.1662473597787743, 
        "mse": 136279.16646395353, 
        "evs": 0.80079065140016392, 
        "rmsle": 0.21722823776203248
    }, 
    "scatterPlotData": {
        "y": [
            1715.4836, 
            1649.3308, 
            2165.4375, 
            1307.7968, 
            1071.1673, 
            1535.2483, 
            1861.0329, 
            1353.9981, 
            1707.1103, 
            2476.6814, 
            986.9343, 
            523.4538, 
            1784.8756, 
            1217.72, 
            1300.9372, 
            3118.9746, 
            1947.6435, 
            865.1916, 
            2237.8727, 
            845.4683, 
            2295.4672, 
            1308.136, 
            1225.3882, 
            2392.1593, 
            2498.5222, 
            913.0995, 
            981.3486, 
            2010.7475, 
            2827.1639, 
            963.4537, 
            2180.049, 
            3146.0448, 
            1112.0859, 
            1892.9351, 
            1281.0455, 
            1852.0076, 
            2081.9346, 
            892.3326, 
            1678.4594, 
            1711.4758, 
            2148.5584, 
            818.9472, 
            1033.0192, 
            1131.0962, 
            1398.9496, 
            573.991, 
            1254.014, 
            3042.6822, 
            2059.0221, 
            3079.314, 
            1837.1533, 
            2543.7541, 
            1232.1494, 
            3289.7308, 
            1330.3051, 
            1226.9072, 
            1681.8181, 
            1263.3424, 
            2699.3704, 
            940.5349, 
            2585.6068, 
            967.064, 
            1242.0845, 
            1205.1552, 
            1245.8443, 
            1542.698, 
            924.8903, 
            2168.973, 
            1562.6416, 
            2044.3276, 
            1672.2242, 
            2276.3699, 
            3969.6827, 
            2277.1529, 
            2069.4225, 
            1354.8714, 
            1412.3659, 
            819.4207, 
            1047.4036, 
            2495.4068, 
            855.6496, 
            1368.7203, 
            616.3017, 
            2644.1485, 
            1161.5457, 
            577.9615, 
            1338.2944, 
            796.8811, 
            1001.6203, 
            1174.08, 
            1181.9912, 
            1528.2982, 
            2366.2071, 
            1321.8778, 
            1571.9178, 
            1205.1552, 
            1863.971, 
            392.8355, 
            2943.2261, 
            1558.4531, 
            1989.495, 
            813.7471, 
            1984.8565, 
            1033.2839, 
            2445.2719, 
            594.2137, 
            1637.7173, 
            888.4596, 
            1520.635, 
            1780.5, 
            1115.4276, 
            1470.1211, 
            1280.9483, 
            2510.2837, 
            2855.7823, 
            1401.5024, 
            2873.3679, 
            1715.1212, 
            2492.9068, 
            1385.5727, 
            1031.5351, 
            1390.996, 
            2439.0708, 
            1866.9238, 
            1155.8588, 
            1075.857, 
            2479.0941, 
            1159.743, 
            2149.4072, 
            1047.189, 
            1959.9901, 
            3241.2019, 
            3161.2489, 
            1265.0373, 
            1485.9656, 
            705.8598, 
            1888.5923, 
            1270.6846, 
            889.0792, 
            1400.249, 
            1549.5074, 
            1021.752, 
            1626.2297, 
            810.8747, 
            619.3639, 
            1297.547, 
            4072.0824, 
            1800.75, 
            3551.0517, 
            969.2437, 
            1330.2981, 
            1562.6416, 
            1275.6437, 
            1140.7191, 
            2049.6546, 
            1715.2207, 
            1957.2641, 
            1085.7493, 
            1310.9555, 
            382.0187, 
            1732.2391, 
            1587.4737, 
            2912.5575, 
            1711.3841, 
            1370.0487, 
            3549.1806, 
            1515.7226, 
            3027.1449, 
            2180.119, 
            2567.8049, 
            1911.8893, 
            2017.8059, 
            1463.3959, 
            980.3169, 
            748.252, 
            2011.3636, 
            1074.8475, 
            810.8646, 
            737.1177, 
            796.3926, 
            1724.6566, 
            1111.01, 
            1142.8737, 
            841.3394, 
            867.6932, 
            798.4275, 
            2320.2124, 
            1168.6379, 
            3599.9537, 
            1209.952, 
            696.7788, 
            1613.2993, 
            1600.8246, 
            2156.975, 
            1342.3067, 
            1039.3773, 
            1595.8732, 
            1802.3026, 
            1709.1397, 
            1132.2116, 
            762.7292, 
            817.8896, 
            936.2811, 
            1098.264, 
            1521.3973, 
            1420.9416, 
            1699.5872, 
            4072.0824, 
            1137.307, 
            2379.499, 
            2347.7487, 
            1326.3012, 
            2435.7836, 
            735.3145, 
            1050.8211, 
            1365.6004, 
            1302.713, 
            1465.6676, 
            909.7403, 
            802.5476, 
            2051.0661, 
            1356.5173, 
            678.753, 
            1763.9707, 
            1447.638, 
            3262.0703, 
            1501.4882, 
            1089.3297, 
            1859.3456, 
            491.8501, 
            1089.0931, 
            1868.3702, 
            1487.676, 
            1130.7428, 
            1363.0243, 
            1187.7167, 
            2002.7086, 
            1378.5384, 
            1386.086, 
            601.0264, 
            1129.8028, 
            857.5109, 
            1488.3573, 
            1002.1378, 
            1398.6857, 
            1666.0559, 
            1194.8719, 
            824.8709, 
            2295.4672, 
            1184.1614, 
            1250.1747, 
            719.4798, 
            928.3177, 
            2109.3631, 
            691.2266, 
            1350.7093, 
            973.4822, 
            1426.4225, 
            472.8635, 
            2137.8652, 
            1545.8796, 
            723.9307, 
            1072.7176, 
            1786.5976, 
            3071.3732, 
            1731.1261, 
            657.6839, 
            1712.9034, 
            1428.0047, 
            3209.1823, 
            1330.2981, 
            1126.6816, 
            866.7197, 
            2620.0436, 
            3782.892, 
            1019.1473, 
            2078.6085, 
            819.7985, 
            783.5154, 
            2745.7227, 
            709.4416, 
            1466.9055, 
            2812.0138, 
            1531.3683, 
            2448.6319, 
            522.0785, 
            1514.1458, 
            770.2858, 
            1856.132, 
            2492.9537, 
            2842.247, 
            1865.0285, 
            778.1696, 
            1297.6682, 
            1286.6206, 
            1349.7871, 
            1441.0212, 
            482.7597, 
            1856.5634, 
            2078.6152, 
            1609.4774, 
            736.9433, 
            1068.2986, 
            1432.3217, 
            686.1074, 
            2285.6912, 
            1362.3294, 
            4033.0639, 
            1628.8477, 
            1050.3682, 
            2125.7891, 
            1321.8453, 
            1322.4286, 
            3261.004, 
            1218.5047, 
            1603.7333, 
            1771.5002, 
            3213.806, 
            1126.0996, 
            482.0685, 
            1508.2769, 
            957.7956, 
            871.3047, 
            857.8899, 
            1875.6804, 
            4582.7622, 
            1371.0838, 
            734.0736, 
            1596.139, 
            1567.7466, 
            797.3816, 
            1959.7627, 
            1046.6145, 
            1611.4342, 
            1411.6577, 
            1416.7693, 
            1953.8726, 
            1086.1949, 
            1572.2736, 
            1383.6586, 
            1124.833, 
            1394.6073, 
            609.1146, 
            2422.6514, 
            940.2541, 
            1408.7492, 
            1686.8406, 
            1040.1945, 
            1192.0733, 
            1229.8661, 
            2231.4105, 
            1478.5709, 
            2826.0846, 
            914.1138, 
            857.5109, 
            1957.7309, 
            574.6404, 
            975.434, 
            1274.6226, 
            2725.3992, 
            1236.2329, 
            1682.8488, 
            1176.2513, 
            1401.1378, 
            1861.1027, 
            1376.1811, 
            1104.8726, 
            1353.024, 
            2495.4068, 
            2501.3445, 
            1691.1348, 
            954.1816, 
            1244.4375, 
            1444.552, 
            926.8305, 
            1156.2148, 
            1506.531, 
            1809.1214, 
            1289.6504, 
            2370.4309, 
            2440.8642, 
            1146.0134, 
            1347.6305, 
            2374.0083, 
            1075.6997, 
            1613.3151, 
            1357.1222, 
            3082.8736, 
            704.7044, 
            874.2788, 
            992.5635, 
            1905.1677, 
            1633.8305, 
            1264.1924, 
            645.29, 
            1908.1463, 
            1952.1782, 
            1500.1604, 
            1753.5063, 
            1626.6974, 
            1781.2414, 
            1318.7247, 
            3282.0082, 
            650.1358, 
            1798.419, 
            2375.5545, 
            2503.8024, 
            1227.2255, 
            915.3963, 
            914.1138, 
            747.1725, 
            850.3106, 
            2031.1216, 
            853.8088, 
            1762.9057, 
            1231.4497, 
            1863.277, 
            1531.0176, 
            1552.4593, 
            1546.3008, 
            1641.4644, 
            1487.676, 
            1805.9734, 
            1563.6166, 
            964.9709, 
            1004.5902, 
            1277.0468, 
            783.2646, 
            964.285, 
            1251.6381, 
            1692.3278, 
            812.7259, 
            1035.0162, 
            1113.4225, 
            1074.0589, 
            2557.7687, 
            1262.5591, 
            669.534, 
            1309.7629, 
            835.4813, 
            2344.2559, 
            699.8363, 
            1161.6761, 
            1863.971, 
            1194.7558, 
            771.4942, 
            1884.0499, 
            1258.2446, 
            1164.7981, 
            2307.2937, 
            1207.9581, 
            1008.7705, 
            696.5393, 
            868.074, 
            2923.0232, 
            735.7298, 
            488.2414, 
            1909.7914, 
            1031.5516, 
            1067.9093, 
            1544.204, 
            1381.9665, 
            1787.3893, 
            1174.6677, 
            2358.3881, 
            1131.0769, 
            1707.4265, 
            758.6395, 
            1329.2133, 
            2496.7011, 
            1327.2237, 
            1827.0935, 
            2167.9934, 
            2207.5851, 
            1010.4177, 
            3515.8483, 
            907.2266, 
            952.9041, 
            635.1306, 
            2625.902, 
            659.094, 
            812.2998, 
            1388.3177, 
            1077.473, 
            1926.5377, 
            843.7304, 
            1204.9904, 
            888.9385, 
            2635.4181, 
            1606.9952, 
            1633.5967, 
            1253.6007, 
            1440.0132, 
            2453.612, 
            2124.9403, 
            1405.0144, 
            2052.2725, 
            917.3694, 
            594.2619, 
            1485.4213, 
            2393.8359, 
            1495.2017, 
            2311.6338, 
            1274.9659, 
            2170.9212, 
            2756.9699, 
            2270.1764, 
            1481.5777, 
            763.8862, 
            1524.5994, 
            2261.1623, 
            1368.7203, 
            1142.6132, 
            1970.6597, 
            1047.7459, 
            851.5994, 
            1448.9915, 
            1098.8844, 
            1365.0204, 
            1277.2561, 
            1000.3926, 
            861.6254, 
            2501.2523, 
            722.5901, 
            3050.9, 
            1805.9734, 
            1829.9316, 
            934.7067, 
            1960.3311, 
            1241.5614, 
            879.1541, 
            1552.8553, 
            889.4562, 
            1156.3278, 
            1191.8217, 
            813.2184, 
            2693.7693, 
            1122.0517, 
            2475.4244, 
            718.0709, 
            885.8163, 
            876.4417, 
            2661.6845, 
            1692.0604, 
            1031.5516, 
            953.8267, 
            1481.6229, 
            1837.063, 
            669.0218, 
            1213.3536, 
            2852.2277, 
            1311.2453, 
            2416.1228, 
            1508.5441, 
            636.7256, 
            752.6848, 
            2433.9882, 
            1047.4036, 
            1776.5621, 
            812.1055, 
            2583.3924, 
            1752.902, 
            708.4922, 
            2356.5324, 
            960.0506, 
            797.3816, 
            906.847, 
            2330.1243, 
            405.5377, 
            1467.1018, 
            1517.0132, 
            1724.188, 
            869.5545, 
            1069.6086, 
            1726.9141, 
            748.6381, 
            2067.2437, 
            2078.6085, 
            3534.5158, 
            3556.4989, 
            1305.2618, 
            880.0042, 
            1556.857, 
            1089.8654, 
            1729.4173, 
            1897.8511, 
            1785.7309, 
            1953.0995, 
            1011.3986, 
            1755.0375, 
            1415.8415, 
            632.7318, 
            484.1239, 
            1007.6466, 
            1007.2105, 
            1998.1753, 
            2806.94, 
            674.3695, 
            1757.9592, 
            644.4041, 
            1508.6942, 
            787.0044, 
            1172.5446, 
            909.4162, 
            990.4198, 
            230.7069, 
            1596.5616, 
            1292.0675, 
            1723.5107, 
            944.1713, 
            869.6245, 
            2578.2208, 
            1190.4006, 
            661.9425, 
            872.5173, 
            1955.8649, 
            1279.5873, 
            911.1971, 
            1430.227, 
            3953.9942, 
            1571.0322, 
            1276.3585, 
            888.6728, 
            1040.2052, 
            1040.8482, 
            1098.4411, 
            1077.0286, 
            2205.0485, 
            609.4583, 
            869.4305, 
            3220.2612, 
            882.134, 
            1370.5843, 
            1114.5633, 
            1411.594, 
            747.793, 
            1713.8069, 
            2163.0911, 
            1863.971, 
            1680.0543, 
            1960.3311, 
            1317.1217, 
            3210.1508, 
            859.5694, 
            665.8221, 
            1860.8128, 
            2847.7875, 
            851.4534, 
            679.8174, 
            2596.2733, 
            867.4689, 
            1704.366, 
            966.4996, 
            1564.5734, 
            1419.1094, 
            757.178, 
            2143.7287, 
            1927.8038, 
            1024.7839, 
            2492.5431, 
            940.659, 
            1839.2212, 
            2731.7095, 
            1427.1143
        ], 
        "x": [
            1700.0, 
            1500.0, 
            1900.0, 
            1202.0, 
            1150.0, 
            1550.0, 
            3400.0, 
            1200.0, 
            1600.0, 
            3500.0, 
            850.0, 
            600.0, 
            1200.0, 
            800.0, 
            1400.0, 
            3500.0, 
            1800.0, 
            725.0, 
            3645.0, 
            1000.0, 
            2400.0, 
            1500.0, 
            920.0, 
            1400.0, 
            2900.0, 
            1000.0, 
            1100.0, 
            1650.0, 
            3600.0, 
            1100.0, 
            3240.0, 
            2400.0, 
            850.0, 
            2000.0, 
            1250.0, 
            2200.0, 
            3105.0, 
            950.0, 
            1700.0, 
            1650.0, 
            2300.0, 
            850.0, 
            1125.0, 
            1200.0, 
            1000.0, 
            750.0, 
            900.0, 
            3800.0, 
            2150.0, 
            2950.0, 
            1700.0, 
            2300.0, 
            925.0, 
            2600.0, 
            1300.0, 
            1200.0, 
            1300.0, 
            1100.0, 
            2850.0, 
            900.0, 
            2400.0, 
            1200.0, 
            1200.0, 
            950.0, 
            1350.0, 
            1650.0, 
            800.0, 
            2100.0, 
            1350.0, 
            1800.0, 
            1650.0, 
            3500.0, 
            3850.0, 
            1850.0, 
            2400.0, 
            900.0, 
            2845.0, 
            975.0, 
            770.0, 
            3000.0, 
            900.0, 
            800.0, 
            680.0, 
            2800.0, 
            1250.0, 
            800.0, 
            2600.0, 
            900.0, 
            1000.0, 
            850.0, 
            1600.0, 
            1500.0, 
            1850.0, 
            1500.0, 
            1350.0, 
            950.0, 
            1300.0, 
            650.0, 
            2600.0, 
            1400.0, 
            1900.0, 
            785.0, 
            1550.0, 
            1250.0, 
            3300.0, 
            700.0, 
            2400.0, 
            1060.0, 
            1500.0, 
            1910.0, 
            1100.0, 
            1400.0, 
            1200.0, 
            2650.0, 
            3000.0, 
            1240.0, 
            2800.0, 
            1500.0, 
            2800.0, 
            1150.0, 
            1000.0, 
            900.0, 
            1950.0, 
            1800.0, 
            1200.0, 
            1090.0, 
            3000.0, 
            1900.0, 
            2400.0, 
            1200.0, 
            1750.0, 
            3000.0, 
            4000.0, 
            1250.0, 
            1000.0, 
            700.0, 
            2000.0, 
            975.0, 
            825.0, 
            1100.0, 
            1300.0, 
            950.0, 
            1500.0, 
            750.0, 
            850.0, 
            1250.0, 
            4000.0, 
            2200.0, 
            4000.0, 
            900.0, 
            1200.0, 
            1350.0, 
            1300.0, 
            1150.0, 
            1580.0, 
            1300.0, 
            1900.0, 
            900.0, 
            1250.0, 
            650.0, 
            1300.0, 
            1400.0, 
            2400.0, 
            1500.0, 
            1100.0, 
            3500.0, 
            1390.0, 
            3400.0, 
            1950.0, 
            3700.0, 
            1550.0, 
            1650.0, 
            1600.0, 
            1150.0, 
            900.0, 
            1399.0, 
            1000.0, 
            675.0, 
            650.0, 
            800.0, 
            1400.0, 
            1130.0, 
            1300.0, 
            900.0, 
            850.0, 
            900.0, 
            2500.0, 
            1300.0, 
            4000.0, 
            950.0, 
            850.0, 
            1275.0, 
            1400.0, 
            1600.0, 
            1250.0, 
            1035.0, 
            1250.0, 
            1690.0, 
            1850.0, 
            850.0, 
            950.0, 
            850.0, 
            700.0, 
            900.0, 
            1800.0, 
            1600.0, 
            1600.0, 
            4000.0, 
            950.0, 
            2700.0, 
            2700.0, 
            1590.0, 
            2700.0, 
            575.0, 
            1300.0, 
            1500.0, 
            1260.0, 
            1600.0, 
            1150.0, 
            850.0, 
            2000.0, 
            1400.0, 
            690.0, 
            1700.0, 
            1400.0, 
            2500.0, 
            1890.0, 
            1200.0, 
            1850.0, 
            720.0, 
            900.0, 
            1150.0, 
            1350.0, 
            1350.0, 
            1250.0, 
            1000.0, 
            1900.0, 
            1400.0, 
            1600.0, 
            800.0, 
            850.0, 
            900.0, 
            1250.0, 
            1100.0, 
            1100.0, 
            1500.0, 
            1100.0, 
            950.0, 
            2400.0, 
            700.0, 
            1700.0, 
            750.0, 
            900.0, 
            1865.0, 
            700.0, 
            1590.0, 
            900.0, 
            1100.0, 
            650.0, 
            2600.0, 
            1400.0, 
            800.0, 
            850.0, 
            1850.0, 
            2800.0, 
            1500.0, 
            850.0, 
            1400.0, 
            1550.0, 
            3300.0, 
            1200.0, 
            1355.0, 
            750.0, 
            3200.0, 
            3900.0, 
            1050.0, 
            2000.0, 
            875.0, 
            850.0, 
            3450.0, 
            725.0, 
            1100.0, 
            3200.0, 
            1490.0, 
            2500.0, 
            625.0, 
            1425.0, 
            790.0, 
            1700.0, 
            3240.0, 
            2700.0, 
            1500.0, 
            730.0, 
            1400.0, 
            1500.0, 
            1300.0, 
            995.0, 
            600.0, 
            2800.0, 
            1900.0, 
            1430.0, 
            750.0, 
            895.0, 
            1575.0, 
            800.0, 
            1950.0, 
            1400.0, 
            3000.0, 
            1800.0, 
            1375.0, 
            2200.0, 
            1100.0, 
            1100.0, 
            3500.0, 
            1170.0, 
            1200.0, 
            1950.0, 
            3700.0, 
            810.0, 
            650.0, 
            1425.0, 
            900.0, 
            1250.0, 
            1100.0, 
            1700.0, 
            3975.0, 
            1400.0, 
            1200.0, 
            2470.0, 
            1600.0, 
            1045.0, 
            3700.0, 
            1300.0, 
            2995.0, 
            2100.0, 
            850.0, 
            1850.0, 
            1100.0, 
            1500.0, 
            750.0, 
            800.0, 
            1100.0, 
            725.0, 
            3300.0, 
            835.0, 
            950.0, 
            1700.0, 
            750.0, 
            730.0, 
            1500.0, 
            2700.0, 
            1750.0, 
            3300.0, 
            900.0, 
            900.0, 
            1600.0, 
            650.0, 
            1100.0, 
            995.0, 
            2700.0, 
            1500.0, 
            1300.0, 
            1200.0, 
            1850.0, 
            1950.0, 
            1250.0, 
            1100.0, 
            1450.0, 
            3000.0, 
            2450.0, 
            1850.0, 
            1000.0, 
            1250.0, 
            1800.0, 
            1100.0, 
            995.0, 
            1200.0, 
            1300.0, 
            1100.0, 
            3850.0, 
            3200.0, 
            1100.0, 
            1500.0, 
            3950.0, 
            1300.0, 
            1100.0, 
            1200.0, 
            3000.0, 
            850.0, 
            680.0, 
            1000.0, 
            1900.0, 
            1400.0, 
            1200.0, 
            650.0, 
            1935.0, 
            2350.0, 
            950.0, 
            1500.0, 
            1400.0, 
            1900.0, 
            1000.0, 
            3800.0, 
            990.0, 
            1566.0, 
            3000.0, 
            3900.0, 
            1650.0, 
            1200.0, 
            900.0, 
            820.0, 
            750.0, 
            1800.0, 
            780.0, 
            2100.0, 
            1300.0, 
            1800.0, 
            1300.0, 
            1400.0, 
            1650.0, 
            1400.0, 
            1350.0, 
            2500.0, 
            1250.0, 
            870.0, 
            1200.0, 
            890.0, 
            750.0, 
            980.0, 
            950.0, 
            2000.0, 
            850.0, 
            700.0, 
            1300.0, 
            980.0, 
            3100.0, 
            1600.0, 
            550.0, 
            900.0, 
            950.0, 
            1975.0, 
            810.0, 
            1100.0, 
            1300.0, 
            650.0, 
            800.0, 
            1865.0, 
            950.0, 
            995.0, 
            3780.0, 
            1250.0, 
            900.0, 
            850.0, 
            1090.0, 
            2700.0, 
            800.0, 
            650.0, 
            1400.0, 
            950.0, 
            800.0, 
            1500.0, 
            1300.0, 
            2430.0, 
            1100.0, 
            2700.0, 
            900.0, 
            1300.0, 
            700.0, 
            1130.0, 
            3000.0, 
            1067.0, 
            1650.0, 
            2350.0, 
            3630.0, 
            810.0, 
            3990.0, 
            1100.0, 
            1100.0, 
            1400.0, 
            2900.0, 
            795.0, 
            1300.0, 
            1300.0, 
            1350.0, 
            1500.0, 
            900.0, 
            900.0, 
            950.0, 
            2499.0, 
            1490.0, 
            1980.0, 
            1390.0, 
            1500.0, 
            2450.0, 
            2300.0, 
            1390.0, 
            2600.0, 
            1150.0, 
            980.0, 
            1700.0, 
            2700.0, 
            800.0, 
            2600.0, 
            1500.0, 
            2300.0, 
            3000.0, 
            1690.0, 
            1900.0, 
            1200.0, 
            1300.0, 
            1900.0, 
            1000.0, 
            850.0, 
            1900.0, 
            750.0, 
            780.0, 
            1400.0, 
            1300.0, 
            1200.0, 
            1150.0, 
            890.0, 
            850.0, 
            2600.0, 
            975.0, 
            2800.0, 
            1650.0, 
            1700.0, 
            950.0, 
            1950.0, 
            1250.0, 
            745.0, 
            1450.0, 
            900.0, 
            950.0, 
            900.0, 
            690.0, 
            3000.0, 
            950.0, 
            1900.0, 
            750.0, 
            770.0, 
            1500.0, 
            3100.0, 
            1500.0, 
            950.0, 
            800.0, 
            1400.0, 
            2000.0, 
            630.0, 
            1100.0, 
            3500.0, 
            1380.0, 
            2700.0, 
            1000.0, 
            657.0, 
            740.0, 
            2700.0, 
            790.0, 
            1650.0, 
            745.0, 
            2100.0, 
            2650.0, 
            875.0, 
            1950.0, 
            1000.0, 
            1045.0, 
            800.0, 
            1950.0, 
            520.0, 
            1350.0, 
            1100.0, 
            2500.0, 
            850.0, 
            1099.0, 
            1950.0, 
            780.0, 
            2350.0, 
            2000.0, 
            3500.0, 
            3700.0, 
            1700.0, 
            815.0, 
            1275.0, 
            915.0, 
            1300.0, 
            2300.0, 
            1600.0, 
            1900.0, 
            980.0, 
            1700.0, 
            1450.0, 
            1000.0, 
            585.0, 
            1050.0, 
            1250.0, 
            1900.0, 
            2900.0, 
            600.0, 
            2900.0, 
            650.0, 
            950.0, 
            800.0, 
            1390.0, 
            900.0, 
            1000.0, 
            750.0, 
            1700.0, 
            1500.0, 
            1900.0, 
            890.0, 
            800.0, 
            2300.0, 
            1200.0, 
            699.0, 
            1000.0, 
            1850.0, 
            850.0, 
            680.0, 
            1300.0, 
            3500.0, 
            1650.0, 
            990.0, 
            1150.0, 
            1100.0, 
            800.0, 
            1100.0, 
            1300.0, 
            2800.0, 
            750.0, 
            1150.0, 
            3950.0, 
            850.0, 
            1100.0, 
            1500.0, 
            1800.0, 
            850.0, 
            1700.0, 
            2650.0, 
            1300.0, 
            1600.0, 
            1950.0, 
            975.0, 
            4000.0, 
            850.0, 
            815.0, 
            1800.0, 
            3800.0, 
            900.0, 
            900.0, 
            3600.0, 
            960.0, 
            1250.0, 
            820.0, 
            1500.0, 
            1240.0, 
            800.0, 
            3105.0, 
            2200.0, 
            1000.0, 
            2300.0, 
            850.0, 
            2970.0, 
            2100.0, 
            1450.0
        ]
    }, 
    "processed_feature_names": [
        "bathrooms", 
        "floor", 
        "rooms", 
        "size", 
        "dummy:has360:False", 
        "dummy:has360:N/A", 
        "dummy:hasLift:True", 
        "dummy:hasLift:N/A", 
        "dummy:propertyType:flat", 
        "dummy:propertyType:penthouse", 
        "dummy:propertyType:studio", 
        "dummy:propertyType:duplex", 
        "dummy:propertyType:N/A", 
        "dummy:exterior:True", 
        "dummy:exterior:N/A", 
        "dummy:neighborhood:Recoletos", 
        "dummy:neighborhood:Lavapi\u00e9s-Embajadores", 
        "dummy:neighborhood:Castellana", 
        "dummy:neighborhood:Goya", 
        "dummy:neighborhood:Palacio", 
        "dummy:neighborhood:Malasa\u00f1a-Universidad", 
        "dummy:neighborhood:Chueca-Justicia", 
        "dummy:neighborhood:Arg\u00fcelles", 
        "dummy:neighborhood:Trafalgar", 
        "dummy:neighborhood:Lista", 
        "dummy:neighborhood:Bernab\u00e9u-Hispanoam\u00e9rica", 
        "dummy:neighborhood:Almagro", 
        "dummy:neighborhood:Cuzco-Castillejos", 
        "dummy:neighborhood:Huertas-Cortes", 
        "dummy:neighborhood:El Viso", 
        "dummy:neighborhood:Conde Orgaz-Piovera", 
        "dummy:neighborhood:Sanchinarro", 
        "dummy:neighborhood:Castilla", 
        "dummy:neighborhood:Nueva Espa\u00f1a", 
        "dummy:neighborhood:Sol", 
        "dummy:neighborhood:Prosperidad", 
        "dummy:neighborhood:Ibiza", 
        "dummy:neighborhood:Cuatro Caminos", 
        "dummy:neighborhood:Arapiles", 
        "dummy:neighborhood:Las Tablas", 
        "dummy:neighborhood:Ventilla-Almenara", 
        "dummy:neighborhood:Guindalera", 
        "dummy:neighborhood:Nuevos Ministerios-R\u00edos Rosas", 
        "dummy:neighborhood:Aravaca", 
        "dummy:neighborhood:Ciudad Jard\u00edn", 
        "dummy:neighborhood:Costillares", 
        "dummy:neighborhood:Fuente del Berro", 
        "dummy:neighborhood:San Pascual", 
        "dummy:neighborhood:Bellas Vistas", 
        "dummy:neighborhood:Vallehermoso", 
        "dummy:neighborhood:Ensanche de Vallecas - La Gavia", 
        "dummy:neighborhood:Gaztambide", 
        "dummy:neighborhood:Jer\u00f3nimos", 
        "dummy:neighborhood:Pac\u00edfico", 
        "dummy:neighborhood:La Paz", 
        "dummy:neighborhood:Acacias", 
        "dummy:neighborhood:Rejas", 
        "dummy:neighborhood:Legazpi", 
        "dummy:neighborhood:Ni\u00f1o Jes\u00fas", 
        "dummy:neighborhood:Canillas", 
        "dummy:neighborhood:San Juan Bautista", 
        "dummy:neighborhood:Palos de Moguer", 
        "dummy:neighborhood:Valdemar\u00edn", 
        "dummy:neighborhood:Pe\u00f1agrande", 
        "dummy:neighborhood:Pilar", 
        "dummy:neighborhood:Simancas", 
        "dummy:neighborhood:Concepci\u00f3n", 
        "dummy:neighborhood:Valdeacederas", 
        "dummy:neighborhood:Ventas", 
        "dummy:neighborhood:Estrella", 
        "dummy:neighborhood:Pueblo Nuevo", 
        "dummy:neighborhood:Chopera", 
        "dummy:neighborhood:Atalaya", 
        "dummy:neighborhood:Berruguete", 
        "dummy:neighborhood:Comillas", 
        "dummy:neighborhood:Adelfas", 
        "dummy:neighborhood:Tres Olivos - Valverde", 
        "dummy:neighborhood:Valdezarza", 
        "dummy:neighborhood:Pinar del Rey", 
        "dummy:neighborhood:Alameda de Osuna", 
        "dummy:neighborhood:Colina", 
        "dummy:neighborhood:Somosaguas", 
        "dummy:neighborhood:Lucero", 
        "dummy:neighborhood:Imperial", 
        "dummy:neighborhood:Montecarmelo", 
        "dummy:neighborhood:Zona Avenida Europa", 
        "dummy:neighborhood:Delicias", 
        "dummy:neighborhood:Palomas", 
        "dummy:neighborhood:Ciudad Universitaria", 
        "dummy:neighborhood:San Diego", 
        "dummy:neighborhood:Mirasierra", 
        "dummy:neighborhood:Prado de Somosaguas", 
        "dummy:neighborhood:Opa\u00f1el", 
        "dummy:neighborhood:Numancia", 
        "dummy:neighborhood:Vista Alegre", 
        "dummy:neighborhood:Valdebernardo - Valderribas", 
        "dummy:neighborhood:Zona Estaci\u00f3n", 
        "dummy:neighborhood:Zona norte", 
        "dummy:neighborhood:Valdebebas - Valdefuentes", 
        "dummy:neighborhood:Almendrales", 
        "dummy:neighborhood:Rosas", 
        "dummy:neighborhood:Puerta del \u00c1ngel", 
        "dummy:neighborhood:Zof\u00edo", 
        "dummy:neighborhood:Parque Lisboa - La Paz", 
        "dummy:neighborhood:Quintana", 
        "dummy:neighborhood:San Isidro", 
        "dummy:neighborhood:\u00c1guilas", 
        "dummy:neighborhood:Campo de las Naciones-Corralejos", 
        "dummy:neighborhood:Ambroz", 
        "dummy:neighborhood:Casco Hist\u00f3rico de Vallecas", 
        "dummy:neighborhood:Moscard\u00f3", 
        "dummy:neighborhood:Abrantes", 
        "dummy:neighborhood:Canillejas", 
        "dummy:neighborhood:Horcajo", 
        "dummy:neighborhood:Puerta Bonita", 
        "dummy:neighborhood:N/A", 
        "dummy:hasPlan:False", 
        "dummy:hasPlan:N/A", 
        "dummy:hasVideo:False", 
        "dummy:hasVideo:N/A", 
        "dummy:detailedType_typology:flat", 
        "dummy:detailedType_typology:N/A", 
        "dummy:hasParkingSpace:True", 
        "dummy:hasParkingSpace:N/A", 
        "dummy:hasParkingSpace:__Others__"
    ], 
    "regression_performance": {
        "max_error": 1131.826861899367, 
        "median_error": -9.49276943397706, 
        "error_distribution": [
            {
                "count": 54, 
                "bin_max": -403.13050841916504, 
                "bin_id": 0, 
                "bin_min": -575.38683553268913
            }, 
            {
                "count": 74, 
                "bin_max": -232.57968949488367, 
                "bin_id": 1, 
                "bin_min": -403.13050841916504
            }, 
            {
                "count": 147, 
                "bin_max": -62.028870570602294, 
                "bin_id": 2, 
                "bin_min": -232.57968949488367
            }, 
            {
                "count": 170, 
                "bin_max": 108.52194835367902, 
                "bin_id": 3, 
                "bin_min": -62.028870570602294
            }, 
            {
                "count": 114, 
                "bin_max": 279.07276727796034, 
                "bin_id": 4, 
                "bin_min": 108.52194835367902
            }, 
            {
                "count": 42, 
                "bin_max": 449.62358620224177, 
                "bin_id": 5, 
                "bin_min": 279.07276727796034
            }, 
            {
                "count": 19, 
                "bin_max": 620.17440512652297, 
                "bin_id": 6, 
                "bin_min": 449.62358620224177
            }, 
            {
                "count": 17, 
                "bin_max": 790.7252240508044, 
                "bin_id": 7, 
                "bin_min": 620.17440512652297
            }, 
            {
                "count": 8, 
                "bin_max": 961.27604297508583, 
                "bin_id": 8, 
                "bin_min": 790.7252240508044
            }, 
            {
                "count": 19, 
                "bin_max": 1131.826861899367, 
                "bin_id": 9, 
                "bin_min": 961.27604297508583
            }
        ], 
        "min_error": -573.68132734344636, 
        "average_error": 30.590619885118024, 
        "std_error": 341.582729208953, 
        "p75_error": 173.64201214268513, 
        "p90_error": 432.11202222015345, 
        "p25_error": -177.47393051751112
    }
}