{
  "state": "DONE",
  "preSearchDescription": {
    "gridLength": 1,
    "importantParams": [
      {
        "name": "alpha",
        "val": "Auto-optimized"
      }
    ]
  },
  "postSearchDescription": {
    "importantParams": [
      {
        "name": "alpha",
        "val": "0.012407813"
      }
    ]
  },
  "sampleWeightsEnabled": false,
  "modelId": "m1",
  "progress": {
    "top_level_todo": [],
    "stack": [],
    "top_level_done": [
      {
        "name": "Loading train set",
        "time": 45
      },
      {
        "name": "Loading test set",
        "time": 17
      },
      {
        "name": "Collecting statistics",
        "time": 35
      },
      {
        "name": "Preprocessing train set",
        "time": 37
      },
      {
        "name": "Preprocessing test set",
        "time": 34
      },
      {
        "name": "Fitting model",
        "time": 196
      },
      {
        "name": "Saving model",
        "time": 1
      },
      {
        "name": "Scoring model",
        "time": 36
      }
    ]
  },
  "startTime": 1544048834495,
  "endTime": 1544048834899,
  "preprocessingTime": 169,
  "trainingTime": 235
}