[
    {
        "parameters": {
            "max_features": "auto", 
            "min_samples_split": 18, 
            "n_estimators": 100, 
            "max_depth": 16, 
            "min_samples_leaf": 6
        }, 
        "score_time": 96, 
        "test_score": 0.7897748676948831, 
        "fit_time": 1616, 
        "num_samples": 1103, 
        "best_iteration": null, 
        "train_score": 0.8627764231416993, 
        "parameter_id": 2, 
        "time": 1712, 
        "done_at": 1544046525316, 
        "grid_point_id": "{\"max_features\": \"auto\", \"min_samples_split\": 18, \"n_estimators\": 100, \"max_depth\": 16, \"min_samples_leaf\": 6}@0"
    }, 
    {
        "parameters": {
            "max_features": "auto", 
            "min_samples_split": 30, 
            "n_estimators": 100, 
            "max_depth": 21, 
            "min_samples_leaf": 10
        }, 
        "score_time": 147, 
        "test_score": 0.7788408281219477, 
        "fit_time": 1730, 
        "num_samples": 1103, 
        "best_iteration": null, 
        "train_score": 0.8324909981543687, 
        "parameter_id": 10, 
        "time": 1877, 
        "done_at": 1544046525461, 
        "grid_point_id": "{\"max_features\": \"auto\", \"min_samples_split\": 30, \"n_estimators\": 100, \"max_depth\": 21, \"min_samples_leaf\": 10}@0"
    }, 
    {
        "parameters": {
            "max_features": "auto", 
            "min_samples_split": 30, 
            "n_estimators": 100, 
            "max_depth": 21, 
            "min_samples_leaf": 10
        }, 
        "score_time": 36, 
        "test_score": 0.7860870212144655, 
        "fit_time": 1512, 
        "num_samples": 1102, 
        "best_iteration": null, 
        "train_score": 0.8323181982457423, 
        "parameter_id": 10, 
        "time": 1548, 
        "done_at": 1544046525139, 
        "grid_point_id": "{\"max_features\": \"auto\", \"min_samples_split\": 30, \"n_estimators\": 100, \"max_depth\": 21, \"min_samples_leaf\": 10}@2"
    }, 
    {
        "parameters": {
            "max_features": "auto", 
            "min_samples_split": 30, 
            "n_estimators": 100, 
            "max_depth": 21, 
            "min_samples_leaf": 10
        }, 
        "score_time": 117, 
        "test_score": 0.7959961769583661, 
        "fit_time": 1682, 
        "num_samples": 1103, 
        "best_iteration": null, 
        "train_score": 0.8282552308174771, 
        "parameter_id": 10, 
        "time": 1799, 
        "done_at": 1544046525378, 
        "grid_point_id": "{\"max_features\": \"auto\", \"min_samples_split\": 30, \"n_estimators\": 100, \"max_depth\": 21, \"min_samples_leaf\": 10}@1"
    }, 
    {
        "parameters": {
            "max_features": "auto", 
            "min_samples_split": 18, 
            "n_estimators": 100, 
            "max_depth": 16, 
            "min_samples_leaf": 6
        }, 
        "score_time": 40, 
        "test_score": 0.8008346426171705, 
        "fit_time": 1260, 
        "num_samples": 1103, 
        "best_iteration": null, 
        "train_score": 0.8582578758583654, 
        "parameter_id": 2, 
        "time": 1300, 
        "done_at": 1544046526443, 
        "grid_point_id": "{\"max_features\": \"auto\", \"min_samples_split\": 18, \"n_estimators\": 100, \"max_depth\": 16, \"min_samples_leaf\": 6}@1"
    }, 
    {
        "parameters": {
            "max_features": "auto", 
            "min_samples_split": 30, 
            "n_estimators": 100, 
            "max_depth": 16, 
            "min_samples_leaf": 10
        }, 
        "score_time": 96, 
        "test_score": 0.7788408281219477, 
        "fit_time": 1455, 
        "num_samples": 1103, 
        "best_iteration": null, 
        "train_score": 0.8324909981543687, 
        "parameter_id": 8, 
        "time": 1551, 
        "done_at": 1544046526937, 
        "grid_point_id": "{\"max_features\": \"auto\", \"min_samples_split\": 30, \"n_estimators\": 100, \"max_depth\": 16, \"min_samples_leaf\": 10}@0"
    }, 
    {
        "parameters": {
            "max_features": "auto", 
            "min_samples_split": 30, 
            "n_estimators": 100, 
            "max_depth": 16, 
            "min_samples_leaf": 10
        }, 
        "score_time": 110, 
        "test_score": 0.7959961769583661, 
        "fit_time": 1145, 
        "num_samples": 1103, 
        "best_iteration": null, 
        "train_score": 0.8282552308174771, 
        "parameter_id": 8, 
        "time": 1255, 
        "done_at": 1544046526722, 
        "grid_point_id": "{\"max_features\": \"auto\", \"min_samples_split\": 30, \"n_estimators\": 100, \"max_depth\": 16, \"min_samples_leaf\": 10}@1"
    }, 
    {
        "parameters": {
            "max_features": "auto", 
            "min_samples_split": 18, 
            "n_estimators": 100, 
            "max_depth": 16, 
            "min_samples_leaf": 6
        }, 
        "score_time": 109, 
        "test_score": 0.794410228511609, 
        "fit_time": 1282, 
        "num_samples": 1102, 
        "best_iteration": null, 
        "train_score": 0.8615552627335364, 
        "parameter_id": 2, 
        "time": 1391, 
        "done_at": 1544046526726, 
        "grid_point_id": "{\"max_features\": \"auto\", \"min_samples_split\": 18, \"n_estimators\": 100, \"max_depth\": 16, \"min_samples_leaf\": 6}@2"
    }, 
    {
        "parameters": {
            "max_features": "auto", 
            "min_samples_split": 30, 
            "n_estimators": 100, 
            "max_depth": 16, 
            "min_samples_leaf": 10
        }, 
        "score_time": 120, 
        "test_score": 0.7860870212144655, 
        "fit_time": 1191, 
        "num_samples": 1102, 
        "best_iteration": null, 
        "train_score": 0.8323181982457423, 
        "parameter_id": 8, 
        "time": 1311, 
        "done_at": 1544046527757, 
        "grid_point_id": "{\"max_features\": \"auto\", \"min_samples_split\": 30, \"n_estimators\": 100, \"max_depth\": 16, \"min_samples_leaf\": 10}@2"
    }, 
    {
        "parameters": {
            "max_features": "auto", 
            "min_samples_split": 30, 
            "n_estimators": 300, 
            "max_depth": 16, 
            "min_samples_leaf": 10
        }, 
        "score_time": 239, 
        "test_score": 0.7858188720194565, 
        "fit_time": 3908, 
        "num_samples": 1102, 
        "best_iteration": null, 
        "train_score": 0.8325749516068301, 
        "parameter_id": 9, 
        "time": 4147, 
        "done_at": 1544046531091, 
        "grid_point_id": "{\"max_features\": \"auto\", \"min_samples_split\": 30, \"n_estimators\": 300, \"max_depth\": 16, \"min_samples_leaf\": 10}@2"
    }, 
    {
        "parameters": {
            "max_features": "auto", 
            "min_samples_split": 30, 
            "n_estimators": 300, 
            "max_depth": 16, 
            "min_samples_leaf": 10
        }, 
        "score_time": 157, 
        "test_score": 0.7782752955852836, 
        "fit_time": 4046, 
        "num_samples": 1103, 
        "best_iteration": null, 
        "train_score": 0.8325567050407795, 
        "parameter_id": 9, 
        "time": 4203, 
        "done_at": 1544046530935, 
        "grid_point_id": "{\"max_features\": \"auto\", \"min_samples_split\": 30, \"n_estimators\": 300, \"max_depth\": 16, \"min_samples_leaf\": 10}@0"
    }, 
    {
        "parameters": {
            "max_features": "auto", 
            "min_samples_split": 30, 
            "n_estimators": 300, 
            "max_depth": 21, 
            "min_samples_leaf": 10
        }, 
        "score_time": 291, 
        "test_score": 0.7782752955852836, 
        "fit_time": 3352, 
        "num_samples": 1103, 
        "best_iteration": null, 
        "train_score": 0.8325567050407795, 
        "parameter_id": 11, 
        "time": 3643, 
        "done_at": 1544046531413, 
        "grid_point_id": "{\"max_features\": \"auto\", \"min_samples_split\": 30, \"n_estimators\": 300, \"max_depth\": 21, \"min_samples_leaf\": 10}@0"
    }, 
    {
        "parameters": {
            "max_features": "auto", 
            "min_samples_split": 30, 
            "n_estimators": 300, 
            "max_depth": 16, 
            "min_samples_leaf": 10
        }, 
        "score_time": 189, 
        "test_score": 0.7972749341498888, 
        "fit_time": 4059, 
        "num_samples": 1103, 
        "best_iteration": null, 
        "train_score": 0.8287212130765064, 
        "parameter_id": 9, 
        "time": 4248, 
        "done_at": 1544046530980, 
        "grid_point_id": "{\"max_features\": \"auto\", \"min_samples_split\": 30, \"n_estimators\": 300, \"max_depth\": 16, \"min_samples_leaf\": 10}@1"
    }, 
    {
        "parameters": {
            "max_features": "auto", 
            "min_samples_split": 30, 
            "n_estimators": 300, 
            "max_depth": 21, 
            "min_samples_leaf": 10
        }, 
        "score_time": 134, 
        "test_score": 0.7858188720194565, 
        "fit_time": 4156, 
        "num_samples": 1102, 
        "best_iteration": null, 
        "train_score": 0.8325749516068301, 
        "parameter_id": 11, 
        "time": 4290, 
        "done_at": 1544046535278, 
        "grid_point_id": "{\"max_features\": \"auto\", \"min_samples_split\": 30, \"n_estimators\": 300, \"max_depth\": 21, \"min_samples_leaf\": 10}@2"
    }, 
    {
        "parameters": {
            "max_features": "auto", 
            "min_samples_split": 30, 
            "n_estimators": 300, 
            "max_depth": 21, 
            "min_samples_leaf": 10
        }, 
        "score_time": 146, 
        "test_score": 0.7972749341498888, 
        "fit_time": 4211, 
        "num_samples": 1103, 
        "best_iteration": null, 
        "train_score": 0.8287212130765064, 
        "parameter_id": 11, 
        "time": 4357, 
        "done_at": 1544046535296, 
        "grid_point_id": "{\"max_features\": \"auto\", \"min_samples_split\": 30, \"n_estimators\": 300, \"max_depth\": 21, \"min_samples_leaf\": 10}@1"
    }, 
    {
        "parameters": {
            "max_features": "auto", 
            "min_samples_split": 18, 
            "n_estimators": 300, 
            "max_depth": 16, 
            "min_samples_leaf": 6
        }, 
        "score_time": 334, 
        "test_score": 0.789848741608542, 
        "fit_time": 4399, 
        "num_samples": 1103, 
        "best_iteration": null, 
        "train_score": 0.8625935428704409, 
        "parameter_id": 3, 
        "time": 4733, 
        "done_at": 1544046535835, 
        "grid_point_id": "{\"max_features\": \"auto\", \"min_samples_split\": 18, \"n_estimators\": 300, \"max_depth\": 16, \"min_samples_leaf\": 6}@0"
    }, 
    {
        "parameters": {
            "max_features": "auto", 
            "min_samples_split": 18, 
            "n_estimators": 300, 
            "max_depth": 16, 
            "min_samples_leaf": 6
        }, 
        "score_time": 401, 
        "test_score": 0.8023166000358112, 
        "fit_time": 4295, 
        "num_samples": 1103, 
        "best_iteration": null, 
        "train_score": 0.8586302111128412, 
        "parameter_id": 3, 
        "time": 4696, 
        "done_at": 1544046536121, 
        "grid_point_id": "{\"max_features\": \"auto\", \"min_samples_split\": 18, \"n_estimators\": 300, \"max_depth\": 16, \"min_samples_leaf\": 6}@1"
    }, 
    {
        "parameters": {
            "max_features": "auto", 
            "min_samples_split": 18, 
            "n_estimators": 100, 
            "max_depth": 6, 
            "min_samples_leaf": 6
        }, 
        "score_time": 72, 
        "test_score": 0.7933566330786982, 
        "fit_time": 1453, 
        "num_samples": 1103, 
        "best_iteration": null, 
        "train_score": 0.8285161471483844, 
        "parameter_id": 0, 
        "time": 1525, 
        "done_at": 1544046537371, 
        "grid_point_id": "{\"max_features\": \"auto\", \"min_samples_split\": 18, \"n_estimators\": 100, \"max_depth\": 6, \"min_samples_leaf\": 6}@1"
    }, 
    {
        "parameters": {
            "max_features": "auto", 
            "min_samples_split": 18, 
            "n_estimators": 100, 
            "max_depth": 6, 
            "min_samples_leaf": 6
        }, 
        "score_time": 116, 
        "test_score": 0.7829230008981031, 
        "fit_time": 1301, 
        "num_samples": 1103, 
        "best_iteration": null, 
        "train_score": 0.8311307783694861, 
        "parameter_id": 0, 
        "time": 1417, 
        "done_at": 1544046536720, 
        "grid_point_id": "{\"max_features\": \"auto\", \"min_samples_split\": 18, \"n_estimators\": 100, \"max_depth\": 6, \"min_samples_leaf\": 6}@0"
    }, 
    {
        "parameters": {
            "max_features": "auto", 
            "min_samples_split": 18, 
            "n_estimators": 100, 
            "max_depth": 6, 
            "min_samples_leaf": 6
        }, 
        "score_time": 77, 
        "test_score": 0.7878207321033239, 
        "fit_time": 1402, 
        "num_samples": 1102, 
        "best_iteration": null, 
        "train_score": 0.8319504775049181, 
        "parameter_id": 0, 
        "time": 1479, 
        "done_at": 1544046537606, 
        "grid_point_id": "{\"max_features\": \"auto\", \"min_samples_split\": 18, \"n_estimators\": 100, \"max_depth\": 6, \"min_samples_leaf\": 6}@2"
    }, 
    {
        "parameters": {
            "max_features": "auto", 
            "min_samples_split": 30, 
            "n_estimators": 100, 
            "max_depth": 6, 
            "min_samples_leaf": 10
        }, 
        "score_time": 31, 
        "test_score": 0.7919783768668571, 
        "fit_time": 968, 
        "num_samples": 1103, 
        "best_iteration": null, 
        "train_score": 0.8160389339422327, 
        "parameter_id": 6, 
        "time": 999, 
        "done_at": 1544046538378, 
        "grid_point_id": "{\"max_features\": \"auto\", \"min_samples_split\": 30, \"n_estimators\": 100, \"max_depth\": 6, \"min_samples_leaf\": 10}@1"
    }, 
    {
        "parameters": {
            "max_features": "auto", 
            "min_samples_split": 30, 
            "n_estimators": 100, 
            "max_depth": 6, 
            "min_samples_leaf": 10
        }, 
        "score_time": 65, 
        "test_score": 0.7752744635897675, 
        "fit_time": 1202, 
        "num_samples": 1103, 
        "best_iteration": null, 
        "train_score": 0.8200216557026071, 
        "parameter_id": 6, 
        "time": 1267, 
        "done_at": 1544046537996, 
        "grid_point_id": "{\"max_features\": \"auto\", \"min_samples_split\": 30, \"n_estimators\": 100, \"max_depth\": 6, \"min_samples_leaf\": 10}@0"
    }, 
    {
        "parameters": {
            "max_features": "auto", 
            "min_samples_split": 30, 
            "n_estimators": 100, 
            "max_depth": 6, 
            "min_samples_leaf": 10
        }, 
        "score_time": 79, 
        "test_score": 0.7830314613146955, 
        "fit_time": 876, 
        "num_samples": 1102, 
        "best_iteration": null, 
        "train_score": 0.8201894451068392, 
        "parameter_id": 6, 
        "time": 955, 
        "done_at": 1544046538567, 
        "grid_point_id": "{\"max_features\": \"auto\", \"min_samples_split\": 30, \"n_estimators\": 100, \"max_depth\": 6, \"min_samples_leaf\": 10}@2"
    }, 
    {
        "parameters": {
            "max_features": "auto", 
            "min_samples_split": 18, 
            "n_estimators": 100, 
            "max_depth": 21, 
            "min_samples_leaf": 6
        }, 
        "score_time": 79, 
        "test_score": 0.7897758431894051, 
        "fit_time": 914, 
        "num_samples": 1103, 
        "best_iteration": null, 
        "train_score": 0.8627767851486373, 
        "parameter_id": 4, 
        "time": 993, 
        "done_at": 1544046538996, 
        "grid_point_id": "{\"max_features\": \"auto\", \"min_samples_split\": 18, \"n_estimators\": 100, \"max_depth\": 21, \"min_samples_leaf\": 6}@0"
    }, 
    {
        "parameters": {
            "max_features": "auto", 
            "min_samples_split": 18, 
            "n_estimators": 100, 
            "max_depth": 21, 
            "min_samples_leaf": 6
        }, 
        "score_time": 107, 
        "test_score": 0.7944113983633536, 
        "fit_time": 989, 
        "num_samples": 1102, 
        "best_iteration": null, 
        "train_score": 0.8615585060155908, 
        "parameter_id": 4, 
        "time": 1096, 
        "done_at": 1544046539668, 
        "grid_point_id": "{\"max_features\": \"auto\", \"min_samples_split\": 18, \"n_estimators\": 100, \"max_depth\": 21, \"min_samples_leaf\": 6}@2"
    }, 
    {
        "parameters": {
            "max_features": "auto", 
            "min_samples_split": 18, 
            "n_estimators": 300, 
            "max_depth": 16, 
            "min_samples_leaf": 6
        }, 
        "score_time": 272, 
        "test_score": 0.7955532359585783, 
        "fit_time": 3967, 
        "num_samples": 1102, 
        "best_iteration": null, 
        "train_score": 0.8623080965527892, 
        "parameter_id": 3, 
        "time": 4239, 
        "done_at": 1544046539521, 
        "grid_point_id": "{\"max_features\": \"auto\", \"min_samples_split\": 18, \"n_estimators\": 300, \"max_depth\": 16, \"min_samples_leaf\": 6}@2"
    }, 
    {
        "parameters": {
            "max_features": "auto", 
            "min_samples_split": 18, 
            "n_estimators": 100, 
            "max_depth": 21, 
            "min_samples_leaf": 6
        }, 
        "score_time": 93, 
        "test_score": 0.8008346426171705, 
        "fit_time": 1003, 
        "num_samples": 1103, 
        "best_iteration": null, 
        "train_score": 0.8582578758583654, 
        "parameter_id": 4, 
        "time": 1096, 
        "done_at": 1544046539477, 
        "grid_point_id": "{\"max_features\": \"auto\", \"min_samples_split\": 18, \"n_estimators\": 100, \"max_depth\": 21, \"min_samples_leaf\": 6}@1"
    }, 
    {
        "parameters": {
            "max_features": "auto", 
            "min_samples_split": 18, 
            "n_estimators": 300, 
            "max_depth": 6, 
            "min_samples_leaf": 6
        }, 
        "score_time": 205, 
        "test_score": 0.7828271021340028, 
        "fit_time": 3761, 
        "num_samples": 1103, 
        "best_iteration": null, 
        "train_score": 0.83122925407534, 
        "parameter_id": 1, 
        "time": 3966, 
        "done_at": 1544046543644, 
        "grid_point_id": "{\"max_features\": \"auto\", \"min_samples_split\": 18, \"n_estimators\": 300, \"max_depth\": 6, \"min_samples_leaf\": 6}@0"
    }, 
    {
        "parameters": {
            "max_features": "auto", 
            "min_samples_split": 18, 
            "n_estimators": 300, 
            "max_depth": 21, 
            "min_samples_leaf": 6
        }, 
        "score_time": 109, 
        "test_score": 0.7898490736518999, 
        "fit_time": 3699, 
        "num_samples": 1103, 
        "best_iteration": null, 
        "train_score": 0.8625936521902118, 
        "parameter_id": 5, 
        "time": 3808, 
        "done_at": 1544046542806, 
        "grid_point_id": "{\"max_features\": \"auto\", \"min_samples_split\": 18, \"n_estimators\": 300, \"max_depth\": 21, \"min_samples_leaf\": 6}@0"
    }, 
    {
        "parameters": {
            "max_features": "auto", 
            "min_samples_split": 18, 
            "n_estimators": 300, 
            "max_depth": 21, 
            "min_samples_leaf": 6
        }, 
        "score_time": 277, 
        "test_score": 0.7955536397360504, 
        "fit_time": 4196, 
        "num_samples": 1102, 
        "best_iteration": null, 
        "train_score": 0.862309223720861, 
        "parameter_id": 5, 
        "time": 4473, 
        "done_at": 1544046544012, 
        "grid_point_id": "{\"max_features\": \"auto\", \"min_samples_split\": 18, \"n_estimators\": 300, \"max_depth\": 21, \"min_samples_leaf\": 6}@2"
    }, 
    {
        "parameters": {
            "max_features": "auto", 
            "min_samples_split": 18, 
            "n_estimators": 300, 
            "max_depth": 21, 
            "min_samples_leaf": 6
        }, 
        "score_time": 299, 
        "test_score": 0.8023166404077994, 
        "fit_time": 4465, 
        "num_samples": 1103, 
        "best_iteration": null, 
        "train_score": 0.8586312576885087, 
        "parameter_id": 5, 
        "time": 4764, 
        "done_at": 1544046544249, 
        "grid_point_id": "{\"max_features\": \"auto\", \"min_samples_split\": 18, \"n_estimators\": 300, \"max_depth\": 21, \"min_samples_leaf\": 6}@1"
    }, 
    {
        "parameters": {
            "max_features": "auto", 
            "min_samples_split": 18, 
            "n_estimators": 300, 
            "max_depth": 6, 
            "min_samples_leaf": 6
        }, 
        "score_time": 346, 
        "test_score": 0.7942083756437655, 
        "fit_time": 2728, 
        "num_samples": 1103, 
        "best_iteration": null, 
        "train_score": 0.8289474203965355, 
        "parameter_id": 1, 
        "time": 3074, 
        "done_at": 1544046545884, 
        "grid_point_id": "{\"max_features\": \"auto\", \"min_samples_split\": 18, \"n_estimators\": 300, \"max_depth\": 6, \"min_samples_leaf\": 6}@1"
    }, 
    {
        "parameters": {
            "max_features": "auto", 
            "min_samples_split": 30, 
            "n_estimators": 300, 
            "max_depth": 6, 
            "min_samples_leaf": 10
        }, 
        "score_time": 66, 
        "test_score": 0.7932403739463066, 
        "fit_time": 3716, 
        "num_samples": 1103, 
        "best_iteration": null, 
        "train_score": 0.81669983441316, 
        "parameter_id": 7, 
        "time": 3782, 
        "done_at": 1544046548039, 
        "grid_point_id": "{\"max_features\": \"auto\", \"min_samples_split\": 30, \"n_estimators\": 300, \"max_depth\": 6, \"min_samples_leaf\": 10}@1"
    }, 
    {
        "parameters": {
            "max_features": "auto", 
            "min_samples_split": 30, 
            "n_estimators": 300, 
            "max_depth": 6, 
            "min_samples_leaf": 10
        }, 
        "score_time": 57, 
        "test_score": 0.7829041402661928, 
        "fit_time": 2332, 
        "num_samples": 1102, 
        "best_iteration": null, 
        "train_score": 0.8206896200714248, 
        "parameter_id": 7, 
        "time": 2389, 
        "done_at": 1544046548286, 
        "grid_point_id": "{\"max_features\": \"auto\", \"min_samples_split\": 30, \"n_estimators\": 300, \"max_depth\": 6, \"min_samples_leaf\": 10}@2"
    }, 
    {
        "parameters": {
            "max_features": "auto", 
            "min_samples_split": 18, 
            "n_estimators": 300, 
            "max_depth": 6, 
            "min_samples_leaf": 6
        }, 
        "score_time": 128, 
        "test_score": 0.7885034543826656, 
        "fit_time": 4046, 
        "num_samples": 1102, 
        "best_iteration": null, 
        "train_score": 0.8325946833764646, 
        "parameter_id": 1, 
        "time": 4174, 
        "done_at": 1544046547822, 
        "grid_point_id": "{\"max_features\": \"auto\", \"min_samples_split\": 18, \"n_estimators\": 300, \"max_depth\": 6, \"min_samples_leaf\": 6}@2"
    }, 
    {
        "parameters": {
            "max_features": "auto", 
            "min_samples_split": 30, 
            "n_estimators": 300, 
            "max_depth": 6, 
            "min_samples_leaf": 10
        }, 
        "score_time": 76, 
        "test_score": 0.7747854335060294, 
        "fit_time": 3816, 
        "num_samples": 1103, 
        "best_iteration": null, 
        "train_score": 0.8201680965068447, 
        "parameter_id": 7, 
        "time": 3892, 
        "done_at": 1544046547910, 
        "grid_point_id": "{\"max_features\": \"auto\", \"min_samples_split\": 30, \"n_estimators\": 300, \"max_depth\": 6, \"min_samples_leaf\": 10}@0"
    }
]