{
    "gridSize": 12, 
    "nThreads": 4, 
    "metric": "R2", 
    "gridPoints": [
        {
            "index": 0, 
            "finishedAt": 1544046537606.0, 
            "score": 0.7880335196657422, 
            "parameters": {
                "max_features": "auto", 
                "min_samples_split": 18, 
                "n_estimators": 100, 
                "max_depth": 6, 
                "min_samples_leaf": 6
            }, 
            "time": 4421.0
        }, 
        {
            "index": 1, 
            "finishedAt": 1544046547822.0, 
            "score": 0.78851298026559136, 
            "parameters": {
                "max_features": "auto", 
                "min_samples_split": 18, 
                "n_estimators": 300, 
                "max_depth": 6, 
                "min_samples_leaf": 6
            }, 
            "time": 11214.0
        }, 
        {
            "index": 2, 
            "finishedAt": 1544046526726.0, 
            "score": 0.7950067598833096, 
            "parameters": {
                "max_features": "auto", 
                "min_samples_split": 18, 
                "n_estimators": 100, 
                "max_depth": 16, 
                "min_samples_leaf": 6
            }, 
            "time": 4403.0
        }, 
        {
            "index": 3, 
            "finishedAt": 1544046539521.0, 
            "score": 0.79590629923218703, 
            "parameters": {
                "max_features": "auto", 
                "min_samples_split": 18, 
                "n_estimators": 300, 
                "max_depth": 16, 
                "min_samples_leaf": 6
            }, 
            "time": 13668.0
        }, 
        {
            "index": 4, 
            "finishedAt": 1544046539668.0, 
            "score": 0.79500553313083888, 
            "parameters": {
                "max_features": "auto", 
                "min_samples_split": 18, 
                "n_estimators": 100, 
                "max_depth": 21, 
                "min_samples_leaf": 6
            }, 
            "time": 3185.0
        }, 
        {
            "index": 5, 
            "finishedAt": 1544046544249.0, 
            "score": 0.7959045134813495, 
            "parameters": {
                "max_features": "auto", 
                "min_samples_split": 18, 
                "n_estimators": 300, 
                "max_depth": 21, 
                "min_samples_leaf": 6
            }, 
            "time": 13045.0
        }, 
        {
            "index": 6, 
            "finishedAt": 1544046538567.0, 
            "score": 0.78342822049348593, 
            "parameters": {
                "max_features": "auto", 
                "min_samples_split": 30, 
                "n_estimators": 100, 
                "max_depth": 6, 
                "min_samples_leaf": 10
            }, 
            "time": 3221.0
        }, 
        {
            "index": 7, 
            "finishedAt": 1544046548286.0, 
            "score": 0.78364599362153298, 
            "parameters": {
                "max_features": "auto", 
                "min_samples_split": 30, 
                "n_estimators": 300, 
                "max_depth": 6, 
                "min_samples_leaf": 10
            }, 
            "time": 10063.0
        }, 
        {
            "index": 8, 
            "finishedAt": 1544046527757.0, 
            "score": 0.78697494376720889, 
            "parameters": {
                "max_features": "auto", 
                "min_samples_split": 30, 
                "n_estimators": 100, 
                "max_depth": 16, 
                "min_samples_leaf": 10
            }, 
            "time": 4117.0
        }, 
        {
            "index": 9, 
            "finishedAt": 1544046531091.0, 
            "score": 0.7871199650245484, 
            "parameters": {
                "max_features": "auto", 
                "min_samples_split": 30, 
                "n_estimators": 300, 
                "max_depth": 16, 
                "min_samples_leaf": 10
            }, 
            "time": 12598.0
        }, 
        {
            "index": 10, 
            "finishedAt": 1544046525461.0, 
            "score": 0.78697194825458983, 
            "parameters": {
                "max_features": "auto", 
                "min_samples_split": 30, 
                "n_estimators": 100, 
                "max_depth": 21, 
                "min_samples_leaf": 10
            }, 
            "time": 5224.0
        }, 
        {
            "index": 11, 
            "finishedAt": 1544046535296.0, 
            "score": 0.7871199650245484, 
            "parameters": {
                "max_features": "auto", 
                "min_samples_split": 30, 
                "n_estimators": 300, 
                "max_depth": 21, 
                "min_samples_leaf": 10
            }, 
            "time": 12290.0
        }
    ], 
    "startedAt": 1544046523572, 
    "nSplits": 3
}