{
    "metrics": {
        "rmse": 389.11824106992907, 
        "pearson": 0.88009081371034892, 
        "mae": 266.18566119849669, 
        "r2": 0.77426653620232366, 
        "mape": 0.17063196158970148, 
        "mse": 151413.00553335543, 
        "evs": 0.77426654737882727, 
        "rmsle": 0.21720250200872424
    }, 
    "scatterPlotData": {
        "y": [
            1433.8233, 
            793.2312, 
            936.3913, 
            1789.0181, 
            2332.5389, 
            1135.2513, 
            3417.158, 
            2856.2342, 
            1766.3804, 
            3010.8528, 
            2000.3933, 
            1429.6281, 
            1041.4196, 
            3520.8737, 
            2135.5245, 
            811.0144, 
            1694.071, 
            2419.0659, 
            3478.3337, 
            1203.968, 
            1536.8386, 
            1028.5353, 
            810.3043, 
            713.5454, 
            876.4622, 
            2292.378, 
            2977.7858, 
            1196.6859, 
            3090.2592, 
            2478.5749, 
            1036.9602, 
            2395.7891, 
            1404.9495, 
            1189.396, 
            956.0362, 
            1805.8279, 
            2633.6059, 
            1167.7805, 
            1440.0758, 
            1206.1753, 
            1261.5174, 
            1069.3799, 
            961.4872, 
            1180.2425, 
            1376.0727, 
            1128.9564, 
            1325.624, 
            878.782, 
            926.8786, 
            2389.8572, 
            3867.2373, 
            2021.1138, 
            1051.0158, 
            3417.158, 
            1377.1124, 
            1864.192, 
            899.8029, 
            1496.5127, 
            2320.3056, 
            796.7153, 
            1991.1221, 
            2624.2387, 
            749.9273, 
            2328.9857, 
            1376.0241, 
            2834.2581, 
            924.5643, 
            872.9685, 
            1452.1189, 
            3555.693, 
            1875.1053, 
            1001.2973, 
            2551.0638, 
            692.7862, 
            1724.3325, 
            1216.098, 
            2294.0589, 
            1786.8516, 
            1277.5841, 
            886.0521, 
            1210.7992, 
            787.5257, 
            2923.9811, 
            2357.3294, 
            1701.8221, 
            876.4622, 
            2257.1827, 
            746.2356, 
            1496.6229, 
            3141.9904, 
            1452.7549, 
            1526.5622, 
            2465.7951, 
            800.3693, 
            1057.2053, 
            1104.8392, 
            1331.13, 
            963.2956, 
            698.3512, 
            2257.0967, 
            2279.7958, 
            1141.9949, 
            1131.6741, 
            1903.7054, 
            849.0231, 
            2196.9608, 
            2957.8151, 
            1092.4291, 
            867.9276, 
            1340.8197, 
            2568.9765, 
            1271.1598, 
            1384.7198, 
            2270.794, 
            981.6493, 
            3715.9822, 
            1392.8774, 
            1811.5652, 
            1062.2829, 
            1117.2144, 
            1108.2611, 
            1287.0648, 
            1877.4792, 
            1955.7152, 
            1168.9876, 
            863.0555, 
            2971.7231, 
            1582.6165, 
            1994.716, 
            1376.914, 
            760.9847, 
            884.3841, 
            1055.4359, 
            2791.9252, 
            2025.6222, 
            1240.7195, 
            2235.2437, 
            872.2576, 
            1745.8638, 
            1906.9226, 
            1414.9102, 
            1681.4861, 
            1220.4449, 
            2408.2823, 
            1165.4841, 
            2780.6482, 
            855.7246, 
            1190.0328, 
            1877.7248, 
            1333.2495, 
            2468.5873, 
            1058.0413, 
            2940.7748, 
            844.0654, 
            1912.8464, 
            1329.417, 
            1487.8126, 
            938.7844, 
            1790.7406, 
            2828.5726, 
            1340.8197, 
            1602.8866, 
            765.0869, 
            1050.7661, 
            1156.0526, 
            1878.715, 
            1293.5095, 
            889.3728, 
            1190.5556, 
            1028.3394, 
            992.7928, 
            1436.1138, 
            1872.6988, 
            772.3235, 
            2984.3629, 
            2039.2875, 
            1555.9754, 
            738.0884, 
            1074.6195, 
            2655.0839, 
            1044.9675, 
            2607.5728, 
            2575.0824, 
            2632.7789, 
            859.3485, 
            929.0529, 
            1220.4449, 
            2911.3971, 
            2774.0943, 
            1486.276, 
            1357.8518, 
            1947.4304, 
            1141.2001, 
            1640.6705, 
            1631.1751, 
            1451.8442, 
            1172.4071, 
            883.4968, 
            1840.9615, 
            1476.5488, 
            892.4153, 
            1507.5123, 
            1156.3518, 
            1520.818, 
            1377.2111, 
            1353.5678, 
            880.2289, 
            3460.8335, 
            1157.3303, 
            2016.9302, 
            1496.6229, 
            1386.3733, 
            2320.349, 
            959.0029, 
            1441.4159, 
            1296.8029, 
            699.9269, 
            2734.6079, 
            1312.1532, 
            1541.5356, 
            1179.2515, 
            932.9154, 
            970.7781, 
            2236.8229, 
            2620.5777, 
            828.0022, 
            1177.2867, 
            783.0539, 
            1431.1574, 
            1138.4612, 
            2683.4892, 
            1442.7223, 
            2135.2465, 
            1061.5567, 
            1270.7713, 
            1559.6796, 
            1913.6943, 
            2106.3266, 
            978.4549, 
            1490.5162, 
            1977.4162, 
            1965.0119, 
            1099.7152, 
            926.8909, 
            1937.8531, 
            2440.2006, 
            1338.4193, 
            929.169, 
            1395.2275, 
            3425.0026, 
            2083.9252, 
            829.4562, 
            2451.5354, 
            1161.8398, 
            1127.3512, 
            2682.8449, 
            1068.8421, 
            2326.0823, 
            1221.2073, 
            1041.3383, 
            1261.1148, 
            2334.3753, 
            1097.4706, 
            1170.1088, 
            1014.0213, 
            1110.2244, 
            1119.7313, 
            2128.3844, 
            2946.9206, 
            1070.5999, 
            957.0773, 
            720.7496, 
            1600.5706, 
            3256.6351, 
            3581.1774, 
            842.922, 
            2294.0589, 
            1390.606, 
            2249.2419, 
            1506.2282, 
            1480.6786, 
            1318.1157, 
            1852.2197, 
            3578.1625, 
            1386.9031, 
            3096.3669, 
            965.5591, 
            1806.0396, 
            1792.3059, 
            1481.3418, 
            2781.3803, 
            1415.1101, 
            2164.2373, 
            2147.4706, 
            2329.0669, 
            1390.0976, 
            1290.2824, 
            1365.2233, 
            967.4564, 
            801.6582, 
            793.4109, 
            2997.6516, 
            1653.439, 
            3511.5455, 
            1252.3488, 
            2594.7969, 
            1411.2192, 
            1332.1893, 
            1008.6082, 
            1032.3029, 
            1335.9688, 
            3544.7349, 
            1229.4256, 
            861.1512, 
            985.8266, 
            1061.9005, 
            2540.8551, 
            1628.5132, 
            1170.8122, 
            2951.4148, 
            1756.7856, 
            812.2204, 
            1192.9899, 
            1497.3277, 
            1387.6208, 
            772.9032, 
            1214.4961, 
            1695.1163, 
            1224.3648, 
            713.1607, 
            1053.6636, 
            2729.4476, 
            825.0179, 
            1305.4435, 
            858.1794, 
            3096.3669, 
            1038.6179, 
            1307.1267, 
            2618.21, 
            2306.3313, 
            1258.1247, 
            1009.594, 
            2848.2356, 
            1212.7543, 
            3395.0599, 
            1955.707, 
            888.4911, 
            987.0715, 
            2263.2127, 
            1257.73, 
            770.197, 
            1615.1434, 
            2179.9602, 
            2373.8631, 
            2086.7861, 
            1013.3097, 
            2901.5393, 
            2674.0038, 
            2070.4619, 
            2682.0763, 
            1140.2924, 
            1864.6612, 
            1018.6554, 
            1770.0803, 
            2246.4968, 
            1052.9825, 
            2680.756, 
            1937.491, 
            1318.1157, 
            1175.035, 
            1326.5075, 
            1344.2954, 
            841.1509, 
            774.9893, 
            1695.4933, 
            1093.2929, 
            1130.2382, 
            1552.8216, 
            1226.6793, 
            1194.292, 
            698.2574, 
            867.3084, 
            1001.4805, 
            2328.3229, 
            772.4843, 
            1220.4449, 
            933.8951, 
            925.7021, 
            1357.2737, 
            3469.4121, 
            936.8888, 
            1460.3393, 
            1268.5292, 
            995.1219, 
            1311.2997, 
            3498.8365, 
            1669.2152, 
            1414.6323, 
            2324.5259, 
            3560.9985, 
            967.9352, 
            1486.3502, 
            3059.7053, 
            2255.8032, 
            1095.4077, 
            1001.0935, 
            1069.4204, 
            3349.7479, 
            982.0928, 
            1094.182, 
            758.3439, 
            763.0386, 
            1144.351, 
            2014.406, 
            1956.3551, 
            2508.9919, 
            1144.7408, 
            967.8329, 
            1018.9535, 
            1094.1826, 
            2225.261, 
            887.2081, 
            1043.6462, 
            1040.1814, 
            768.6005, 
            1172.2568, 
            2740.3074, 
            3475.5034, 
            2474.9941, 
            844.6091, 
            897.0582, 
            2152.8701, 
            982.6495, 
            1977.5811, 
            1242.5161, 
            2699.3497, 
            1103.3661, 
            691.5236, 
            1485.1174, 
            792.7501, 
            1444.5523, 
            743.2998, 
            817.3347, 
            852.0293, 
            760.2815, 
            934.7253, 
            2147.0203, 
            1099.5575, 
            849.926, 
            1950.31, 
            1033.8842, 
            2663.8356, 
            991.4524, 
            3542.8152, 
            1059.2136, 
            749.9361, 
            1951.6992, 
            3518.9068, 
            2529.8561, 
            1140.9281, 
            1269.0381, 
            1062.2164, 
            1058.4305, 
            2336.082, 
            3599.3831, 
            2943.7156, 
            1232.5065, 
            806.2672, 
            1298.5793, 
            1841.1049, 
            1551.8639, 
            721.3063, 
            788.21, 
            1085.8862, 
            1405.5942, 
            1024.9996, 
            1364.3494, 
            1086.0492, 
            931.4485, 
            2281.3667, 
            1243.9363, 
            883.1005, 
            1128.3272, 
            956.6556, 
            1620.4023, 
            1075.72, 
            829.5248, 
            969.4335, 
            1503.5687, 
            1244.797, 
            1306.2156, 
            689.2347, 
            1279.0627, 
            1287.6198, 
            2922.7332, 
            1165.4588, 
            1825.0432, 
            773.6102, 
            2078.1097, 
            1277.8674, 
            1960.7782, 
            1021.8015, 
            1215.5959, 
            1362.3824, 
            2056.4809, 
            1639.689, 
            1996.8984, 
            933.8935, 
            2869.2425, 
            2244.8366, 
            1156.5258, 
            790.42, 
            910.3878, 
            1574.8535, 
            2304.9541, 
            1188.8239, 
            1419.9589, 
            1500.4218, 
            927.893, 
            2026.4145, 
            912.5138, 
            728.7497, 
            2489.4078, 
            970.7781, 
            1142.3985, 
            2573.1018, 
            1986.7284, 
            2671.3352, 
            1395.867, 
            2468.5235, 
            2484.5576, 
            1114.5909, 
            760.3802, 
            1178.6074, 
            829.5505, 
            1108.2611, 
            1836.2684, 
            2016.9302, 
            853.0621, 
            2826.779, 
            913.3249, 
            2480.6612, 
            960.6024, 
            799.1325, 
            2348.2707, 
            2263.2127, 
            1991.2501, 
            838.6853, 
            1679.9388, 
            1347.9389, 
            1220.0943, 
            1170.8122, 
            792.715, 
            899.7964, 
            857.194, 
            3185.2715, 
            1032.0181, 
            2947.0617, 
            1399.6077, 
            890.2804, 
            1267.3637, 
            1877.9441, 
            1683.4825, 
            1797.2804, 
            1314.2906, 
            901.9659, 
            1179.0175, 
            1022.9005, 
            2151.1191, 
            1334.3261, 
            1001.2973, 
            1075.573, 
            2902.7922, 
            1100.7243, 
            962.8248, 
            2391.9928, 
            1789.5396, 
            2151.4924, 
            1341.9656, 
            1186.9276, 
            2129.0675, 
            2180.0292, 
            2231.8997, 
            1495.0102, 
            2357.3294, 
            2662.4833, 
            1530.4064, 
            1222.1838, 
            1220.3153, 
            1242.5161, 
            1500.7956, 
            1057.2639, 
            1402.2854, 
            820.2492, 
            2133.3587, 
            1049.8356, 
            2951.4148, 
            980.7532, 
            1634.9348, 
            2298.0335, 
            705.983, 
            801.111, 
            2725.1533, 
            1281.7829, 
            865.4307, 
            791.7974, 
            880.0812, 
            1322.4806, 
            2479.0676, 
            2490.4, 
            1049.9626, 
            1208.0942, 
            1380.3598, 
            1652.6925, 
            1021.6258, 
            2103.9868, 
            1354.6905, 
            1185.9801, 
            810.9538, 
            1162.0849, 
            2386.2874, 
            1887.9688, 
            2955.7483, 
            1368.0183, 
            964.0013, 
            1441.9579, 
            687.3667, 
            1763.3261, 
            2539.183, 
            2883.7387, 
            1531.0029, 
            1231.4252, 
            2663.3901, 
            1123.468, 
            2249.6146, 
            1221.6482, 
            1604.7707, 
            1291.2723, 
            1434.9031, 
            910.1211, 
            3703.1709, 
            1110.5308, 
            1292.9266, 
            1798.3348, 
            1684.7991, 
            2490.4, 
            2704.6541, 
            1396.2986, 
            1555.207, 
            1188.4132, 
            2732.9658, 
            841.2278, 
            1407.6022, 
            1599.2924, 
            2051.4585, 
            1063.7089, 
            1709.0619, 
            1165.4841, 
            1084.1644, 
            1228.1461, 
            792.9631, 
            945.2624, 
            1562.1499, 
            1492.4788, 
            987.3172, 
            1216.4186, 
            2108.7237, 
            2358.6819, 
            869.2001, 
            1379.2398, 
            975.3767, 
            917.3097, 
            2630.362, 
            1451.0651, 
            1022.9065, 
            757.3769, 
            1859.0586, 
            1371.9367, 
            1046.6518, 
            863.8543, 
            2446.5686, 
            804.5933, 
            2703.9582, 
            1274.5694, 
            933.8175, 
            1460.2189, 
            1280.4356, 
            1074.5184, 
            1434.0328, 
            949.0396, 
            967.3633, 
            995.1809, 
            1155.0198, 
            816.5407, 
            929.2008, 
            852.7436, 
            1346.0797, 
            1157.4751, 
            2356.605, 
            1130.7551, 
            1774.5727, 
            1331.8812, 
            1026.2678, 
            2140.9124, 
            1105.4909, 
            3672.258, 
            2990.5439, 
            721.3493, 
            1183.6039, 
            2770.3463, 
            3172.3954, 
            1165.5163, 
            715.0993, 
            2345.4373, 
            1426.1412, 
            1284.6459, 
            1399.6077, 
            2439.4861, 
            706.9467, 
            1213.5501, 
            2567.9679, 
            730.0059, 
            2181.5152, 
            3502.0849, 
            1114.5973, 
            2643.803, 
            916.675, 
            886.3138, 
            986.8441, 
            839.5804, 
            1399.6077, 
            2756.3815, 
            859.5749, 
            1151.6514, 
            2350.7805, 
            1280.0741, 
            818.0408, 
            2750.6494, 
            766.4406, 
            1415.7887, 
            3045.0969, 
            854.4399, 
            891.8245, 
            2691.5712, 
            1637.5824, 
            2037.876, 
            979.5301, 
            1895.6162, 
            2837.718, 
            2381.8093, 
            1293.5411, 
            1396.1256, 
            1239.1854, 
            1612.378, 
            3361.8903, 
            971.4067, 
            835.4092, 
            2111.4068, 
            1399.8961, 
            787.7263, 
            1045.3722, 
            1037.5571, 
            3448.6843, 
            948.3171, 
            2649.9178, 
            1445.1496, 
            2581.9154, 
            2352.8506, 
            1789.1335, 
            1266.5219, 
            3704.6388, 
            1316.1181, 
            906.4539, 
            1138.3605, 
            2955.7483, 
            871.3197, 
            1218.4507, 
            970.9262, 
            2121.0636, 
            1434.3509, 
            1932.9092, 
            884.0831, 
            1134.949, 
            1223.2696, 
            980.265, 
            1041.0519, 
            2724.3404, 
            939.9913, 
            1425.1852, 
            905.8568, 
            2320.0258, 
            837.6341, 
            3014.7027, 
            1872.6988, 
            3589.3199, 
            3579.6498, 
            661.8011, 
            1210.1799, 
            1485.9096, 
            983.4746, 
            3786.9321, 
            1202.4571, 
            1478.658, 
            893.1758, 
            1458.1458, 
            1342.3588, 
            1362.4652, 
            1128.1996, 
            2513.3205, 
            1318.1157, 
            1510.8567, 
            2129.6459, 
            2314.5231, 
            2102.9213, 
            1623.518, 
            833.6272, 
            1555.207, 
            1989.1626, 
            2980.4237, 
            2070.4867, 
            1394.8988, 
            1957.8632, 
            1347.1508, 
            1234.0022, 
            1922.1459, 
            1981.8073, 
            2179.4966, 
            1123.8703, 
            2233.7589, 
            896.4952, 
            849.5127, 
            1067.9062, 
            1708.2731, 
            1172.5369, 
            1132.7176, 
            2059.6109, 
            854.7407, 
            1247.0953, 
            1245.1483, 
            2737.8128
        ], 
        "x": [
            2000.0, 
            600.0, 
            460.0, 
            1500.0, 
            2500.0, 
            1400.0, 
            3500.0, 
            3600.0, 
            1950.0, 
            3500.0, 
            2350.0, 
            1490.0, 
            1000.0, 
            3000.0, 
            1750.0, 
            850.0, 
            1390.0, 
            2150.0, 
            3600.0, 
            950.0, 
            1800.0, 
            900.0, 
            675.0, 
            700.0, 
            1000.0, 
            2300.0, 
            2900.0, 
            1200.0, 
            2800.0, 
            2100.0, 
            1800.0, 
            2300.0, 
            1000.0, 
            1100.0, 
            850.0, 
            1400.0, 
            1900.0, 
            1200.0, 
            950.0, 
            1000.0, 
            800.0, 
            850.0, 
            750.0, 
            1350.0, 
            1350.0, 
            850.0, 
            1200.0, 
            900.0, 
            800.0, 
            2350.0, 
            4000.0, 
            2550.0, 
            900.0, 
            3500.0, 
            1300.0, 
            1450.0, 
            1025.0, 
            1400.0, 
            2600.0, 
            800.0, 
            1900.0, 
            2500.0, 
            1200.0, 
            1650.0, 
            850.0, 
            2350.0, 
            1030.0, 
            795.0, 
            760.0, 
            3700.0, 
            1600.0, 
            980.0, 
            2600.0, 
            720.0, 
            1550.0, 
            1175.0, 
            2400.0, 
            2300.0, 
            1450.0, 
            800.0, 
            925.0, 
            895.0, 
            2750.0, 
            1950.0, 
            1500.0, 
            1000.0, 
            1950.0, 
            750.0, 
            1500.0, 
            2300.0, 
            1100.0, 
            1275.0, 
            2650.0, 
            800.0, 
            900.0, 
            1200.0, 
            1400.0, 
            900.0, 
            790.0, 
            2800.0, 
            1700.0, 
            1350.0, 
            1300.0, 
            1300.0, 
            850.0, 
            1950.0, 
            2850.0, 
            2000.0, 
            950.0, 
            1000.0, 
            2200.0, 
            1700.0, 
            1390.0, 
            2800.0, 
            1100.0, 
            3990.0, 
            2280.0, 
            1870.0, 
            930.0, 
            1100.0, 
            1700.0, 
            1375.0, 
            1350.0, 
            1900.0, 
            1400.0, 
            699.0, 
            3100.0, 
            1300.0, 
            1750.0, 
            1750.0, 
            950.0, 
            850.0, 
            1040.0, 
            2600.0, 
            2000.0, 
            1500.0, 
            1980.0, 
            790.0, 
            1580.0, 
            1650.0, 
            1410.0, 
            1450.0, 
            1300.0, 
            3900.0, 
            1000.0, 
            2500.0, 
            850.0, 
            1200.0, 
            2500.0, 
            1750.0, 
            3150.0, 
            1200.0, 
            2950.0, 
            875.0, 
            1850.0, 
            930.0, 
            1700.0, 
            1090.0, 
            1650.0, 
            2700.0, 
            1000.0, 
            1750.0, 
            650.0, 
            815.0, 
            1375.0, 
            2300.0, 
            1700.0, 
            810.0, 
            1300.0, 
            1150.0, 
            800.0, 
            1200.0, 
            2450.0, 
            950.0, 
            2400.0, 
            1400.0, 
            1000.0, 
            820.0, 
            870.0, 
            2700.0, 
            1180.0, 
            2550.0, 
            2400.0, 
            2500.0, 
            990.0, 
            900.0, 
            1300.0, 
            2800.0, 
            2100.0, 
            1380.0, 
            1700.0, 
            1700.0, 
            1270.0, 
            2700.0, 
            1550.0, 
            2000.0, 
            1150.0, 
            750.0, 
            3780.0, 
            1300.0, 
            919.0, 
            2000.0, 
            1200.0, 
            1100.0, 
            1600.0, 
            650.0, 
            700.0, 
            2400.0, 
            1400.0, 
            2000.0, 
            1500.0, 
            1200.0, 
            2300.0, 
            615.0, 
            1500.0, 
            1180.0, 
            600.0, 
            2500.0, 
            1150.0, 
            1500.0, 
            1299.0, 
            900.0, 
            930.0, 
            2500.0, 
            2100.0, 
            950.0, 
            1615.0, 
            1200.0, 
            1400.0, 
            1350.0, 
            2600.0, 
            1400.0, 
            1650.0, 
            1250.0, 
            1300.0, 
            1350.0, 
            1950.0, 
            2700.0, 
            1150.0, 
            1450.0, 
            2000.0, 
            1900.0, 
            1100.0, 
            1100.0, 
            1300.0, 
            2350.0, 
            1250.0, 
            480.0, 
            1500.0, 
            2950.0, 
            1550.0, 
            775.0, 
            2500.0, 
            1300.0, 
            1600.0, 
            2400.0, 
            820.0, 
            2500.0, 
            1300.0, 
            990.0, 
            1350.0, 
            1950.0, 
            900.0, 
            1100.0, 
            1350.0, 
            1000.0, 
            1000.0, 
            1900.0, 
            1950.0, 
            575.0, 
            930.0, 
            750.0, 
            1200.0, 
            2500.0, 
            2950.0, 
            1000.0, 
            2400.0, 
            1550.0, 
            2700.0, 
            1297.0, 
            1600.0, 
            1300.0, 
            2800.0, 
            3500.0, 
            1575.0, 
            3300.0, 
            1100.0, 
            1990.0, 
            800.0, 
            1400.0, 
            3200.0, 
            1190.0, 
            2600.0, 
            3240.0, 
            1800.0, 
            975.0, 
            795.0, 
            1200.0, 
            980.0, 
            775.0, 
            1000.0, 
            3500.0, 
            1690.0, 
            2000.0, 
            1200.0, 
            1500.0, 
            1700.0, 
            970.0, 
            800.0, 
            900.0, 
            1250.0, 
            3600.0, 
            1300.0, 
            950.0, 
            850.0, 
            890.0, 
            1800.0, 
            1850.0, 
            1100.0, 
            2100.0, 
            1350.0, 
            700.0, 
            950.0, 
            1900.0, 
            1400.0, 
            950.0, 
            990.0, 
            1450.0, 
            900.0, 
            700.0, 
            999.0, 
            3080.0, 
            700.0, 
            1200.0, 
            815.0, 
            3300.0, 
            980.0, 
            1000.0, 
            2500.0, 
            2300.0, 
            1650.0, 
            1100.0, 
            3400.0, 
            1200.0, 
            3950.0, 
            1660.0, 
            900.0, 
            975.0, 
            3780.0, 
            1100.0, 
            850.0, 
            1700.0, 
            1950.0, 
            2000.0, 
            1700.0, 
            1200.0, 
            2900.0, 
            2800.0, 
            2600.0, 
            3800.0, 
            1000.0, 
            2100.0, 
            900.0, 
            1450.0, 
            1600.0, 
            1100.0, 
            2800.0, 
            2500.0, 
            1300.0, 
            1100.0, 
            1250.0, 
            1600.0, 
            850.0, 
            750.0, 
            1500.0, 
            2430.0, 
            1200.0, 
            1500.0, 
            1200.0, 
            1190.0, 
            790.0, 
            800.0, 
            1300.0, 
            2100.0, 
            750.0, 
            1300.0, 
            1050.0, 
            750.0, 
            1300.0, 
            3850.0, 
            900.0, 
            1566.0, 
            1050.0, 
            950.0, 
            1520.0, 
            4000.0, 
            1650.0, 
            1300.0, 
            1650.0, 
            3500.0, 
            850.0, 
            1190.0, 
            2650.0, 
            2200.0, 
            1100.0, 
            1200.0, 
            1050.0, 
            2600.0, 
            1090.0, 
            1300.0, 
            900.0, 
            620.0, 
            1000.0, 
            1300.0, 
            1850.0, 
            1700.0, 
            1200.0, 
            800.0, 
            1099.0, 
            795.0, 
            1600.0, 
            775.0, 
            1745.0, 
            850.0, 
            975.0, 
            1100.0, 
            2800.0, 
            3300.0, 
            2700.0, 
            900.0, 
            1350.0, 
            1600.0, 
            1000.0, 
            1700.0, 
            900.0, 
            2800.0, 
            1150.0, 
            700.0, 
            2300.0, 
            750.0, 
            1600.0, 
            1200.0, 
            600.0, 
            830.0, 
            1100.0, 
            900.0, 
            1750.0, 
            800.0, 
            900.0, 
            1750.0, 
            850.0, 
            3200.0, 
            1100.0, 
            3500.0, 
            1100.0, 
            650.0, 
            3995.0, 
            2700.0, 
            3300.0, 
            1150.0, 
            840.0, 
            1200.0, 
            1100.0, 
            2400.0, 
            3800.0, 
            2800.0, 
            1500.0, 
            590.0, 
            1200.0, 
            1400.0, 
            1250.0, 
            700.0, 
            850.0, 
            1300.0, 
            1600.0, 
            950.0, 
            1700.0, 
            870.0, 
            750.0, 
            1600.0, 
            1400.0, 
            850.0, 
            980.0, 
            730.0, 
            1700.0, 
            1100.0, 
            850.0, 
            1080.0, 
            1580.0, 
            950.0, 
            1150.0, 
            650.0, 
            1250.0, 
            850.0, 
            2800.0, 
            950.0, 
            1500.0, 
            850.0, 
            2200.0, 
            1250.0, 
            2200.0, 
            1100.0, 
            1400.0, 
            1425.0, 
            3780.0, 
            1900.0, 
            2800.0, 
            700.0, 
            2500.0, 
            2000.0, 
            1450.0, 
            780.0, 
            1000.0, 
            1250.0, 
            2000.0, 
            990.0, 
            1250.0, 
            995.0, 
            1105.0, 
            2800.0, 
            890.0, 
            850.0, 
            2650.0, 
            930.0, 
            1025.0, 
            1800.0, 
            2190.0, 
            2000.0, 
            1450.0, 
            2700.0, 
            1600.0, 
            1000.0, 
            690.0, 
            1495.0, 
            800.0, 
            1650.0, 
            1150.0, 
            2000.0, 
            875.0, 
            3000.0, 
            800.0, 
            2900.0, 
            700.0, 
            1075.0, 
            1980.0, 
            3780.0, 
            2400.0, 
            850.0, 
            1750.0, 
            1300.0, 
            1250.0, 
            1100.0, 
            800.0, 
            900.0, 
            750.0, 
            3300.0, 
            850.0, 
            3600.0, 
            1500.0, 
            600.0, 
            1300.0, 
            1850.0, 
            1950.0, 
            2200.0, 
            1250.0, 
            950.0, 
            1000.0, 
            1200.0, 
            3000.0, 
            1850.0, 
            980.0, 
            700.0, 
            3499.0, 
            750.0, 
            850.0, 
            3000.0, 
            1500.0, 
            1550.0, 
            1250.0, 
            1150.0, 
            2200.0, 
            2500.0, 
            1750.0, 
            1600.0, 
            1950.0, 
            2100.0, 
            1400.0, 
            1600.0, 
            1300.0, 
            900.0, 
            1700.0, 
            1025.0, 
            1950.0, 
            800.0, 
            3780.0, 
            990.0, 
            2100.0, 
            1000.0, 
            1660.0, 
            1850.0, 
            1000.0, 
            690.0, 
            2450.0, 
            1700.0, 
            875.0, 
            900.0, 
            685.0, 
            1350.0, 
            2500.0, 
            1800.0, 
            1200.0, 
            1000.0, 
            1300.0, 
            1300.0, 
            700.0, 
            2500.0, 
            1280.0, 
            1199.0, 
            750.0, 
            860.0, 
            2000.0, 
            2100.0, 
            3950.0, 
            1050.0, 
            700.0, 
            1500.0, 
            720.0, 
            1350.0, 
            2000.0, 
            3800.0, 
            1250.0, 
            1750.0, 
            3200.0, 
            1200.0, 
            1350.0, 
            1260.0, 
            820.0, 
            1050.0, 
            1390.0, 
            875.0, 
            3850.0, 
            1200.0, 
            1400.0, 
            1500.0, 
            1600.0, 
            1800.0, 
            3000.0, 
            1350.0, 
            1300.0, 
            900.0, 
            1850.0, 
            850.0, 
            1500.0, 
            1850.0, 
            1900.0, 
            1100.0, 
            2400.0, 
            1000.0, 
            850.0, 
            1300.0, 
            700.0, 
            890.0, 
            2100.0, 
            2100.0, 
            890.0, 
            1100.0, 
            3000.0, 
            2800.0, 
            600.0, 
            1500.0, 
            750.0, 
            900.0, 
            2300.0, 
            3630.0, 
            850.0, 
            875.0, 
            2500.0, 
            1100.0, 
            1100.0, 
            900.0, 
            3000.0, 
            900.0, 
            2300.0, 
            1000.0, 
            950.0, 
            1250.0, 
            1050.0, 
            1300.0, 
            1700.0, 
            1100.0, 
            900.0, 
            1200.0, 
            1300.0, 
            950.0, 
            850.0, 
            890.0, 
            1200.0, 
            985.0, 
            2400.0, 
            1400.0, 
            2200.0, 
            1405.0, 
            1000.0, 
            2200.0, 
            1190.0, 
            3700.0, 
            3300.0, 
            699.0, 
            800.0, 
            3500.0, 
            2800.0, 
            1490.0, 
            675.0, 
            2200.0, 
            1300.0, 
            1400.0, 
            1500.0, 
            1975.0, 
            600.0, 
            900.0, 
            2000.0, 
            790.0, 
            1150.0, 
            2600.0, 
            1700.0, 
            1975.0, 
            820.0, 
            850.0, 
            1000.0, 
            700.0, 
            1500.0, 
            2900.0, 
            980.0, 
            1200.0, 
            3300.0, 
            950.0, 
            875.0, 
            3450.0, 
            700.0, 
            1675.0, 
            3400.0, 
            800.0, 
            875.0, 
            3600.0, 
            1700.0, 
            2500.0, 
            980.0, 
            2500.0, 
            2500.0, 
            2900.0, 
            1100.0, 
            1350.0, 
            1050.0, 
            1850.0, 
            4000.0, 
            900.0, 
            800.0, 
            2700.0, 
            1200.0, 
            800.0, 
            800.0, 
            990.0, 
            3500.0, 
            950.0, 
            3850.0, 
            600.0, 
            2100.0, 
            3000.0, 
            1935.0, 
            950.0, 
            3900.0, 
            1400.0, 
            1200.0, 
            1200.0, 
            3950.0, 
            875.0, 
            1700.0, 
            1100.0, 
            1950.0, 
            1350.0, 
            2500.0, 
            700.0, 
            800.0, 
            1590.0, 
            1100.0, 
            850.0, 
            3000.0, 
            1100.0, 
            1450.0, 
            1250.0, 
            1800.0, 
            800.0, 
            3100.0, 
            2450.0, 
            4000.0, 
            3700.0, 
            670.0, 
            1450.0, 
            1000.0, 
            695.0, 
            4000.0, 
            1030.0, 
            2500.0, 
            950.0, 
            1500.0, 
            1164.0, 
            1800.0, 
            1000.0, 
            1700.0, 
            1300.0, 
            1600.0, 
            2400.0, 
            2300.0, 
            1450.0, 
            1500.0, 
            850.0, 
            1300.0, 
            1500.0, 
            4000.0, 
            1700.0, 
            1750.0, 
            2600.0, 
            1100.0, 
            1800.0, 
            1850.0, 
            1200.0, 
            1750.0, 
            1350.0, 
            1750.0, 
            950.0, 
            900.0, 
            1000.0, 
            2745.0, 
            824.0, 
            1100.0, 
            1900.0, 
            900.0, 
            1450.0, 
            800.0, 
            2500.0
        ]
    }, 
    "processed_feature_names": [
        "bathrooms", 
        "distance", 
        "floor", 
        "rooms", 
        "size", 
        "dummy:has360:False", 
        "dummy:has360:True", 
        "dummy:has360:N/A", 
        "dummy:has360:__Others__", 
        "dummy:hasLift:True", 
        "dummy:hasLift:False", 
        "dummy:hasLift:N/A", 
        "dummy:hasLift:__Others__", 
        "dummy:propertyType:flat", 
        "dummy:propertyType:penthouse", 
        "dummy:propertyType:studio", 
        "dummy:propertyType:duplex", 
        "dummy:propertyType:chalet", 
        "dummy:propertyType:N/A", 
        "dummy:propertyType:__Others__", 
        "dummy:exterior:True", 
        "dummy:exterior:False", 
        "dummy:exterior:N/A", 
        "dummy:exterior:__Others__", 
        "dummy:hasPlan:False", 
        "dummy:hasPlan:True", 
        "dummy:hasPlan:N/A", 
        "dummy:hasPlan:__Others__", 
        "dummy:hasVideo:False", 
        "dummy:hasVideo:True", 
        "dummy:hasVideo:N/A", 
        "dummy:hasVideo:__Others__", 
        "dummy:detailedType_typology:flat", 
        "dummy:detailedType_typology:chalet", 
        "dummy:detailedType_typology:N/A", 
        "dummy:detailedType_typology:__Others__", 
        "dummy:hasParkingSpace:True", 
        "dummy:hasParkingSpace:N/A", 
        "dummy:hasParkingSpace:__Others__"
    ], 
    "regression_performance": {
        "max_error": 994.25166213260536, 
        "median_error": -19.834814025810317, 
        "error_distribution": [
            {
                "count": 42, 
                "bin_max": -611.66424599969559, 
                "bin_id": 0, 
                "bin_min": -791.88369791232049
            }, 
            {
                "count": 36, 
                "bin_max": -433.22914509610666, 
                "bin_id": 1, 
                "bin_min": -611.66424599969559
            }, 
            {
                "count": 88, 
                "bin_max": -254.79404419251773, 
                "bin_id": 2, 
                "bin_min": -433.22914509610666
            }, 
            {
                "count": 167, 
                "bin_max": -76.358943288928685, 
                "bin_id": 3, 
                "bin_min": -254.79404419251773
            }, 
            {
                "count": 249, 
                "bin_max": 102.07615761466036, 
                "bin_id": 4, 
                "bin_min": -76.358943288928685
            }, 
            {
                "count": 131, 
                "bin_max": 280.51125851824918, 
                "bin_id": 5, 
                "bin_min": 102.07615761466036
            }, 
            {
                "count": 46, 
                "bin_max": 458.94635942183822, 
                "bin_id": 6, 
                "bin_min": 280.51125851824918
            }, 
            {
                "count": 39, 
                "bin_max": 637.38146032542727, 
                "bin_id": 7, 
                "bin_min": 458.94635942183822
            }, 
            {
                "count": 16, 
                "bin_max": 815.81656122901632, 
                "bin_id": 8, 
                "bin_min": 637.38146032542727
            }, 
            {
                "count": 26, 
                "bin_max": 994.25166213260536, 
                "bin_id": 9, 
                "bin_min": 815.81656122901632
            }
        ], 
        "min_error": -790.09934690328464, 
        "average_error": -5.12326990816682, 
        "std_error": 349.9644953141688, 
        "p75_error": 144.47532375617521, 
        "p90_error": 450.1412263806603, 
        "p25_error": -199.09193438469725
    }
}