{
  "algorithm": "RANDOM_FOREST_REGRESSION",
  "rf_regressor_grid": {
    "enabled": true,
    "n_estimators": [
      100,
      300
    ],
    "n_jobs": 1,
    "max_tree_depth": [
      6,
      16,
      21
    ],
    "min_samples_leaf": [
      6,
      10
    ],
    "selection_mode": "auto",
    "max_features": [
      0
    ],
    "max_feature_prop": 0.3
  },
  "max_ensemble_nodes_serialized": 6000,
  "metrics": {
    "evaluationMetric": "R2",
    "customEvaluationMetricGIB": true,
    "customEvaluationMetricNeedsProba": false,
    "costMatrixWeights": {
      "tpGain": 1.0,
      "tnGain": 0.0,
      "fpGain": -0.3,
      "fnGain": 0.0
    },
    "liftPoint": 0.4
  },
  "autoOptimizeThreshold": true,
  "forcedClassifierThreshold": 0.0,
  "gridLength": 12,
  "grid_search_params": {
    "mode": "KFOLD",
    "splitRatio": 0.8,
    "shuffleIterations": 1,
    "nFolds": 3,
    "stratified": true,
    "randomized": true,
    "nIter": 0,
    "timeout": 0,
    "nJobs": 4
  },
  "computeLearningCurves": false
}