{
  "state": "DONE",
  "preSearchDescription": {
    "gridLength": 12,
    "importantParams": [
      {
        "name": "trees",
        "vals": [
          "100",
          "300"
        ]
      },
      {
        "name": "depth",
        "vals": [
          "6",
          "16",
          "21"
        ]
      },
      {
        "name": "min_samples",
        "vals": [
          "6",
          "10"
        ]
      }
    ]
  },
  "postSearchDescription": {
    "importantParams": [
      {
        "name": "trees",
        "val": "300"
      },
      {
        "name": "depth",
        "val": "21"
      },
      {
        "name": "min_samples",
        "val": "6"
      }
    ]
  },
  "sampleWeightsEnabled": false,
  "modelId": "m1",
  "progress": {
    "top_level_todo": [],
    "stack": [],
    "top_level_done": [
      {
        "name": "Loading train set",
        "time": 41
      },
      {
        "name": "Loading test set",
        "time": 16
      },
      {
        "name": "Collecting statistics",
        "time": 20
      },
      {
        "name": "Preprocessing train set",
        "time": 41
      },
      {
        "name": "Preprocessing test set",
        "time": 26
      },
      {
        "name": "Grid searching",
        "time": 25213
      },
      {
        "name": "Fitting model",
        "time": 1753
      },
      {
        "name": "Saving model",
        "time": 72
      },
      {
        "name": "Scoring model",
        "time": 1009
      }
    ]
  },
  "startTime": 1544046523412,
  "endTime": 1544046551607,
  "preprocessingTime": 147,
  "trainingTime": 28048
}