{
    "per_feature": {
        "status": {
            "stats": {}
        }, 
        "has360": {
            "stats": {
                "mostFrequentValue": "False", 
                "leastFrequentValue": "True"
            }, 
            "category_possible_counts": [
                2554, 
                101
            ], 
            "category_possible_values": [
                "False", 
                "True"
            ]
        }, 
        "bathrooms": {
            "stats": {
                "std": 0.8956373271345454, 
                "p99": 5.0, 
                "min": 1.0, 
                "max": 9.0, 
                "average": 1.7005649717514124, 
                "median": 1.0
            }, 
            "missing_impute_with_value": 1.7005649717514124
        }, 
        "has3DTour": {
            "stats": {}
        }, 
        "hasLift": {
            "stats": {
                "mostFrequentValue": "True", 
                "leastFrequentValue": "False"
            }, 
            "category_possible_counts": [
                2293, 
                362
            ], 
            "category_possible_values": [
                "True", 
                "False"
            ]
        }, 
        "propertyType": {
            "stats": {
                "mostFrequentValue": "flat", 
                "leastFrequentValue": "chalet"
            }, 
            "category_possible_counts": [
                2204, 
                168, 
                127, 
                88, 
                68
            ], 
            "category_possible_values": [
                "flat", 
                "penthouse", 
                "studio", 
                "duplex", 
                "chalet"
            ]
        }, 
        "municipality": {
            "stats": {}
        }, 
        "newDevelopment": {
            "stats": {}
        }, 
        "rooms": {
            "stats": {
                "std": 1.212366626031143, 
                "p99": 5.0, 
                "min": 0.0, 
                "max": 9.0, 
                "average": 2.1951035781544257, 
                "median": 2.0
            }, 
            "missing_impute_with_value": 2.1951035781544257
        }, 
        "exterior": {
            "stats": {
                "mostFrequentValue": "True", 
                "leastFrequentValue": "False"
            }, 
            "category_possible_counts": [
                2148, 
                507
            ], 
            "category_possible_values": [
                "True", 
                "False"
            ]
        }, 
        "neighborhood": {
            "stats": {}
        }, 
        "operation": {
            "stats": {}
        }, 
        "hasPlan": {
            "stats": {
                "mostFrequentValue": "False", 
                "leastFrequentValue": "True"
            }, 
            "category_possible_counts": [
                1828, 
                827
            ], 
            "category_possible_values": [
                "False", 
                "True"
            ]
        }, 
        "size": {
            "stats": {
                "std": 67.43542980022876, 
                "p99": 396.0, 
                "min": 20.0, 
                "max": 565.0, 
                "average": 105.02937853107345, 
                "median": 87.0
            }, 
            "missing_impute_with_value": 105.02937853107345
        }, 
        "suggestedTexts_title": {
            "stats": {}
        }, 
        "district": {
            "stats": {}
        }, 
        "floor": {
            "stats": {
                "std": 2.720173482627446, 
                "p99": 12.0, 
                "min": -1.0, 
                "max": 22.0, 
                "average": 3.1811676082862523, 
                "median": 3.0
            }, 
            "missing_impute_with_value": 3.1811676082862523
        }, 
        "numPhotos": {
            "stats": {}
        }, 
        "hasVideo": {
            "stats": {
                "mostFrequentValue": "False", 
                "leastFrequentValue": "True"
            }, 
            "category_possible_counts": [
                2222, 
                433
            ], 
            "category_possible_values": [
                "False", 
                "True"
            ]
        }, 
        "latitude": {
            "stats": {}
        }, 
        "detailedType_typology": {
            "stats": {
                "mostFrequentValue": "flat", 
                "leastFrequentValue": "chalet"
            }, 
            "category_possible_counts": [
                2587, 
                68
            ], 
            "category_possible_values": [
                "flat", 
                "chalet"
            ]
        }, 
        "propertyCode": {
            "stats": {}
        }, 
        "thumbnail": {
            "stats": {}
        }, 
        "province": {
            "stats": {}
        }, 
        "suggestedTexts_subtitle": {
            "stats": {}
        }, 
        "detailedType_subTypology": {
            "stats": {}
        }, 
        "parkingSpaceIncluded": {
            "stats": {}
        }, 
        "price": {
            "stats": {}
        }, 
        "address": {
            "stats": {}
        }, 
        "parkingSpacePrice": {
            "stats": {}
        }, 
        "externalReference": {
            "stats": {}
        }, 
        "distance": {
            "stats": {
                "std": 3346.504709142561, 
                "p99": 14370.5, 
                "min": 104.0, 
                "max": 14944.0, 
                "average": 4432.416195856874, 
                "median": 3373.0
            }, 
            "missing_impute_with_value": 4432.416195856874
        }, 
        "url": {
            "stats": {}
        }, 
        "country": {
            "stats": {}
        }, 
        "geopoint": {
            "stats": {}
        }, 
        "longitude": {
            "stats": {}
        }, 
        "priceByArea": {
            "stats": {}
        }, 
        "showAddress": {
            "stats": {}
        }, 
        "hasParkingSpace": {
            "missing_impute_with_value": "False", 
            "stats": {
                "mostFrequentValue": "True", 
                "leastFrequentValue": "True"
            }, 
            "category_possible_counts": [
                875
            ], 
            "category_possible_values": [
                "True"
            ]
        }
    }, 
    "feature_order": [
        "status", 
        "has360", 
        "bathrooms", 
        "has3DTour", 
        "hasLift", 
        "propertyType", 
        "municipality", 
        "newDevelopment", 
        "rooms", 
        "exterior", 
        "neighborhood", 
        "operation", 
        "hasPlan", 
        "size", 
        "suggestedTexts_title", 
        "district", 
        "floor", 
        "numPhotos", 
        "hasVideo", 
        "latitude", 
        "detailedType_typology", 
        "propertyCode", 
        "thumbnail", 
        "province", 
        "suggestedTexts_subtitle", 
        "detailedType_subTypology", 
        "parkingSpaceIncluded", 
        "price", 
        "address", 
        "parkingSpacePrice", 
        "externalReference", 
        "distance", 
        "url", 
        "country", 
        "geopoint", 
        "longitude", 
        "priceByArea", 
        "showAddress", 
        "hasParkingSpace"
    ]
}