{
    "metrics": {
        "rmse": 367.8549875783869, 
        "pearson": 0.89629155643622205, 
        "mae": 254.16039156626505, 
        "r2": 0.80055419695342689, 
        "mape": 0.16629898742592675, 
        "mse": 135317.29188629519, 
        "evs": 0.80242329657375788, 
        "rmsle": 0.22224173579071924
    }, 
    "scatterPlotData": {
        "y": [
            1712.75, 
            1662.5, 
            2174.5, 
            1316.5, 
            1077.75, 
            1536.625, 
            1866.875, 
            1353.0, 
            1728.25, 
            2485.0, 
            874.5, 
            488.75, 
            1794.0, 
            1247.875, 
            1337.375, 
            3114.625, 
            1941.5, 
            862.875, 
            2243.75, 
            855.75, 
            2312.5, 
            1312.375, 
            1215.0, 
            2417.625, 
            2497.25, 
            911.625, 
            978.75, 
            2011.375, 
            2837.625, 
            995.25, 
            2177.625, 
            3162.875, 
            1111.25, 
            1880.125, 
            1285.125, 
            1856.625, 
            2083.375, 
            896.75, 
            1686.75, 
            1707.5, 
            2161.875, 
            822.25, 
            1023.0, 
            1128.375, 
            1290.5, 
            579.25, 
            1251.25, 
            3036.0, 
            2059.75, 
            3073.5, 
            1853.0, 
            2552.0, 
            1227.0, 
            3287.125, 
            1325.125, 
            1259.875, 
            1670.75, 
            1155.625, 
            2703.75, 
            947.375, 
            2590.5, 
            975.5, 
            1245.125, 
            1207.25, 
            1246.375, 
            1545.75, 
            937.875, 
            2168.125, 
            1567.375, 
            2052.5, 
            1677.0, 
            2281.5, 
            3992.625, 
            2281.0, 
            2070.25, 
            1355.75, 
            1420.625, 
            859.375, 
            925.75, 
            2509.0, 
            857.125, 
            1372.0, 
            624.375, 
            2646.125, 
            1162.625, 
            549.375, 
            1359.125, 
            779.375, 
            1003.5, 
            1169.25, 
            1206.75, 
            1540.0, 
            2364.625, 
            1319.25, 
            1618.5, 
            1207.25, 
            1865.0, 
            272.25, 
            2934.375, 
            1564.75, 
            1996.25, 
            810.5, 
            1988.75, 
            1012.375, 
            2455.875, 
            471.875, 
            1649.75, 
            889.625, 
            1522.25, 
            1804.875, 
            1121.5, 
            1487.875, 
            1224.25, 
            2506.75, 
            2858.625, 
            1403.375, 
            2884.0, 
            1730.5, 
            2496.25, 
            1392.125, 
            1030.375, 
            1399.125, 
            2450.25, 
            1864.5, 
            1169.25, 
            1088.375, 
            2485.5, 
            1181.75, 
            2151.5, 
            1058.625, 
            1959.125, 
            3250.875, 
            3161.625, 
            1224.25, 
            1492.5, 
            591.625, 
            1893.0, 
            1269.75, 
            885.25, 
            1290.625, 
            1549.875, 
            1008.75, 
            1645.5, 
            821.25, 
            627.875, 
            1247.375, 
            4082.0, 
            1814.625, 
            3554.125, 
            943.25, 
            1329.0, 
            1567.375, 
            1283.875, 
            1152.5, 
            2059.125, 
            1731.875, 
            1952.625, 
            1086.875, 
            1319.375, 
            376.625, 
            1729.375, 
            1594.375, 
            2918.125, 
            1715.625, 
            1369.125, 
            3567.25, 
            1515.875, 
            3023.875, 
            2198.25, 
            2572.875, 
            1924.25, 
            2024.25, 
            1472.625, 
            987.0, 
            798.5, 
            2014.25, 
            1072.875, 
            699.25, 
            678.375, 
            796.125, 
            1726.25, 
            1117.125, 
            1138.375, 
            829.75, 
            756.125, 
            812.75, 
            2319.625, 
            1178.375, 
            3610.875, 
            1211.5, 
            711.75, 
            1617.625, 
            1609.5, 
            2165.75, 
            1342.5, 
            928.25, 
            1597.25, 
            1814.75, 
            1698.25, 
            1143.0, 
            764.875, 
            843.5, 
            937.0, 
            1095.0, 
            1522.5, 
            1431.5, 
            1697.875, 
            4082.0, 
            1129.25, 
            2390.0, 
            2347.25, 
            1343.125, 
            2434.875, 
            738.125, 
            1078.75, 
            1378.0, 
            1305.25, 
            1467.0, 
            973.75, 
            850.25, 
            2053.0, 
            1366.875, 
            562.0, 
            1758.5, 
            1444.625, 
            3256.0, 
            1502.625, 
            1082.5, 
            1857.75, 
            535.375, 
            1098.0, 
            1752.125, 
            1489.375, 
            1170.75, 
            1359.25, 
            1193.125, 
            2003.125, 
            1381.0, 
            1387.875, 
            581.375, 
            1139.875, 
            858.75, 
            1508.75, 
            1014.625, 
            1401.75, 
            1674.75, 
            1199.0, 
            831.125, 
            2312.5, 
            1188.25, 
            1248.375, 
            614.5, 
            941.5, 
            2106.625, 
            684.25, 
            1358.125, 
            960.625, 
            1433.5, 
            357.375, 
            2156.125, 
            1543.75, 
            748.125, 
            1079.25, 
            1780.625, 
            3065.0, 
            1735.375, 
            645.75, 
            1715.25, 
            1428.0, 
            3211.25, 
            1329.0, 
            1140.0, 
            873.625, 
            2627.625, 
            3833.125, 
            1042.125, 
            2073.75, 
            879.375, 
            668.0, 
            2754.375, 
            706.625, 
            1346.625, 
            2836.75, 
            1545.0, 
            2530.5, 
            491.375, 
            1521.5, 
            754.75, 
            1862.25, 
            2481.125, 
            2840.75, 
            1865.875, 
            672.875, 
            1275.125, 
            1284.625, 
            1343.125, 
            1445.75, 
            507.875, 
            1870.0, 
            2098.5, 
            1621.75, 
            734.25, 
            1065.375, 
            1444.25, 
            691.875, 
            2296.5, 
            1376.5, 
            4041.5, 
            1592.875, 
            1078.25, 
            2139.5, 
            1345.875, 
            1197.5, 
            3270.625, 
            1224.0, 
            1594.5, 
            1779.125, 
            3218.75, 
            1135.75, 
            474.875, 
            1515.75, 
            959.0, 
            894.25, 
            871.375, 
            1774.875, 
            4581.625, 
            1369.75, 
            737.0, 
            1599.375, 
            1572.125, 
            803.375, 
            1965.25, 
            1075.125, 
            1616.25, 
            1416.125, 
            1412.75, 
            1955.5, 
            967.125, 
            1589.125, 
            1367.625, 
            1008.875, 
            1442.25, 
            614.5, 
            2452.375, 
            917.875, 
            1412.75, 
            1715.125, 
            1037.25, 
            1077.375, 
            1225.5, 
            2233.0, 
            1484.125, 
            2833.125, 
            910.0, 
            858.75, 
            1963.125, 
            545.375, 
            977.125, 
            1265.0, 
            2740.25, 
            1236.75, 
            1701.5, 
            1180.75, 
            1420.5, 
            1865.375, 
            1408.75, 
            1104.875, 
            1368.0, 
            2509.0, 
            2497.875, 
            1685.0, 
            955.375, 
            1253.0, 
            1451.25, 
            932.25, 
            1163.375, 
            1505.75, 
            1810.5, 
            1306.0, 
            2377.0, 
            2444.0, 
            1151.75, 
            1344.0, 
            2383.375, 
            1089.5, 
            1616.5, 
            1371.5, 
            3089.0, 
            715.625, 
            898.375, 
            987.75, 
            1914.375, 
            1644.5, 
            1270.375, 
            607.5, 
            1909.0, 
            1958.5, 
            1516.75, 
            1752.375, 
            1624.5, 
            1787.375, 
            1310.875, 
            3288.375, 
            645.0, 
            1808.5, 
            2368.5, 
            2518.625, 
            1227.625, 
            915.5, 
            910.0, 
            760.625, 
            855.0, 
            2054.75, 
            741.75, 
            1782.75, 
            1245.75, 
            1877.25, 
            1535.0, 
            1548.0, 
            1546.75, 
            1647.25, 
            1489.375, 
            1767.125, 
            1560.25, 
            942.25, 
            1001.125, 
            1279.5, 
            767.5, 
            965.375, 
            1302.875, 
            1692.25, 
            700.875, 
            1039.25, 
            1109.25, 
            1070.5, 
            2557.125, 
            1268.375, 
            559.0, 
            1312.875, 
            800.25, 
            2347.0, 
            690.875, 
            1167.25, 
            1865.0, 
            1208.75, 
            779.0, 
            1885.125, 
            1248.75, 
            1170.375, 
            2315.625, 
            1212.25, 
            1009.5, 
            729.0, 
            864.0, 
            2940.875, 
            750.125, 
            503.125, 
            1918.25, 
            1018.5, 
            1056.0, 
            1547.625, 
            1394.5, 
            1784.125, 
            1201.5, 
            2348.75, 
            1130.375, 
            1708.125, 
            773.875, 
            1331.625, 
            2503.0, 
            1335.375, 
            1818.5, 
            2170.5, 
            2222.5, 
            1024.125, 
            3531.625, 
            910.0, 
            956.5, 
            548.625, 
            2637.25, 
            597.125, 
            848.375, 
            1412.875, 
            1085.625, 
            1926.0, 
            856.75, 
            1205.25, 
            918.375, 
            2640.5, 
            1616.75, 
            1700.625, 
            1256.25, 
            1428.625, 
            2457.5, 
            2127.375, 
            1406.125, 
            2058.375, 
            806.625, 
            582.25, 
            1492.875, 
            2389.125, 
            1510.25, 
            2322.0, 
            1260.75, 
            2171.25, 
            2757.5, 
            2279.5, 
            1509.375, 
            779.375, 
            1550.0, 
            2254.5, 
            1372.0, 
            1156.125, 
            1969.125, 
            1049.875, 
            849.5, 
            1458.0, 
            1095.625, 
            1365.375, 
            1281.25, 
            994.0, 
            874.5, 
            2510.5, 
            719.0, 
            3063.625, 
            1767.125, 
            1832.375, 
            937.875, 
            1965.875, 
            1200.875, 
            807.375, 
            1554.125, 
            909.125, 
            1128.25, 
            1192.0, 
            818.375, 
            2715.0, 
            1120.125, 
            2485.5, 
            719.25, 
            890.25, 
            882.625, 
            2669.375, 
            1703.875, 
            1018.5, 
            967.625, 
            1481.5, 
            1838.25, 
            689.625, 
            1195.125, 
            2857.125, 
            1311.75, 
            2410.75, 
            1507.0, 
            643.625, 
            720.5, 
            2417.375, 
            925.75, 
            1792.5, 
            700.375, 
            2598.875, 
            1771.625, 
            704.875, 
            2350.375, 
            961.25, 
            803.375, 
            902.25, 
            2339.75, 
            290.0, 
            1459.0, 
            1521.0, 
            1727.875, 
            757.75, 
            1078.875, 
            1733.25, 
            750.875, 
            2062.625, 
            2073.75, 
            3535.625, 
            3557.0, 
            1297.25, 
            881.625, 
            1571.125, 
            1098.875, 
            1730.125, 
            1904.5, 
            1781.5, 
            1938.75, 
            1014.25, 
            1759.625, 
            1415.25, 
            669.75, 
            455.625, 
            1011.5, 
            1002.75, 
            2009.625, 
            2810.875, 
            680.25, 
            1749.625, 
            650.5, 
            1517.875, 
            769.375, 
            1178.375, 
            938.0, 
            993.75, 
            195.0, 
            1591.25, 
            1298.75, 
            1728.5, 
            946.125, 
            876.25, 
            2572.0, 
            1195.875, 
            633.375, 
            873.75, 
            1950.25, 
            1278.0, 
            907.75, 
            1432.0, 
            3834.75, 
            1573.625, 
            1174.875, 
            909.625, 
            1056.375, 
            1036.5, 
            1104.5, 
            1083.25, 
            2215.0, 
            581.375, 
            863.625, 
            3226.5, 
            901.25, 
            1383.25, 
            1029.0, 
            1447.75, 
            761.25, 
            1711.75, 
            2181.0, 
            1865.0, 
            1679.375, 
            1965.875, 
            1330.75, 
            3218.375, 
            850.0, 
            677.625, 
            1865.125, 
            2805.625, 
            853.875, 
            674.875, 
            2592.875, 
            880.625, 
            1701.625, 
            911.875, 
            1562.25, 
            1420.875, 
            738.5, 
            2150.875, 
            1937.75, 
            1065.375, 
            2482.125, 
            950.75, 
            1850.875, 
            2739.125, 
            1391.375
        ], 
        "x": [
            1700.0, 
            1500.0, 
            1900.0, 
            1202.0, 
            1150.0, 
            1550.0, 
            3400.0, 
            1200.0, 
            1600.0, 
            3500.0, 
            850.0, 
            600.0, 
            1200.0, 
            800.0, 
            1400.0, 
            3500.0, 
            1800.0, 
            725.0, 
            3645.0, 
            1000.0, 
            2400.0, 
            1500.0, 
            920.0, 
            1400.0, 
            2900.0, 
            1000.0, 
            1100.0, 
            1650.0, 
            3600.0, 
            1100.0, 
            3240.0, 
            2400.0, 
            850.0, 
            2000.0, 
            1250.0, 
            2200.0, 
            3105.0, 
            950.0, 
            1700.0, 
            1650.0, 
            2300.0, 
            850.0, 
            1125.0, 
            1200.0, 
            1000.0, 
            750.0, 
            900.0, 
            3800.0, 
            2150.0, 
            2950.0, 
            1700.0, 
            2300.0, 
            925.0, 
            2600.0, 
            1300.0, 
            1200.0, 
            1300.0, 
            1100.0, 
            2850.0, 
            900.0, 
            2400.0, 
            1200.0, 
            1200.0, 
            950.0, 
            1350.0, 
            1650.0, 
            800.0, 
            2100.0, 
            1350.0, 
            1800.0, 
            1650.0, 
            3500.0, 
            3850.0, 
            1850.0, 
            2400.0, 
            900.0, 
            2845.0, 
            975.0, 
            770.0, 
            3000.0, 
            900.0, 
            800.0, 
            680.0, 
            2800.0, 
            1250.0, 
            800.0, 
            2600.0, 
            900.0, 
            1000.0, 
            850.0, 
            1600.0, 
            1500.0, 
            1850.0, 
            1500.0, 
            1350.0, 
            950.0, 
            1300.0, 
            650.0, 
            2600.0, 
            1400.0, 
            1900.0, 
            785.0, 
            1550.0, 
            1250.0, 
            3300.0, 
            700.0, 
            2400.0, 
            1060.0, 
            1500.0, 
            1910.0, 
            1100.0, 
            1400.0, 
            1200.0, 
            2650.0, 
            3000.0, 
            1240.0, 
            2800.0, 
            1500.0, 
            2800.0, 
            1150.0, 
            1000.0, 
            900.0, 
            1950.0, 
            1800.0, 
            1200.0, 
            1090.0, 
            3000.0, 
            1900.0, 
            2400.0, 
            1200.0, 
            1750.0, 
            3000.0, 
            4000.0, 
            1250.0, 
            1000.0, 
            700.0, 
            2000.0, 
            975.0, 
            825.0, 
            1100.0, 
            1300.0, 
            950.0, 
            1500.0, 
            750.0, 
            850.0, 
            1250.0, 
            4000.0, 
            2200.0, 
            4000.0, 
            900.0, 
            1200.0, 
            1350.0, 
            1300.0, 
            1150.0, 
            1580.0, 
            1300.0, 
            1900.0, 
            900.0, 
            1250.0, 
            650.0, 
            1300.0, 
            1400.0, 
            2400.0, 
            1500.0, 
            1100.0, 
            3500.0, 
            1390.0, 
            3400.0, 
            1950.0, 
            3700.0, 
            1550.0, 
            1650.0, 
            1600.0, 
            1150.0, 
            900.0, 
            1399.0, 
            1000.0, 
            675.0, 
            650.0, 
            800.0, 
            1400.0, 
            1130.0, 
            1300.0, 
            900.0, 
            850.0, 
            900.0, 
            2500.0, 
            1300.0, 
            4000.0, 
            950.0, 
            850.0, 
            1275.0, 
            1400.0, 
            1600.0, 
            1250.0, 
            1035.0, 
            1250.0, 
            1690.0, 
            1850.0, 
            850.0, 
            950.0, 
            850.0, 
            700.0, 
            900.0, 
            1800.0, 
            1600.0, 
            1600.0, 
            4000.0, 
            950.0, 
            2700.0, 
            2700.0, 
            1590.0, 
            2700.0, 
            575.0, 
            1300.0, 
            1500.0, 
            1260.0, 
            1600.0, 
            1150.0, 
            850.0, 
            2000.0, 
            1400.0, 
            690.0, 
            1700.0, 
            1400.0, 
            2500.0, 
            1890.0, 
            1200.0, 
            1850.0, 
            720.0, 
            900.0, 
            1150.0, 
            1350.0, 
            1350.0, 
            1250.0, 
            1000.0, 
            1900.0, 
            1400.0, 
            1600.0, 
            800.0, 
            850.0, 
            900.0, 
            1250.0, 
            1100.0, 
            1100.0, 
            1500.0, 
            1100.0, 
            950.0, 
            2400.0, 
            700.0, 
            1700.0, 
            750.0, 
            900.0, 
            1865.0, 
            700.0, 
            1590.0, 
            900.0, 
            1100.0, 
            650.0, 
            2600.0, 
            1400.0, 
            800.0, 
            850.0, 
            1850.0, 
            2800.0, 
            1500.0, 
            850.0, 
            1400.0, 
            1550.0, 
            3300.0, 
            1200.0, 
            1355.0, 
            750.0, 
            3200.0, 
            3900.0, 
            1050.0, 
            2000.0, 
            875.0, 
            850.0, 
            3450.0, 
            725.0, 
            1100.0, 
            3200.0, 
            1490.0, 
            2500.0, 
            625.0, 
            1425.0, 
            790.0, 
            1700.0, 
            3240.0, 
            2700.0, 
            1500.0, 
            730.0, 
            1400.0, 
            1500.0, 
            1300.0, 
            995.0, 
            600.0, 
            2800.0, 
            1900.0, 
            1430.0, 
            750.0, 
            895.0, 
            1575.0, 
            800.0, 
            1950.0, 
            1400.0, 
            3000.0, 
            1800.0, 
            1375.0, 
            2200.0, 
            1100.0, 
            1100.0, 
            3500.0, 
            1170.0, 
            1200.0, 
            1950.0, 
            3700.0, 
            810.0, 
            650.0, 
            1425.0, 
            900.0, 
            1250.0, 
            1100.0, 
            1700.0, 
            3975.0, 
            1400.0, 
            1200.0, 
            2470.0, 
            1600.0, 
            1045.0, 
            3700.0, 
            1300.0, 
            2995.0, 
            2100.0, 
            850.0, 
            1850.0, 
            1100.0, 
            1500.0, 
            750.0, 
            800.0, 
            1100.0, 
            725.0, 
            3300.0, 
            835.0, 
            950.0, 
            1700.0, 
            750.0, 
            730.0, 
            1500.0, 
            2700.0, 
            1750.0, 
            3300.0, 
            900.0, 
            900.0, 
            1600.0, 
            650.0, 
            1100.0, 
            995.0, 
            2700.0, 
            1500.0, 
            1300.0, 
            1200.0, 
            1850.0, 
            1950.0, 
            1250.0, 
            1100.0, 
            1450.0, 
            3000.0, 
            2450.0, 
            1850.0, 
            1000.0, 
            1250.0, 
            1800.0, 
            1100.0, 
            995.0, 
            1200.0, 
            1300.0, 
            1100.0, 
            3850.0, 
            3200.0, 
            1100.0, 
            1500.0, 
            3950.0, 
            1300.0, 
            1100.0, 
            1200.0, 
            3000.0, 
            850.0, 
            680.0, 
            1000.0, 
            1900.0, 
            1400.0, 
            1200.0, 
            650.0, 
            1935.0, 
            2350.0, 
            950.0, 
            1500.0, 
            1400.0, 
            1900.0, 
            1000.0, 
            3800.0, 
            990.0, 
            1566.0, 
            3000.0, 
            3900.0, 
            1650.0, 
            1200.0, 
            900.0, 
            820.0, 
            750.0, 
            1800.0, 
            780.0, 
            2100.0, 
            1300.0, 
            1800.0, 
            1300.0, 
            1400.0, 
            1650.0, 
            1400.0, 
            1350.0, 
            2500.0, 
            1250.0, 
            870.0, 
            1200.0, 
            890.0, 
            750.0, 
            980.0, 
            950.0, 
            2000.0, 
            850.0, 
            700.0, 
            1300.0, 
            980.0, 
            3100.0, 
            1600.0, 
            550.0, 
            900.0, 
            950.0, 
            1975.0, 
            810.0, 
            1100.0, 
            1300.0, 
            650.0, 
            800.0, 
            1865.0, 
            950.0, 
            995.0, 
            3780.0, 
            1250.0, 
            900.0, 
            850.0, 
            1090.0, 
            2700.0, 
            800.0, 
            650.0, 
            1400.0, 
            950.0, 
            800.0, 
            1500.0, 
            1300.0, 
            2430.0, 
            1100.0, 
            2700.0, 
            900.0, 
            1300.0, 
            700.0, 
            1130.0, 
            3000.0, 
            1067.0, 
            1650.0, 
            2350.0, 
            3630.0, 
            810.0, 
            3990.0, 
            1100.0, 
            1100.0, 
            1400.0, 
            2900.0, 
            795.0, 
            1300.0, 
            1300.0, 
            1350.0, 
            1500.0, 
            900.0, 
            900.0, 
            950.0, 
            2499.0, 
            1490.0, 
            1980.0, 
            1390.0, 
            1500.0, 
            2450.0, 
            2300.0, 
            1390.0, 
            2600.0, 
            1150.0, 
            980.0, 
            1700.0, 
            2700.0, 
            800.0, 
            2600.0, 
            1500.0, 
            2300.0, 
            3000.0, 
            1690.0, 
            1900.0, 
            1200.0, 
            1300.0, 
            1900.0, 
            1000.0, 
            850.0, 
            1900.0, 
            750.0, 
            780.0, 
            1400.0, 
            1300.0, 
            1200.0, 
            1150.0, 
            890.0, 
            850.0, 
            2600.0, 
            975.0, 
            2800.0, 
            1650.0, 
            1700.0, 
            950.0, 
            1950.0, 
            1250.0, 
            745.0, 
            1450.0, 
            900.0, 
            950.0, 
            900.0, 
            690.0, 
            3000.0, 
            950.0, 
            1900.0, 
            750.0, 
            770.0, 
            1500.0, 
            3100.0, 
            1500.0, 
            950.0, 
            800.0, 
            1400.0, 
            2000.0, 
            630.0, 
            1100.0, 
            3500.0, 
            1380.0, 
            2700.0, 
            1000.0, 
            657.0, 
            740.0, 
            2700.0, 
            790.0, 
            1650.0, 
            745.0, 
            2100.0, 
            2650.0, 
            875.0, 
            1950.0, 
            1000.0, 
            1045.0, 
            800.0, 
            1950.0, 
            520.0, 
            1350.0, 
            1100.0, 
            2500.0, 
            850.0, 
            1099.0, 
            1950.0, 
            780.0, 
            2350.0, 
            2000.0, 
            3500.0, 
            3700.0, 
            1700.0, 
            815.0, 
            1275.0, 
            915.0, 
            1300.0, 
            2300.0, 
            1600.0, 
            1900.0, 
            980.0, 
            1700.0, 
            1450.0, 
            1000.0, 
            585.0, 
            1050.0, 
            1250.0, 
            1900.0, 
            2900.0, 
            600.0, 
            2900.0, 
            650.0, 
            950.0, 
            800.0, 
            1390.0, 
            900.0, 
            1000.0, 
            750.0, 
            1700.0, 
            1500.0, 
            1900.0, 
            890.0, 
            800.0, 
            2300.0, 
            1200.0, 
            699.0, 
            1000.0, 
            1850.0, 
            850.0, 
            680.0, 
            1300.0, 
            3500.0, 
            1650.0, 
            990.0, 
            1150.0, 
            1100.0, 
            800.0, 
            1100.0, 
            1300.0, 
            2800.0, 
            750.0, 
            1150.0, 
            3950.0, 
            850.0, 
            1100.0, 
            1500.0, 
            1800.0, 
            850.0, 
            1700.0, 
            2650.0, 
            1300.0, 
            1600.0, 
            1950.0, 
            975.0, 
            4000.0, 
            850.0, 
            815.0, 
            1800.0, 
            3800.0, 
            900.0, 
            900.0, 
            3600.0, 
            960.0, 
            1250.0, 
            820.0, 
            1500.0, 
            1240.0, 
            800.0, 
            3105.0, 
            2200.0, 
            1000.0, 
            2300.0, 
            850.0, 
            2970.0, 
            2100.0, 
            1450.0
        ]
    }, 
    "processed_feature_names": [
        "bathrooms", 
        "floor", 
        "rooms", 
        "size", 
        "dummy:has360:False", 
        "dummy:has360:N/A", 
        "dummy:hasLift:True", 
        "dummy:hasLift:N/A", 
        "dummy:propertyType:flat", 
        "dummy:propertyType:penthouse", 
        "dummy:propertyType:studio", 
        "dummy:propertyType:duplex", 
        "dummy:propertyType:N/A", 
        "dummy:exterior:True", 
        "dummy:exterior:N/A", 
        "dummy:neighborhood:Recoletos", 
        "dummy:neighborhood:Lavapi\u00e9s-Embajadores", 
        "dummy:neighborhood:Castellana", 
        "dummy:neighborhood:Goya", 
        "dummy:neighborhood:Palacio", 
        "dummy:neighborhood:Malasa\u00f1a-Universidad", 
        "dummy:neighborhood:Chueca-Justicia", 
        "dummy:neighborhood:Arg\u00fcelles", 
        "dummy:neighborhood:Trafalgar", 
        "dummy:neighborhood:Lista", 
        "dummy:neighborhood:Bernab\u00e9u-Hispanoam\u00e9rica", 
        "dummy:neighborhood:Almagro", 
        "dummy:neighborhood:Cuzco-Castillejos", 
        "dummy:neighborhood:Huertas-Cortes", 
        "dummy:neighborhood:El Viso", 
        "dummy:neighborhood:Conde Orgaz-Piovera", 
        "dummy:neighborhood:Sanchinarro", 
        "dummy:neighborhood:Castilla", 
        "dummy:neighborhood:Nueva Espa\u00f1a", 
        "dummy:neighborhood:Sol", 
        "dummy:neighborhood:Prosperidad", 
        "dummy:neighborhood:Ibiza", 
        "dummy:neighborhood:Cuatro Caminos", 
        "dummy:neighborhood:Arapiles", 
        "dummy:neighborhood:Las Tablas", 
        "dummy:neighborhood:Ventilla-Almenara", 
        "dummy:neighborhood:Guindalera", 
        "dummy:neighborhood:Nuevos Ministerios-R\u00edos Rosas", 
        "dummy:neighborhood:Aravaca", 
        "dummy:neighborhood:Ciudad Jard\u00edn", 
        "dummy:neighborhood:Costillares", 
        "dummy:neighborhood:Fuente del Berro", 
        "dummy:neighborhood:San Pascual", 
        "dummy:neighborhood:Bellas Vistas", 
        "dummy:neighborhood:Vallehermoso", 
        "dummy:neighborhood:Ensanche de Vallecas - La Gavia", 
        "dummy:neighborhood:Gaztambide", 
        "dummy:neighborhood:Jer\u00f3nimos", 
        "dummy:neighborhood:Pac\u00edfico", 
        "dummy:neighborhood:La Paz", 
        "dummy:neighborhood:Acacias", 
        "dummy:neighborhood:Rejas", 
        "dummy:neighborhood:Legazpi", 
        "dummy:neighborhood:Ni\u00f1o Jes\u00fas", 
        "dummy:neighborhood:Canillas", 
        "dummy:neighborhood:San Juan Bautista", 
        "dummy:neighborhood:Palos de Moguer", 
        "dummy:neighborhood:Valdemar\u00edn", 
        "dummy:neighborhood:Pe\u00f1agrande", 
        "dummy:neighborhood:Pilar", 
        "dummy:neighborhood:Simancas", 
        "dummy:neighborhood:Concepci\u00f3n", 
        "dummy:neighborhood:Valdeacederas", 
        "dummy:neighborhood:Ventas", 
        "dummy:neighborhood:Estrella", 
        "dummy:neighborhood:Pueblo Nuevo", 
        "dummy:neighborhood:Chopera", 
        "dummy:neighborhood:Atalaya", 
        "dummy:neighborhood:Berruguete", 
        "dummy:neighborhood:Comillas", 
        "dummy:neighborhood:Adelfas", 
        "dummy:neighborhood:Tres Olivos - Valverde", 
        "dummy:neighborhood:Valdezarza", 
        "dummy:neighborhood:Pinar del Rey", 
        "dummy:neighborhood:Alameda de Osuna", 
        "dummy:neighborhood:Colina", 
        "dummy:neighborhood:Somosaguas", 
        "dummy:neighborhood:Lucero", 
        "dummy:neighborhood:Imperial", 
        "dummy:neighborhood:Montecarmelo", 
        "dummy:neighborhood:Zona Avenida Europa", 
        "dummy:neighborhood:Delicias", 
        "dummy:neighborhood:Palomas", 
        "dummy:neighborhood:Ciudad Universitaria", 
        "dummy:neighborhood:San Diego", 
        "dummy:neighborhood:Mirasierra", 
        "dummy:neighborhood:Prado de Somosaguas", 
        "dummy:neighborhood:Opa\u00f1el", 
        "dummy:neighborhood:Numancia", 
        "dummy:neighborhood:Vista Alegre", 
        "dummy:neighborhood:Valdebernardo - Valderribas", 
        "dummy:neighborhood:Zona Estaci\u00f3n", 
        "dummy:neighborhood:Zona norte", 
        "dummy:neighborhood:Valdebebas - Valdefuentes", 
        "dummy:neighborhood:Almendrales", 
        "dummy:neighborhood:Rosas", 
        "dummy:neighborhood:Puerta del \u00c1ngel", 
        "dummy:neighborhood:Zof\u00edo", 
        "dummy:neighborhood:Parque Lisboa - La Paz", 
        "dummy:neighborhood:Quintana", 
        "dummy:neighborhood:San Isidro", 
        "dummy:neighborhood:\u00c1guilas", 
        "dummy:neighborhood:Campo de las Naciones-Corralejos", 
        "dummy:neighborhood:Ambroz", 
        "dummy:neighborhood:Casco Hist\u00f3rico de Vallecas", 
        "dummy:neighborhood:Moscard\u00f3", 
        "dummy:neighborhood:Abrantes", 
        "dummy:neighborhood:Canillejas", 
        "dummy:neighborhood:Horcajo", 
        "dummy:neighborhood:Puerta Bonita", 
        "dummy:neighborhood:N/A", 
        "dummy:hasPlan:False", 
        "dummy:hasPlan:N/A", 
        "dummy:hasVideo:False", 
        "dummy:hasVideo:N/A", 
        "dummy:detailedType_typology:flat", 
        "dummy:detailedType_typology:N/A", 
        "dummy:hasParkingSpace:True", 
        "dummy:hasParkingSpace:N/A", 
        "dummy:hasParkingSpace:__Others__"
    ], 
    "regression_performance": {
        "max_error": 1125.0450000000001, 
        "median_error": -4.4375, 
        "error_distribution": [
            {
                "count": 49, 
                "bin_max": -411.28649999999999, 
                "bin_id": 0, 
                "bin_min": -583.69703500000003
            }, 
            {
                "count": 79, 
                "bin_max": -240.58299999999997, 
                "bin_id": 1, 
                "bin_min": -411.28649999999999
            }, 
            {
                "count": 127, 
                "bin_max": -69.879500000000007, 
                "bin_id": 2, 
                "bin_min": -240.58299999999997
            }, 
            {
                "count": 172, 
                "bin_max": 100.82400000000007, 
                "bin_id": 3, 
                "bin_min": -69.879500000000007
            }, 
            {
                "count": 125, 
                "bin_max": 271.52750000000015, 
                "bin_id": 4, 
                "bin_min": 100.82400000000007
            }, 
            {
                "count": 47, 
                "bin_max": 442.23099999999999, 
                "bin_id": 5, 
                "bin_min": 271.52750000000015
            }, 
            {
                "count": 21, 
                "bin_max": 612.93450000000007, 
                "bin_id": 6, 
                "bin_min": 442.23099999999999
            }, 
            {
                "count": 16, 
                "bin_max": 783.63800000000015, 
                "bin_id": 7, 
                "bin_min": 612.93450000000007
            }, 
            {
                "count": 8, 
                "bin_max": 954.34150000000022, 
                "bin_id": 8, 
                "bin_min": 783.63800000000015
            }, 
            {
                "count": 20, 
                "bin_max": 1125.0450000000001, 
                "bin_id": 9, 
                "bin_min": 954.34150000000022
            }
        ], 
        "min_error": -581.99000000000001, 
        "average_error": 32.4870406626506, 
        "std_error": 340.5486568842564, 
        "p75_error": 175.40625, 
        "p90_error": 427.3625000000003, 
        "p25_error": -172.3125
    }
}