{
  "state": "DONE",
  "preSearchDescription": {
    "gridLength": 1,
    "importantParams": []
  },
  "postSearchDescription": {
    "importantParams": []
  },
  "sampleWeightsEnabled": false,
  "modelId": "m1",
  "progress": {
    "top_level_todo": [],
    "stack": [],
    "top_level_done": [
      {
        "name": "Loading train set",
        "time": 28
      },
      {
        "name": "Loading test set",
        "time": 12
      },
      {
        "name": "Collecting statistics",
        "time": 21
      },
      {
        "name": "Preprocessing train set",
        "time": 53
      },
      {
        "name": "Preprocessing test set",
        "time": 42
      },
      {
        "name": "Fitting model",
        "time": 45
      },
      {
        "name": "Saving model",
        "time": 1
      },
      {
        "name": "Scoring model",
        "time": 39
      }
    ]
  },
  "startTime": 1544048835672,
  "endTime": 1544048835917,
  "preprocessingTime": 158,
  "trainingTime": 87
}