{
    "details": {
        "has360": {
            "levels": [
                "False", 
                "True"
            ], 
            "with_others": true
        }, 
        "neighborhood": {
            "levels": [
                "Recoletos", 
                "Lavapi\u00e9s-Embajadores", 
                "Castellana", 
                "Goya", 
                "Palacio", 
                "Malasa\u00f1a-Universidad", 
                "Chueca-Justicia", 
                "Arg\u00fcelles", 
                "Trafalgar", 
                "Lista", 
                "Bernab\u00e9u-Hispanoam\u00e9rica", 
                "Almagro", 
                "Cuzco-Castillejos", 
                "Huertas-Cortes", 
                "El Viso", 
                "Conde Orgaz-Piovera", 
                "Sanchinarro", 
                "Castilla", 
                "Nueva Espa\u00f1a", 
                "Sol", 
                "Prosperidad", 
                "Ibiza", 
                "Cuatro Caminos", 
                "Arapiles", 
                "Las Tablas", 
                "Ventilla-Almenara", 
                "Guindalera", 
                "Nuevos Ministerios-R\u00edos Rosas", 
                "Aravaca", 
                "Ciudad Jard\u00edn", 
                "Costillares", 
                "Fuente del Berro", 
                "San Pascual", 
                "Bellas Vistas", 
                "Vallehermoso", 
                "Ensanche de Vallecas - La Gavia", 
                "Gaztambide", 
                "Jer\u00f3nimos", 
                "Pac\u00edfico", 
                "La Paz", 
                "Acacias", 
                "Rejas", 
                "Legazpi", 
                "Ni\u00f1o Jes\u00fas", 
                "Canillas", 
                "San Juan Bautista", 
                "Palos de Moguer", 
                "Valdemar\u00edn", 
                "Pe\u00f1agrande", 
                "Pilar", 
                "Simancas", 
                "Concepci\u00f3n", 
                "Valdeacederas", 
                "Ventas", 
                "Estrella", 
                "Pueblo Nuevo", 
                "Chopera", 
                "Atalaya", 
                "Berruguete", 
                "Comillas", 
                "Adelfas", 
                "Tres Olivos - Valverde", 
                "Valdezarza", 
                "Pinar del Rey", 
                "Alameda de Osuna", 
                "Colina", 
                "Somosaguas", 
                "Lucero", 
                "Imperial", 
                "Montecarmelo", 
                "Zona Avenida Europa", 
                "Delicias", 
                "Palomas", 
                "Ciudad Universitaria", 
                "San Diego", 
                "Mirasierra", 
                "Prado de Somosaguas", 
                "Opa\u00f1el", 
                "Numancia", 
                "Vista Alegre", 
                "Valdebernardo - Valderribas", 
                "Zona Estaci\u00f3n", 
                "Zona norte", 
                "Valdebebas - Valdefuentes", 
                "Almendrales", 
                "Rosas", 
                "Puerta del \u00c1ngel", 
                "Zof\u00edo", 
                "Parque Lisboa - La Paz", 
                "Quintana", 
                "San Isidro", 
                "\u00c1guilas", 
                "Campo de las Naciones-Corralejos", 
                "Ambroz", 
                "Casco Hist\u00f3rico de Vallecas", 
                "Moscard\u00f3", 
                "Abrantes", 
                "Canillejas", 
                "Horcajo", 
                "Puerta Bonita"
            ], 
            "with_others": true
        }, 
        "parkingSpaceIncluded": {
            "levels": [
                "True", 
                "False"
            ], 
            "with_others": true
        }, 
        "district": {
            "levels": [
                "Centro", 
                "Salamanca", 
                "Chamart\u00edn", 
                "Chamber\u00ed", 
                "Tetu\u00e1n", 
                "Hortaleza", 
                "Ciudad Lineal", 
                "Moncloa", 
                "Retiro", 
                "Fuencarral", 
                "Arganzuela", 
                "San Blas", 
                "Carabanchel", 
                "Latina", 
                "Villa de Vallecas", 
                "Usera", 
                "Encinar de los Reyes", 
                "Puente de Vallecas", 
                "Barajas", 
                "Zona Monte el Pilar", 
                "Vic\u00e1lvaro", 
                "Golf - El Carralero", 
                "Zona Prado de Somosaguas - La Finca", 
                "Somosaguas", 
                "Zona Avenida Europa", 
                "El Soto de la Moraleja", 
                "Villaverde", 
                "Moratalaz", 
                "Zona Estaci\u00f3n", 
                "Zona norte", 
                "Parque Lisboa - La Paz", 
                "Valdepastores - Las Encinas", 
                "Urbanizaciones", 
                "Getafe Centro", 
                "Zarzaquemada", 
                "San Nicasio - Campo de Tiro - Solagua", 
                "Zona Pueblo", 
                "Prado de Santo Domingo", 
                "Valdepelayo - Montepinos - Arroyo Culebro", 
                "Casco Antiguo", 
                "Valderas - Los Castillos", 
                "El Bercial", 
                "El Carrascal", 
                "Yucat\u00e1n- Las Cornisas", 
                "Alcobendas Centro", 
                "Fuencasa", 
                "Ensanche", 
                "Arroyo de la Vega", 
                "Valdelacasa", 
                "Universidad", 
                "Zona Carretera del Plant\u00edo", 
                "Urb. este - Montepr\u00edncipe", 
                "El Puerto", 
                "Parque Ondarreta - Urtinsa", 
                "Buenavista", 
                "Valleaguado - La Ca\u00f1ada", 
                "Covibar - Pablo Iglesias", 
                "Las Dehesillas - Vereda de los Estudiantes", 
                "Norte", 
                "Juan de la Cierva", 
                "Getafe norte", 
                "El Barral Ferial"
            ], 
            "with_others": true
        }, 
        "hasLift": {
            "levels": [
                "True", 
                "False"
            ], 
            "with_others": true
        }, 
        "municipality": {
            "levels": [
                "Madrid", 
                "Pozuelo de Alarc\u00f3n", 
                "Majadahonda", 
                "La Moraleja", 
                "Alcorc\u00f3n", 
                "Legan\u00e9s", 
                "Getafe", 
                "Boadilla del Monte", 
                "Alcobendas", 
                "Coslada", 
                "San Fernando de Henares", 
                "Las Rozas de Madrid", 
                "Rivas-Vaciamadrid"
            ], 
            "with_others": true
        }, 
        "hasPlan": {
            "levels": [
                "False", 
                "True"
            ], 
            "with_others": true
        }, 
        "hasVideo": {
            "levels": [
                "False", 
                "True"
            ], 
            "with_others": true
        }, 
        "hasParkingSpace": {
            "levels": [
                "True"
            ], 
            "with_others": true
        }, 
        "exterior": {
            "levels": [
                "True", 
                "False"
            ], 
            "with_others": true
        }, 
        "propertyType": {
            "levels": [
                "flat", 
                "penthouse", 
                "studio", 
                "duplex", 
                "chalet"
            ], 
            "with_others": true
        }, 
        "detailedType_typology": {
            "levels": [
                "flat", 
                "chalet"
            ], 
            "with_others": true
        }
    }
}