{
    "per_feature": {
        "status": {
            "stats": {}
        }, 
        "has360": {
            "stats": {
                "mostFrequentValue": "False", 
                "leastFrequentValue": "True"
            }, 
            "category_possible_counts": [
                3169
            ], 
            "category_possible_values": [
                "False"
            ]
        }, 
        "bathrooms": {
            "stats": {
                "std": 0.8939523513510719, 
                "p99": 5.0, 
                "min": 1.0, 
                "max": 9.0, 
                "average": 1.6937726723095525, 
                "median": 1.0
            }, 
            "missing_impute_with_value": 1.6937726723095525
        }, 
        "has3DTour": {
            "stats": {}
        }, 
        "hasLift": {
            "stats": {
                "mostFrequentValue": "True", 
                "leastFrequentValue": "False"
            }, 
            "category_possible_counts": [
                2846
            ], 
            "category_possible_values": [
                "True"
            ]
        }, 
        "propertyType": {
            "stats": {
                "mostFrequentValue": "flat", 
                "leastFrequentValue": "chalet"
            }, 
            "category_possible_counts": [
                2751, 
                219, 
                154, 
                94
            ], 
            "category_possible_values": [
                "flat", 
                "penthouse", 
                "studio", 
                "duplex"
            ]
        }, 
        "municipality": {
            "stats": {
                "mostFrequentValue": "Madrid", 
                "leastFrequentValue": "Las Rozas de Madrid"
            }, 
            "category_possible_counts": [
                3076, 
                73, 
                41, 
                33, 
                24, 
                21, 
                12, 
                10, 
                9, 
                4, 
                2, 
                2
            ], 
            "category_possible_values": [
                "Madrid", 
                "Pozuelo de Alarc\u00f3n", 
                "Majadahonda", 
                "La Moraleja", 
                "Alcorc\u00f3n", 
                "Getafe", 
                "Legan\u00e9s", 
                "Alcobendas", 
                "Boadilla del Monte", 
                "Rivas-Vaciamadrid", 
                "San Fernando de Henares", 
                "Coslada"
            ]
        }, 
        "newDevelopment": {
            "stats": {}
        }, 
        "rooms": {
            "stats": {
                "std": 1.182968114270331, 
                "p99": 5.0, 
                "min": 0.0, 
                "max": 9.0, 
                "average": 2.1695888754534463, 
                "median": 2.0
            }, 
            "missing_impute_with_value": 2.1695888754534463
        }, 
        "exterior": {
            "stats": {
                "mostFrequentValue": "True", 
                "leastFrequentValue": "False"
            }, 
            "category_possible_counts": [
                2660
            ], 
            "category_possible_values": [
                "True"
            ]
        }, 
        "neighborhood": {
            "stats": {
                "mostFrequentValue": "Recoletos", 
                "leastFrequentValue": "12 de Octubre-Orcasur"
            }, 
            "category_possible_counts": [
                133, 
                116, 
                106, 
                106, 
                101, 
                97, 
                93, 
                82, 
                82, 
                76, 
                76, 
                73, 
                67, 
                66, 
                65, 
                61, 
                60, 
                60, 
                59, 
                58, 
                53, 
                48, 
                48, 
                48, 
                46, 
                44, 
                43, 
                36, 
                31, 
                30, 
                30, 
                29, 
                29, 
                28, 
                28, 
                27, 
                27, 
                26, 
                25, 
                25, 
                23, 
                23, 
                22, 
                22, 
                21, 
                21, 
                21, 
                20, 
                19, 
                18, 
                18, 
                17, 
                17, 
                17, 
                17, 
                16, 
                15, 
                15, 
                14, 
                14, 
                14, 
                14, 
                14, 
                13, 
                13, 
                13, 
                13, 
                13, 
                13, 
                12, 
                12, 
                12, 
                12, 
                11, 
                11, 
                10, 
                10, 
                10, 
                9, 
                9, 
                9, 
                9, 
                8, 
                8, 
                8, 
                8, 
                7, 
                7, 
                6, 
                6, 
                5, 
                5, 
                5, 
                5, 
                5, 
                5, 
                4, 
                4, 
                4, 
                4
            ], 
            "category_possible_values": [
                "Recoletos", 
                "Lavapi\u00e9s-Embajadores", 
                "Goya", 
                "Castellana", 
                "Chueca-Justicia", 
                "Malasa\u00f1a-Universidad", 
                "Arg\u00fcelles", 
                "Palacio", 
                "Trafalgar", 
                "Lista", 
                "Bernab\u00e9u-Hispanoam\u00e9rica", 
                "Huertas-Cortes", 
                "Cuzco-Castillejos", 
                "Conde Orgaz-Piovera", 
                "Sanchinarro", 
                "Ibiza", 
                "Almagro", 
                "Castilla", 
                "El Viso", 
                "Nueva Espa\u00f1a", 
                "Prosperidad", 
                "Arapiles", 
                "Nuevos Ministerios-R\u00edos Rosas", 
                "Sol", 
                "Cuatro Caminos", 
                "Guindalera", 
                "Las Tablas", 
                "Ventilla-Almenara", 
                "Pac\u00edfico", 
                "Costillares", 
                "Aravaca", 
                "Bellas Vistas", 
                "Fuente del Berro", 
                "Ensanche de Vallecas - La Gavia", 
                "Gaztambide", 
                "Vallehermoso", 
                "Ciudad Jard\u00edn", 
                "Jer\u00f3nimos", 
                "San Pascual", 
                "La Paz", 
                "Palos de Moguer", 
                "Pe\u00f1agrande", 
                "Rejas", 
                "Valdeacederas", 
                "Acacias", 
                "Ni\u00f1o Jes\u00fas", 
                "Valdemar\u00edn", 
                "Ciudad Universitaria", 
                "Legazpi", 
                "Concepci\u00f3n", 
                "Tres Olivos - Valverde", 
                "Somosaguas", 
                "Canillas", 
                "Adelfas", 
                "Pilar", 
                "Berruguete", 
                "San Juan Bautista", 
                "Estrella", 
                "Atalaya", 
                "Zona Avenida Europa", 
                "Simancas", 
                "Alameda de Osuna", 
                "Imperial", 
                "San Diego", 
                "Opa\u00f1el", 
                "Pueblo Nuevo", 
                "Pinar del Rey", 
                "Palomas", 
                "Prado de Somosaguas", 
                "Puerta del \u00c1ngel", 
                "Valdezarza", 
                "Ventas", 
                "Valdebebas - Valdefuentes", 
                "Delicias", 
                "Montecarmelo", 
                "Lucero", 
                "Comillas", 
                "Parque Lisboa - La Paz", 
                "Chopera", 
                "Rosas", 
                "Numancia", 
                "Zona Estaci\u00f3n", 
                "Zona Pueblo", 
                "Campo de las Naciones-Corralejos", 
                "Quintana", 
                "Mirasierra", 
                "San Isidro", 
                "Aluche", 
                "Colina", 
                "Moscard\u00f3", 
                "Horcajo", 
                "Valdebernardo - Valderribas", 
                "Vista Alegre", 
                "Campamento", 
                "Los C\u00e1rmenes", 
                "Arroyo del Fresno", 
                "Canillejas", 
                "Ambroz", 
                "Zona norte", 
                "\u00c1guilas"
            ]
        }, 
        "operation": {
            "stats": {}
        }, 
        "hasPlan": {
            "stats": {
                "mostFrequentValue": "False", 
                "leastFrequentValue": "True"
            }, 
            "category_possible_counts": [
                2273
            ], 
            "category_possible_values": [
                "False"
            ]
        }, 
        "size": {
            "stats": {
                "std": 66.27514230043282, 
                "p99": 382.7899999999995, 
                "min": 20.0, 
                "max": 565.0, 
                "average": 104.20677146311971, 
                "median": 86.0
            }, 
            "missing_impute_with_value": 104.20677146311971
        }, 
        "suggestedTexts_title": {
            "stats": {}
        }, 
        "district": {
            "stats": {
                "mostFrequentValue": "Centro", 
                "leastFrequentValue": "Las Dehesillas - Vereda de los Estudiantes"
            }, 
            "category_possible_counts": [
                525, 
                494, 
                333, 
                293, 
                216, 
                192, 
                180, 
                171, 
                152, 
                141, 
                97, 
                56, 
                48, 
                43, 
                33, 
                28, 
                26, 
                21, 
                20, 
                17, 
                17, 
                16, 
                16, 
                14, 
                13, 
                13, 
                10, 
                10, 
                9, 
                9, 
                8, 
                6, 
                5, 
                5, 
                5, 
                5, 
                4, 
                4, 
                4, 
                3, 
                3, 
                3, 
                3, 
                3, 
                3, 
                2, 
                2, 
                2, 
                2, 
                2, 
                2, 
                2, 
                2, 
                2, 
                2, 
                2, 
                1, 
                1, 
                1, 
                1, 
                1, 
                1, 
                1, 
                1
            ], 
            "category_possible_values": [
                "Centro", 
                "Salamanca", 
                "Chamart\u00edn", 
                "Chamber\u00ed", 
                "Tetu\u00e1n", 
                "Hortaleza", 
                "Moncloa", 
                "Retiro", 
                "Fuencarral", 
                "Ciudad Lineal", 
                "Arganzuela", 
                "San Blas", 
                "Carabanchel", 
                "Latina", 
                "Villa de Vallecas", 
                "Puente de Vallecas", 
                "Barajas", 
                "Encinar de los Reyes", 
                "Usera", 
                "Somosaguas", 
                "Golf - El Carralero", 
                "Zona Prado de Somosaguas - La Finca", 
                "Zona Monte el Pilar", 
                "Zona Avenida Europa", 
                "Villaverde", 
                "Vic\u00e1lvaro", 
                "Moratalaz", 
                "Parque Lisboa - La Paz", 
                "Zona Estaci\u00f3n", 
                "El Soto de la Moraleja", 
                "Zona Pueblo", 
                "Zona Carretera del Plant\u00edo", 
                "Casco Antiguo", 
                "Urbanizaciones", 
                "Ensanche", 
                "Getafe Centro", 
                "Zona norte", 
                "El Bercial", 
                "Valdepastores - Las Encinas", 
                "Zarzaquemada", 
                "Arroyo de la Vega", 
                "La Alh\u00f3ndiga", 
                "Covibar - Pablo Iglesias", 
                "Valderas - Los Castillos", 
                "Universidad", 
                "San Nicasio - Campo de Tiro - Solagua", 
                "Valdelacasa", 
                "Urb. este - Montepr\u00edncipe", 
                "Alcobendas Centro", 
                "Parque Ondarreta - Urtinsa", 
                "Prado de Santo Domingo", 
                "Fuencasa", 
                "El Carrascal", 
                "Valdepelayo - Montepinos - Arroyo Culebro", 
                "Juan de la Cierva", 
                "Getafe norte", 
                "El Puerto", 
                "Norte", 
                "Legan\u00e9s norte", 
                "El Barral Ferial", 
                "Perales del Rio", 
                "Buenavista", 
                "Rivas Urbanizaciones", 
                "Yucat\u00e1n- Las Cornisas"
            ]
        }, 
        "floor": {
            "stats": {
                "std": 2.7733431075696133, 
                "p99": 12.0, 
                "min": -1.0, 
                "max": 22.0, 
                "average": 3.19316807738815, 
                "median": 3.0
            }, 
            "missing_impute_with_value": 3.19316807738815
        }, 
        "numPhotos": {
            "stats": {}
        }, 
        "hasVideo": {
            "stats": {
                "mostFrequentValue": "False", 
                "leastFrequentValue": "True"
            }, 
            "category_possible_counts": [
                2774
            ], 
            "category_possible_values": [
                "False"
            ]
        }, 
        "latitude": {
            "stats": {}
        }, 
        "detailedType_typology": {
            "stats": {
                "mostFrequentValue": "flat", 
                "leastFrequentValue": "chalet"
            }, 
            "category_possible_counts": [
                3218
            ], 
            "category_possible_values": [
                "flat"
            ]
        }, 
        "propertyCode": {
            "stats": {}
        }, 
        "thumbnail": {
            "stats": {}
        }, 
        "province": {
            "stats": {}
        }, 
        "suggestedTexts_subtitle": {
            "stats": {}
        }, 
        "detailedType_subTypology": {
            "stats": {}
        }, 
        "parkingSpaceIncluded": {
            "stats": {}
        }, 
        "price": {
            "stats": {}
        }, 
        "address": {
            "stats": {}
        }, 
        "parkingSpacePrice": {
            "stats": {}
        }, 
        "externalReference": {
            "stats": {}
        }, 
        "distance": {
            "stats": {
                "std": 3385.1314394059023, 
                "p99": 14372.019999999999, 
                "min": 48.0, 
                "max": 14944.0, 
                "average": 4481.261487303506, 
                "median": 3388.0
            }, 
            "missing_impute_with_value": 4481.261487303506
        }, 
        "url": {
            "stats": {}
        }, 
        "country": {
            "stats": {}
        }, 
        "geopoint": {
            "stats": {}
        }, 
        "longitude": {
            "stats": {}
        }, 
        "priceByArea": {
            "stats": {}
        }, 
        "showAddress": {
            "stats": {}
        }, 
        "hasParkingSpace": {
            "missing_impute_with_value": "False", 
            "stats": {
                "mostFrequentValue": "True", 
                "leastFrequentValue": "True"
            }, 
            "category_possible_counts": [
                1111
            ], 
            "category_possible_values": [
                "True"
            ]
        }
    }, 
    "feature_order": [
        "status", 
        "has360", 
        "bathrooms", 
        "has3DTour", 
        "hasLift", 
        "propertyType", 
        "municipality", 
        "newDevelopment", 
        "rooms", 
        "exterior", 
        "neighborhood", 
        "operation", 
        "hasPlan", 
        "size", 
        "suggestedTexts_title", 
        "district", 
        "floor", 
        "numPhotos", 
        "hasVideo", 
        "latitude", 
        "detailedType_typology", 
        "propertyCode", 
        "thumbnail", 
        "province", 
        "suggestedTexts_subtitle", 
        "detailedType_subTypology", 
        "parkingSpaceIncluded", 
        "price", 
        "address", 
        "parkingSpacePrice", 
        "externalReference", 
        "distance", 
        "url", 
        "country", 
        "geopoint", 
        "longitude", 
        "priceByArea", 
        "showAddress", 
        "hasParkingSpace"
    ]
}