{
    "details": {
        "has360": {
            "levels": [
                "False"
            ], 
            "with_others": false
        }, 
        "neighborhood": {
            "levels": [
                "Recoletos", 
                "Lavapi\u00e9s-Embajadores", 
                "Goya", 
                "Castellana", 
                "Chueca-Justicia", 
                "Malasa\u00f1a-Universidad", 
                "Arg\u00fcelles", 
                "Palacio", 
                "Trafalgar", 
                "Lista", 
                "Bernab\u00e9u-Hispanoam\u00e9rica", 
                "Huertas-Cortes", 
                "Cuzco-Castillejos", 
                "Conde Orgaz-Piovera", 
                "Sanchinarro", 
                "Ibiza", 
                "Almagro", 
                "Castilla", 
                "El Viso", 
                "Nueva Espa\u00f1a", 
                "Prosperidad", 
                "Arapiles", 
                "Nuevos Ministerios-R\u00edos Rosas", 
                "Sol", 
                "Cuatro Caminos", 
                "Guindalera", 
                "Las Tablas", 
                "Ventilla-Almenara", 
                "Pac\u00edfico", 
                "Costillares", 
                "Aravaca", 
                "Bellas Vistas", 
                "Fuente del Berro", 
                "Ensanche de Vallecas - La Gavia", 
                "Gaztambide", 
                "Vallehermoso", 
                "Ciudad Jard\u00edn", 
                "Jer\u00f3nimos", 
                "San Pascual", 
                "La Paz", 
                "Palos de Moguer", 
                "Pe\u00f1agrande", 
                "Rejas", 
                "Valdeacederas", 
                "Acacias", 
                "Ni\u00f1o Jes\u00fas", 
                "Valdemar\u00edn", 
                "Ciudad Universitaria", 
                "Legazpi", 
                "Concepci\u00f3n", 
                "Tres Olivos - Valverde", 
                "Somosaguas", 
                "Canillas", 
                "Adelfas", 
                "Pilar", 
                "Berruguete", 
                "San Juan Bautista", 
                "Estrella", 
                "Atalaya", 
                "Zona Avenida Europa", 
                "Simancas", 
                "Alameda de Osuna", 
                "Imperial", 
                "San Diego", 
                "Opa\u00f1el", 
                "Pueblo Nuevo", 
                "Pinar del Rey", 
                "Palomas", 
                "Prado de Somosaguas", 
                "Puerta del \u00c1ngel", 
                "Valdezarza", 
                "Ventas", 
                "Valdebebas - Valdefuentes", 
                "Delicias", 
                "Montecarmelo", 
                "Lucero", 
                "Comillas", 
                "Parque Lisboa - La Paz", 
                "Chopera", 
                "Rosas", 
                "Numancia", 
                "Zona Estaci\u00f3n", 
                "Zona Pueblo", 
                "Campo de las Naciones-Corralejos", 
                "Quintana", 
                "Mirasierra", 
                "San Isidro", 
                "Aluche", 
                "Colina", 
                "Moscard\u00f3", 
                "Horcajo", 
                "Valdebernardo - Valderribas", 
                "Vista Alegre", 
                "Campamento", 
                "Los C\u00e1rmenes", 
                "Arroyo del Fresno", 
                "Canillejas", 
                "Ambroz", 
                "Zona norte", 
                "\u00c1guilas"
            ], 
            "with_others": false
        }, 
        "district": {
            "levels": [
                "Centro", 
                "Salamanca", 
                "Chamart\u00edn", 
                "Chamber\u00ed", 
                "Tetu\u00e1n", 
                "Hortaleza", 
                "Moncloa", 
                "Retiro", 
                "Fuencarral", 
                "Ciudad Lineal", 
                "Arganzuela", 
                "San Blas", 
                "Carabanchel", 
                "Latina", 
                "Villa de Vallecas", 
                "Puente de Vallecas", 
                "Barajas", 
                "Encinar de los Reyes", 
                "Usera", 
                "Somosaguas", 
                "Golf - El Carralero", 
                "Zona Prado de Somosaguas - La Finca", 
                "Zona Monte el Pilar", 
                "Zona Avenida Europa", 
                "Villaverde", 
                "Vic\u00e1lvaro", 
                "Moratalaz", 
                "Parque Lisboa - La Paz", 
                "Zona Estaci\u00f3n", 
                "El Soto de la Moraleja", 
                "Zona Pueblo", 
                "Zona Carretera del Plant\u00edo", 
                "Casco Antiguo", 
                "Urbanizaciones", 
                "Ensanche", 
                "Getafe Centro", 
                "Zona norte", 
                "El Bercial", 
                "Valdepastores - Las Encinas", 
                "Zarzaquemada", 
                "Arroyo de la Vega", 
                "La Alh\u00f3ndiga", 
                "Covibar - Pablo Iglesias", 
                "Valderas - Los Castillos", 
                "Universidad", 
                "San Nicasio - Campo de Tiro - Solagua", 
                "Valdelacasa", 
                "Urb. este - Montepr\u00edncipe", 
                "Alcobendas Centro", 
                "Parque Ondarreta - Urtinsa", 
                "Prado de Santo Domingo", 
                "Fuencasa", 
                "El Carrascal", 
                "Valdepelayo - Montepinos - Arroyo Culebro", 
                "Juan de la Cierva", 
                "Getafe norte", 
                "El Puerto", 
                "Norte", 
                "Legan\u00e9s norte", 
                "El Barral Ferial", 
                "Perales del Rio", 
                "Buenavista", 
                "Rivas Urbanizaciones", 
                "Yucat\u00e1n- Las Cornisas"
            ], 
            "with_others": false
        }, 
        "hasLift": {
            "levels": [
                "True"
            ], 
            "with_others": false
        }, 
        "municipality": {
            "levels": [
                "Madrid", 
                "Pozuelo de Alarc\u00f3n", 
                "Majadahonda", 
                "La Moraleja", 
                "Alcorc\u00f3n", 
                "Getafe", 
                "Legan\u00e9s", 
                "Alcobendas", 
                "Boadilla del Monte", 
                "Rivas-Vaciamadrid", 
                "San Fernando de Henares", 
                "Coslada"
            ], 
            "with_others": false
        }, 
        "hasPlan": {
            "levels": [
                "False"
            ], 
            "with_others": false
        }, 
        "hasVideo": {
            "levels": [
                "False"
            ], 
            "with_others": false
        }, 
        "hasParkingSpace": {
            "levels": [
                "True"
            ], 
            "with_others": true
        }, 
        "exterior": {
            "levels": [
                "True"
            ], 
            "with_others": false
        }, 
        "propertyType": {
            "levels": [
                "flat", 
                "penthouse", 
                "studio", 
                "duplex"
            ], 
            "with_others": false
        }, 
        "detailedType_typology": {
            "levels": [
                "flat"
            ], 
            "with_others": false
        }
    }
}