{
    "gridSize": 3, 
    "nThreads": 4, 
    "metric": "R2", 
    "gridPoints": [
        {
            "index": 0, 
            "finishedAt": 1544048757333.0, 
            "score": 0.62175373768863562, 
            "parameters": {
                "kernel": "linear", 
                "C": 1.0, 
                "gamma": "auto"
            }, 
            "time": 1104.0
        }, 
        {
            "index": 1, 
            "finishedAt": 1544048757739.0, 
            "score": 0.66639582508855333, 
            "parameters": {
                "kernel": "linear", 
                "C": 10.0, 
                "gamma": "auto"
            }, 
            "time": 1198.0
        }, 
        {
            "index": 2, 
            "finishedAt": 1544048758089.0, 
            "score": 0.6722106836011652, 
            "parameters": {
                "kernel": "linear", 
                "C": 50.0, 
                "gamma": "auto"
            }, 
            "time": 1269.0
        }
    ], 
    "startedAt": 1544048756949, 
    "nSplits": 3
}