[
    {
        "parameters": {
            "kernel": "linear", 
            "C": 50.0, 
            "gamma": "auto"
        }, 
        "score_time": 144, 
        "test_score": 0.6797693569116159, 
        "fit_time": 322, 
        "num_samples": 885, 
        "best_iteration": null, 
        "train_score": 0.6716737073288477, 
        "parameter_id": 2, 
        "time": 466, 
        "done_at": 1544048757801, 
        "grid_point_id": "{\"kernel\": \"linear\", \"C\": 50.0, \"gamma\": \"auto\"}@0"
    }, 
    {
        "parameters": {
            "kernel": "linear", 
            "C": 1.0, 
            "gamma": "auto"
        }, 
        "score_time": 139, 
        "test_score": 0.6176831562798754, 
        "fit_time": 238, 
        "num_samples": 885, 
        "best_iteration": null, 
        "train_score": 0.6369707075071682, 
        "parameter_id": 0, 
        "time": 377, 
        "done_at": 1544048757333, 
        "grid_point_id": "{\"kernel\": \"linear\", \"C\": 1.0, \"gamma\": \"auto\"}@1"
    }, 
    {
        "parameters": {
            "kernel": "linear", 
            "C": 10.0, 
            "gamma": "auto"
        }, 
        "score_time": 132, 
        "test_score": 0.6724772837910011, 
        "fit_time": 276, 
        "num_samples": 885, 
        "best_iteration": null, 
        "train_score": 0.662873736684261, 
        "parameter_id": 1, 
        "time": 408, 
        "done_at": 1544048757739, 
        "grid_point_id": "{\"kernel\": \"linear\", \"C\": 10.0, \"gamma\": \"auto\"}@2"
    }, 
    {
        "parameters": {
            "kernel": "linear", 
            "C": 1.0, 
            "gamma": "auto"
        }, 
        "score_time": 130, 
        "test_score": 0.6318264869634496, 
        "fit_time": 231, 
        "num_samples": 885, 
        "best_iteration": null, 
        "train_score": 0.6177408052010609, 
        "parameter_id": 0, 
        "time": 361, 
        "done_at": 1544048757316, 
        "grid_point_id": "{\"kernel\": \"linear\", \"C\": 1.0, \"gamma\": \"auto\"}@0"
    }, 
    {
        "parameters": {
            "kernel": "linear", 
            "C": 10.0, 
            "gamma": "auto"
        }, 
        "score_time": 187, 
        "test_score": 0.6514108867836017, 
        "fit_time": 225, 
        "num_samples": 885, 
        "best_iteration": null, 
        "train_score": 0.6870415886111907, 
        "parameter_id": 1, 
        "time": 412, 
        "done_at": 1544048757732, 
        "grid_point_id": "{\"kernel\": \"linear\", \"C\": 10.0, \"gamma\": \"auto\"}@1"
    }, 
    {
        "parameters": {
            "kernel": "linear", 
            "C": 10.0, 
            "gamma": "auto"
        }, 
        "score_time": 145, 
        "test_score": 0.6752993046910571, 
        "fit_time": 233, 
        "num_samples": 885, 
        "best_iteration": null, 
        "train_score": 0.6656256233990763, 
        "parameter_id": 1, 
        "time": 378, 
        "done_at": 1544048757346, 
        "grid_point_id": "{\"kernel\": \"linear\", \"C\": 10.0, \"gamma\": \"auto\"}@0"
    }, 
    {
        "parameters": {
            "kernel": "linear", 
            "C": 1.0, 
            "gamma": "auto"
        }, 
        "score_time": 130, 
        "test_score": 0.615751569822582, 
        "fit_time": 236, 
        "num_samples": 885, 
        "best_iteration": null, 
        "train_score": 0.6192107777416654, 
        "parameter_id": 0, 
        "time": 366, 
        "done_at": 1544048757327, 
        "grid_point_id": "{\"kernel\": \"linear\", \"C\": 1.0, \"gamma\": \"auto\"}@2"
    }, 
    {
        "parameters": {
            "kernel": "linear", 
            "C": 50.0, 
            "gamma": "auto"
        }, 
        "score_time": 153, 
        "test_score": 0.6533987324356743, 
        "fit_time": 297, 
        "num_samples": 885, 
        "best_iteration": null, 
        "train_score": 0.6944811654493935, 
        "parameter_id": 2, 
        "time": 450, 
        "done_at": 1544048757807, 
        "grid_point_id": "{\"kernel\": \"linear\", \"C\": 50.0, \"gamma\": \"auto\"}@1"
    }, 
    {
        "parameters": {
            "kernel": "linear", 
            "C": 50.0, 
            "gamma": "auto"
        }, 
        "score_time": 110, 
        "test_score": 0.6834639614562052, 
        "fit_time": 243, 
        "num_samples": 885, 
        "best_iteration": null, 
        "train_score": 0.6698080469528943, 
        "parameter_id": 2, 
        "time": 353, 
        "done_at": 1544048758089, 
        "grid_point_id": "{\"kernel\": \"linear\", \"C\": 50.0, \"gamma\": \"auto\"}@2"
    }
]