{
    "usedGridSearch": true, 
    "gridSize": 3, 
    "modelInputNRows": 2655, 
    "modelInputNCols": 38, 
    "modelInputMemory": 807120, 
    "gridCells": [
        {
            "scoreTimeStd": 0.0042426406871192892, 
            "scoreTime": 0.13300000000000001, 
            "fitTime": 0.23499999999999999, 
            "score": 0.62175373768863562, 
            "params": {
                "kernel": "linear", 
                "C": 1.0, 
                "gamma": "auto"
            }, 
            "fitTimeStd": 0.002943920288775939, 
            "scoreStd": 0.0071660293526912286
        }, 
        {
            "scoreTimeStd": 0.023471022323045258, 
            "scoreTime": 0.15466666666666665, 
            "fitTime": 0.24466666666666667, 
            "score": 0.66639582508855322, 
            "params": {
                "kernel": "linear", 
                "C": 10.0, 
                "gamma": "auto"
            }, 
            "fitTimeStd": 0.022395436042987774, 
            "scoreStd": 0.010658399895309272
        }, 
        {
            "scoreTimeStd": 0.018517259216441533, 
            "scoreTime": 0.13566666666666666, 
            "fitTime": 0.28733333333333333, 
            "score": 0.6722106836011652, 
            "params": {
                "kernel": "linear", 
                "C": 50.0, 
                "gamma": "auto"
            }, 
            "fitTimeStd": 0.032967997950874864, 
            "scoreStd": 0.013387298848157911
        }
    ], 
    "gridBestScore": 0.6722106836011652, 
    "modelInputIsSparse": false
}