{
    "metrics": {
        "rmse": 488.46497345435284, 
        "pearson": 0.81454861991377192, 
        "mae": 327.2316346393203, 
        "r2": 0.64832745990174101, 
        "mape": 0.20101534920561415, 
        "mse": 238598.03029176165, 
        "evs": 0.66337444050229943, 
        "rmsle": 0.29224715016883784
    }, 
    "scatterPlotData": {
        "y": [
            1573.0572, 
            1805.6839, 
            1889.6754, 
            1433.9084, 
            879.4744, 
            1568.8243, 
            1476.3084, 
            1173.7506, 
            1431.0724, 
            2252.8603, 
            1213.4545, 
            938.9153, 
            1385.6638, 
            1163.6957, 
            1279.1276, 
            2868.2545, 
            1892.5965, 
            1070.9141, 
            2160.1488, 
            847.5849, 
            2214.8878, 
            1185.3009, 
            1102.3165, 
            2216.2105, 
            1929.8632, 
            1115.0999, 
            1098.0604, 
            1765.2696, 
            2659.7231, 
            950.3553, 
            1481.9274, 
            3168.2747, 
            1031.6672, 
            1969.0196, 
            1076.3089, 
            1564.2307, 
            1982.2501, 
            1321.0661, 
            1514.8319, 
            1674.2188, 
            1817.3603, 
            888.5324, 
            1256.4072, 
            1427.8328, 
            1473.3322, 
            684.5769, 
            971.7966, 
            2948.1526, 
            2350.1924, 
            2778.1157, 
            1329.7957, 
            2383.8408, 
            1111.7219, 
            3767.5961, 
            890.2022, 
            1275.7496, 
            1751.2232, 
            1277.4386, 
            3045.9698, 
            1077.2142, 
            2453.3136, 
            941.388, 
            923.4228, 
            905.4033, 
            1069.5529, 
            1270.0949, 
            775.4825, 
            2037.7852, 
            1621.0605, 
            2040.7314, 
            1792.8714, 
            1940.1979, 
            4283.7218, 
            1736.7346, 
            1901.7343, 
            1149.2798, 
            1411.2781, 
            941.388, 
            1346.0891, 
            2234.4625, 
            788.8239, 
            931.8679, 
            854.1702, 
            2758.2711, 
            1182.8282, 
            1105.4306, 
            1006.1354, 
            973.9153, 
            1029.9782, 
            1024.1275, 
            934.5263, 
            1231.3038, 
            1864.8999, 
            1535.6285, 
            1470.625, 
            905.4033, 
            1648.3552, 
            676.3103, 
            2633.0221, 
            1693.3988, 
            1600.9749, 
            1051.3757, 
            2058.9236, 
            1609.5654, 
            1706.966, 
            907.876, 
            1225.0704, 
            1068.9339, 
            1679.4314, 
            1809.1519, 
            1102.7735, 
            957.9497, 
            1679.5218, 
            2444.1757, 
            3022.1647, 
            1367.8637, 
            2618.1315, 
            1170.5018, 
            2342.2143, 
            934.3406, 
            943.289, 
            1031.6672, 
            2650.8662, 
            1540.7119, 
            1002.0689, 
            747.329, 
            1757.9618, 
            755.175, 
            1503.8594, 
            934.1608, 
            1601.8389, 
            2506.448, 
            3111.3573, 
            1402.0804, 
            891.3878, 
            804.316, 
            1997.0277, 
            1342.6942, 
            943.289, 
            1573.4616, 
            1470.8348, 
            1012.3236, 
            1215.2391, 
            794.3526, 
            850.4155, 
            1449.2496, 
            4475.6218, 
            1852.0092, 
            3297.626, 
            1197.7965, 
            1176.1079, 
            1621.0605, 
            1402.2259, 
            974.1159, 
            1682.4815, 
            1145.921, 
            1625.3606, 
            864.2851, 
            1344.474, 
            866.4435, 
            1603.4776, 
            1324.9547, 
            2245.8719, 
            1314.9729, 
            1222.7847, 
            3546.2084, 
            1433.6835, 
            2625.1245, 
            1628.8059, 
            2613.8142, 
            2041.7649, 
            1710.7806, 
            1181.5951, 
            1358.3439, 
            1005.2813, 
            1811.5782, 
            1038.478, 
            955.7381, 
            991.9348, 
            945.7617, 
            1560.8527, 
            1026.6741, 
            986.2417, 
            766.4303, 
            1046.7106, 
            1022.0806, 
            2070.0758, 
            1015.3738, 
            3267.9125, 
            981.9584, 
            945.7617, 
            1541.4074, 
            1346.7824, 
            1854.242, 
            1076.3089, 
            1156.2031, 
            1619.7581, 
            1708.4726, 
            1676.4489, 
            807.4628, 
            895.2885, 
            974.8206, 
            854.0055, 
            844.9552, 
            911.4543, 
            1049.2134, 
            1098.7025, 
            4475.6218, 
            970.4546, 
            2385.9543, 
            1728.9578, 
            1209.0804, 
            1857.816, 
            835.6164, 
            1001.5954, 
            802.627, 
            1465.7377, 
            1583.3919, 
            904.7174, 
            994.4744, 
            2089.7056, 
            1049.8322, 
            898.2894, 
            1933.8602, 
            1397.6209, 
            3860.8446, 
            1349.978, 
            1115.0999, 
            1897.7185, 
            638.9468, 
            933.1742, 
            2207.4753, 
            1501.7889, 
            1541.9716, 
            1561.4905, 
            1200.793, 
            1527.8113, 
            1476.6363, 
            1577.3241, 
            812.9065, 
            1167.1238, 
            783.7569, 
            1157.5864, 
            1088.4969, 
            973.1316, 
            1094.5232, 
            942.3837, 
            839.0244, 
            2214.8878, 
            1285.6525, 
            1220.8047, 
            776.1755, 
            1189.3719, 
            2041.873, 
            1031.5764, 
            1539.9909, 
            1548.9746, 
            1004.9898, 
            687.0496, 
            1908.5326, 
            1343.4597, 
            861.5452, 
            791.1319, 
            2054.2733, 
            3332.3311, 
            1461.8371, 
            1006.6436, 
            1445.4146, 
            1114.1946, 
            2843.7421, 
            1176.1079, 
            1177.4526, 
            958.7811, 
            2440.7261, 
            4476.217, 
            997.0018, 
            1967.4791, 
            837.9983, 
            1120.0093, 
            2573.0173, 
            944.0727, 
            1753.1724, 
            2729.6265, 
            1501.4118, 
            2249.8295, 
            730.0024, 
            1404.6078, 
            880.2581, 
            1804.6988, 
            1969.1681, 
            2485.0579, 
            1463.6469, 
            862.0809, 
            1163.6206, 
            1265.3557, 
            1553.9512, 
            1033.3562, 
            755.774, 
            1419.0791, 
            1513.5999, 
            1535.155, 
            844.0499, 
            803.6915, 
            1404.1355, 
            739.6437, 
            2216.4062, 
            1411.3639, 
            3694.8554, 
            1783.2902, 
            1087.4269, 
            1759.1282, 
            1322.0804, 
            1721.8063, 
            3262.2148, 
            1141.5645, 
            1059.6916, 
            1506.4788, 
            2664.1355, 
            931.8314, 
            720.2587, 
            1396.0173, 
            1072.9309, 
            961.2538, 
            1086.2853, 
            1944.6171, 
            4785.8247, 
            1210.6457, 
            838.9944, 
            1158.4178, 
            1564.3358, 
            918.3011, 
            1726.0484, 
            136.706, 
            1301.6671, 
            1504.7898, 
            902.0253, 
            1478.2345, 
            1484.281, 
            1358.2771, 
            965.3133, 
            1331.2899, 
            1216.2866, 
            862.0809, 
            1613.0424, 
            1303.2103, 
            1348.289, 
            1792.8714, 
            757.3607, 
            1418.7024, 
            997.1363, 
            1738.6194, 
            1049.6867, 
            2504.4386, 
            1145.7262, 
            783.7569, 
            1871.8014, 
            872.7184, 
            1086.734, 
            1136.6787, 
            2839.1788, 
            1281.8127, 
            1876.0973, 
            979.2733, 
            1135.8321, 
            1639.2377, 
            1326.7455, 
            1026.6001, 
            1309.7905, 
            2234.4625, 
            2505.9985, 
            1535.1182, 
            938.2412, 
            1364.3402, 
            1295.8665, 
            754.3482, 
            1162.9624, 
            813.5255, 
            1305.6641, 
            1431.9945, 
            2007.183, 
            1978.9589, 
            1142.3482, 
            1501.9756, 
            2093.8317, 
            964.4746, 
            1687.0776, 
            1372.7785, 
            2306.8008, 
            808.3681, 
            845.2519, 
            768.8605, 
            1662.2507, 
            1410.2534, 
            992.1472, 
            945.7617, 
            1826.1636, 
            1986.8802, 
            934.8632, 
            1484.2608, 
            1480.0143, 
            1495.1785, 
            1389.8087, 
            3479.6492, 
            939.911, 
            1353.1083, 
            2424.1228, 
            1905.4943, 
            1068.7692, 
            1220.3478, 
            1145.7262, 
            914.997, 
            782.7608, 
            1522.0449, 
            1010.8049, 
            1491.1815, 
            1091.3159, 
            1521.643, 
            1313.4044, 
            1491.1076, 
            1691.7098, 
            1458.4591, 
            1501.7889, 
            1878.7769, 
            1389.9471, 
            1334.1945, 
            1048.998, 
            981.6306, 
            894.0612, 
            1079.8324, 
            1300.8283, 
            1446.6861, 
            950.6711, 
            1066.1033, 
            1016.1751, 
            940.0894, 
            2055.6761, 
            1117.6274, 
            838.9944, 
            1059.8207, 
            1152.6278, 
            2375.0529, 
            968.0098, 
            1050.592, 
            1648.3552, 
            790.9746, 
            881.6309, 
            1793.4904, 
            1264.8987, 
            1264.6867, 
            1694.5703, 
            1307.4825, 
            785.7506, 
            753.9942, 
            983.0421, 
            2841.8339, 
            922.5175, 
            718.5697, 
            1625.153, 
            1636.5691, 
            868.3685, 
            1228.2537, 
            831.7766, 
            1260.2386, 
            1531.4682, 
            1954.7471, 
            977.4689, 
            1584.6075, 
            825.009, 
            1269.8442, 
            1783.7335, 
            1482.9188, 
            2042.8019, 
            2408.5399, 
            1466.3582, 
            727.3499, 
            3143.7868, 
            668.7706, 
            1267.8284, 
            163.1706, 
            2207.4753, 
            1097.6157, 
            1060.7261, 
            1314.6314, 
            1123.3873, 
            1627.3595, 
            888.8486, 
            1031.029, 
            1024.1466, 
            2844.9074, 
            1183.2841, 
            1818.4115, 
            1162.2691, 
            1422.785, 
            1880.9026, 
            1833.1556, 
            1421.8605, 
            2030.3213, 
            972.4236, 
            1029.1945, 
            1359.9661, 
            1816.1369, 
            1371.5579, 
            1975.8958, 
            1657.6316, 
            1804.766, 
            2154.061, 
            1978.7512, 
            994.3864, 
            871.9703, 
            1420.7682, 
            2686.0968, 
            931.8679, 
            749.7109, 
            2164.1948, 
            1108.6543, 
            630.8849, 
            1183.6119, 
            843.2662, 
            1255.0816, 
            1118.3203, 
            845.8333, 
            751.6119, 
            2190.4944, 
            764.9005, 
            3110.7143, 
            1878.7769, 
            1464.7581, 
            1008.423, 
            1942.7258, 
            1367.7182, 
            1346.3254, 
            1594.5959, 
            1019.3955, 
            1892.8458, 
            950.9742, 
            845.9624, 
            2576.2702, 
            1065.3912, 
            1755.7023, 
            873.6593, 
            742.0334, 
            1012.2397, 
            1948.5925, 
            1362.6895, 
            1636.5691, 
            1081.3657, 
            1389.9471, 
            2056.1447, 
            962.9428, 
            1393.3075, 
            2314.5128, 
            940.6947, 
            1998.9592, 
            1003.0398, 
            847.7052, 
            972.2263, 
            2328.6332, 
            1346.0891, 
            1348.4714, 
            952.3601, 
            2275.3984, 
            1508.6905, 
            1029.1945, 
            2442.3411, 
            946.8317, 
            918.3011, 
            815.684, 
            2144.3406, 
            575.518, 
            1829.7776, 
            1428.088, 
            1950.1912, 
            1041.6436, 
            1103.2458, 
            1594.2188, 
            831.1521, 
            1829.4387, 
            1967.4791, 
            3264.876, 
            3084.329, 
            1568.0405, 
            928.8716, 
            1229.0476, 
            1335.1905, 
            1127.5269, 
            1678.4353, 
            1525.0878, 
            2133.3516, 
            805.1685, 
            1577.7607, 
            1767.5733, 
            983.0421, 
            750.6162, 
            885.2449, 
            1215.7374, 
            1655.0456, 
            3009.9212, 
            722.4626, 
            2025.0576, 
            681.1989, 
            1145.7262, 
            951.6672, 
            1351.4259, 
            1151.6317, 
            930.5056, 
            1054.7537, 
            1149.6076, 
            1016.868, 
            1604.4984, 
            940.6947, 
            532.1055, 
            2461.2112, 
            1095.2338, 
            890.2214, 
            947.4507, 
            1582.1851, 
            966.4663, 
            717.786, 
            1412.5054, 
            4909.4556, 
            1928.3098, 
            1255.8838, 
            1170.6531, 
            1252.7134, 
            894.3639, 
            1075.3128, 
            937.0804, 
            1841.3278, 
            936.7114, 
            1077.3887, 
            3225.3466, 
            1173.3378, 
            1565.9197, 
            652.7814, 
            1715.3918, 
            913.308, 
            1109.1276, 
            1629.651, 
            1648.3552, 
            1674.2188, 
            1942.7258, 
            1526.71, 
            3081.6439, 
            1132.8448, 
            790.3441, 
            1087.2446, 
            3011.6076, 
            1010.8053, 
            944.0727, 
            2222.9975, 
            995.3128, 
            1554.1871, 
            1292.9307, 
            1677.1693, 
            1393.6353, 
            783.6114, 
            1668.1057, 
            1674.9118, 
            1235.5371, 
            2519.8015, 
            1127.1829, 
            1679.8918, 
            2396.0843, 
            1500.7928
        ], 
        "x": [
            1700.0, 
            1500.0, 
            1900.0, 
            1202.0, 
            1150.0, 
            1550.0, 
            3400.0, 
            1200.0, 
            1600.0, 
            3500.0, 
            850.0, 
            600.0, 
            1200.0, 
            800.0, 
            1400.0, 
            3500.0, 
            1800.0, 
            725.0, 
            3645.0, 
            1000.0, 
            2400.0, 
            1500.0, 
            920.0, 
            1400.0, 
            2900.0, 
            1000.0, 
            1100.0, 
            1650.0, 
            3600.0, 
            1100.0, 
            3240.0, 
            2400.0, 
            850.0, 
            2000.0, 
            1250.0, 
            2200.0, 
            3105.0, 
            950.0, 
            1700.0, 
            1650.0, 
            2300.0, 
            850.0, 
            1125.0, 
            1200.0, 
            1000.0, 
            750.0, 
            900.0, 
            3800.0, 
            2150.0, 
            2950.0, 
            1700.0, 
            2300.0, 
            925.0, 
            2600.0, 
            1300.0, 
            1200.0, 
            1300.0, 
            1100.0, 
            2850.0, 
            900.0, 
            2400.0, 
            1200.0, 
            1200.0, 
            950.0, 
            1350.0, 
            1650.0, 
            800.0, 
            2100.0, 
            1350.0, 
            1800.0, 
            1650.0, 
            3500.0, 
            3850.0, 
            1850.0, 
            2400.0, 
            900.0, 
            2845.0, 
            975.0, 
            770.0, 
            3000.0, 
            900.0, 
            800.0, 
            680.0, 
            2800.0, 
            1250.0, 
            800.0, 
            2600.0, 
            900.0, 
            1000.0, 
            850.0, 
            1600.0, 
            1500.0, 
            1850.0, 
            1500.0, 
            1350.0, 
            950.0, 
            1300.0, 
            650.0, 
            2600.0, 
            1400.0, 
            1900.0, 
            785.0, 
            1550.0, 
            1250.0, 
            3300.0, 
            700.0, 
            2400.0, 
            1060.0, 
            1500.0, 
            1910.0, 
            1100.0, 
            1400.0, 
            1200.0, 
            2650.0, 
            3000.0, 
            1240.0, 
            2800.0, 
            1500.0, 
            2800.0, 
            1150.0, 
            1000.0, 
            900.0, 
            1950.0, 
            1800.0, 
            1200.0, 
            1090.0, 
            3000.0, 
            1900.0, 
            2400.0, 
            1200.0, 
            1750.0, 
            3000.0, 
            4000.0, 
            1250.0, 
            1000.0, 
            700.0, 
            2000.0, 
            975.0, 
            825.0, 
            1100.0, 
            1300.0, 
            950.0, 
            1500.0, 
            750.0, 
            850.0, 
            1250.0, 
            4000.0, 
            2200.0, 
            4000.0, 
            900.0, 
            1200.0, 
            1350.0, 
            1300.0, 
            1150.0, 
            1580.0, 
            1300.0, 
            1900.0, 
            900.0, 
            1250.0, 
            650.0, 
            1300.0, 
            1400.0, 
            2400.0, 
            1500.0, 
            1100.0, 
            3500.0, 
            1390.0, 
            3400.0, 
            1950.0, 
            3700.0, 
            1550.0, 
            1650.0, 
            1600.0, 
            1150.0, 
            900.0, 
            1399.0, 
            1000.0, 
            675.0, 
            650.0, 
            800.0, 
            1400.0, 
            1130.0, 
            1300.0, 
            900.0, 
            850.0, 
            900.0, 
            2500.0, 
            1300.0, 
            4000.0, 
            950.0, 
            850.0, 
            1275.0, 
            1400.0, 
            1600.0, 
            1250.0, 
            1035.0, 
            1250.0, 
            1690.0, 
            1850.0, 
            850.0, 
            950.0, 
            850.0, 
            700.0, 
            900.0, 
            1800.0, 
            1600.0, 
            1600.0, 
            4000.0, 
            950.0, 
            2700.0, 
            2700.0, 
            1590.0, 
            2700.0, 
            575.0, 
            1300.0, 
            1500.0, 
            1260.0, 
            1600.0, 
            1150.0, 
            850.0, 
            2000.0, 
            1400.0, 
            690.0, 
            1700.0, 
            1400.0, 
            2500.0, 
            1890.0, 
            1200.0, 
            1850.0, 
            720.0, 
            900.0, 
            1150.0, 
            1350.0, 
            1350.0, 
            1250.0, 
            1000.0, 
            1900.0, 
            1400.0, 
            1600.0, 
            800.0, 
            850.0, 
            900.0, 
            1250.0, 
            1100.0, 
            1100.0, 
            1500.0, 
            1100.0, 
            950.0, 
            2400.0, 
            700.0, 
            1700.0, 
            750.0, 
            900.0, 
            1865.0, 
            700.0, 
            1590.0, 
            900.0, 
            1100.0, 
            650.0, 
            2600.0, 
            1400.0, 
            800.0, 
            850.0, 
            1850.0, 
            2800.0, 
            1500.0, 
            850.0, 
            1400.0, 
            1550.0, 
            3300.0, 
            1200.0, 
            1355.0, 
            750.0, 
            3200.0, 
            3900.0, 
            1050.0, 
            2000.0, 
            875.0, 
            850.0, 
            3450.0, 
            725.0, 
            1100.0, 
            3200.0, 
            1490.0, 
            2500.0, 
            625.0, 
            1425.0, 
            790.0, 
            1700.0, 
            3240.0, 
            2700.0, 
            1500.0, 
            730.0, 
            1400.0, 
            1500.0, 
            1300.0, 
            995.0, 
            600.0, 
            2800.0, 
            1900.0, 
            1430.0, 
            750.0, 
            895.0, 
            1575.0, 
            800.0, 
            1950.0, 
            1400.0, 
            3000.0, 
            1800.0, 
            1375.0, 
            2200.0, 
            1100.0, 
            1100.0, 
            3500.0, 
            1170.0, 
            1200.0, 
            1950.0, 
            3700.0, 
            810.0, 
            650.0, 
            1425.0, 
            900.0, 
            1250.0, 
            1100.0, 
            1700.0, 
            3975.0, 
            1400.0, 
            1200.0, 
            2470.0, 
            1600.0, 
            1045.0, 
            3700.0, 
            1300.0, 
            2995.0, 
            2100.0, 
            850.0, 
            1850.0, 
            1100.0, 
            1500.0, 
            750.0, 
            800.0, 
            1100.0, 
            725.0, 
            3300.0, 
            835.0, 
            950.0, 
            1700.0, 
            750.0, 
            730.0, 
            1500.0, 
            2700.0, 
            1750.0, 
            3300.0, 
            900.0, 
            900.0, 
            1600.0, 
            650.0, 
            1100.0, 
            995.0, 
            2700.0, 
            1500.0, 
            1300.0, 
            1200.0, 
            1850.0, 
            1950.0, 
            1250.0, 
            1100.0, 
            1450.0, 
            3000.0, 
            2450.0, 
            1850.0, 
            1000.0, 
            1250.0, 
            1800.0, 
            1100.0, 
            995.0, 
            1200.0, 
            1300.0, 
            1100.0, 
            3850.0, 
            3200.0, 
            1100.0, 
            1500.0, 
            3950.0, 
            1300.0, 
            1100.0, 
            1200.0, 
            3000.0, 
            850.0, 
            680.0, 
            1000.0, 
            1900.0, 
            1400.0, 
            1200.0, 
            650.0, 
            1935.0, 
            2350.0, 
            950.0, 
            1500.0, 
            1400.0, 
            1900.0, 
            1000.0, 
            3800.0, 
            990.0, 
            1566.0, 
            3000.0, 
            3900.0, 
            1650.0, 
            1200.0, 
            900.0, 
            820.0, 
            750.0, 
            1800.0, 
            780.0, 
            2100.0, 
            1300.0, 
            1800.0, 
            1300.0, 
            1400.0, 
            1650.0, 
            1400.0, 
            1350.0, 
            2500.0, 
            1250.0, 
            870.0, 
            1200.0, 
            890.0, 
            750.0, 
            980.0, 
            950.0, 
            2000.0, 
            850.0, 
            700.0, 
            1300.0, 
            980.0, 
            3100.0, 
            1600.0, 
            550.0, 
            900.0, 
            950.0, 
            1975.0, 
            810.0, 
            1100.0, 
            1300.0, 
            650.0, 
            800.0, 
            1865.0, 
            950.0, 
            995.0, 
            3780.0, 
            1250.0, 
            900.0, 
            850.0, 
            1090.0, 
            2700.0, 
            800.0, 
            650.0, 
            1400.0, 
            950.0, 
            800.0, 
            1500.0, 
            1300.0, 
            2430.0, 
            1100.0, 
            2700.0, 
            900.0, 
            1300.0, 
            700.0, 
            1130.0, 
            3000.0, 
            1067.0, 
            1650.0, 
            2350.0, 
            3630.0, 
            810.0, 
            3990.0, 
            1100.0, 
            1100.0, 
            1400.0, 
            2900.0, 
            795.0, 
            1300.0, 
            1300.0, 
            1350.0, 
            1500.0, 
            900.0, 
            900.0, 
            950.0, 
            2499.0, 
            1490.0, 
            1980.0, 
            1390.0, 
            1500.0, 
            2450.0, 
            2300.0, 
            1390.0, 
            2600.0, 
            1150.0, 
            980.0, 
            1700.0, 
            2700.0, 
            800.0, 
            2600.0, 
            1500.0, 
            2300.0, 
            3000.0, 
            1690.0, 
            1900.0, 
            1200.0, 
            1300.0, 
            1900.0, 
            1000.0, 
            850.0, 
            1900.0, 
            750.0, 
            780.0, 
            1400.0, 
            1300.0, 
            1200.0, 
            1150.0, 
            890.0, 
            850.0, 
            2600.0, 
            975.0, 
            2800.0, 
            1650.0, 
            1700.0, 
            950.0, 
            1950.0, 
            1250.0, 
            745.0, 
            1450.0, 
            900.0, 
            950.0, 
            900.0, 
            690.0, 
            3000.0, 
            950.0, 
            1900.0, 
            750.0, 
            770.0, 
            1500.0, 
            3100.0, 
            1500.0, 
            950.0, 
            800.0, 
            1400.0, 
            2000.0, 
            630.0, 
            1100.0, 
            3500.0, 
            1380.0, 
            2700.0, 
            1000.0, 
            657.0, 
            740.0, 
            2700.0, 
            790.0, 
            1650.0, 
            745.0, 
            2100.0, 
            2650.0, 
            875.0, 
            1950.0, 
            1000.0, 
            1045.0, 
            800.0, 
            1950.0, 
            520.0, 
            1350.0, 
            1100.0, 
            2500.0, 
            850.0, 
            1099.0, 
            1950.0, 
            780.0, 
            2350.0, 
            2000.0, 
            3500.0, 
            3700.0, 
            1700.0, 
            815.0, 
            1275.0, 
            915.0, 
            1300.0, 
            2300.0, 
            1600.0, 
            1900.0, 
            980.0, 
            1700.0, 
            1450.0, 
            1000.0, 
            585.0, 
            1050.0, 
            1250.0, 
            1900.0, 
            2900.0, 
            600.0, 
            2900.0, 
            650.0, 
            950.0, 
            800.0, 
            1390.0, 
            900.0, 
            1000.0, 
            750.0, 
            1700.0, 
            1500.0, 
            1900.0, 
            890.0, 
            800.0, 
            2300.0, 
            1200.0, 
            699.0, 
            1000.0, 
            1850.0, 
            850.0, 
            680.0, 
            1300.0, 
            3500.0, 
            1650.0, 
            990.0, 
            1150.0, 
            1100.0, 
            800.0, 
            1100.0, 
            1300.0, 
            2800.0, 
            750.0, 
            1150.0, 
            3950.0, 
            850.0, 
            1100.0, 
            1500.0, 
            1800.0, 
            850.0, 
            1700.0, 
            2650.0, 
            1300.0, 
            1600.0, 
            1950.0, 
            975.0, 
            4000.0, 
            850.0, 
            815.0, 
            1800.0, 
            3800.0, 
            900.0, 
            900.0, 
            3600.0, 
            960.0, 
            1250.0, 
            820.0, 
            1500.0, 
            1240.0, 
            800.0, 
            3105.0, 
            2200.0, 
            1000.0, 
            2300.0, 
            850.0, 
            2970.0, 
            2100.0, 
            1450.0
        ]
    }, 
    "processed_feature_names": [
        "bathrooms", 
        "floor", 
        "rooms", 
        "size", 
        "dummy:has360:False", 
        "dummy:has360:True", 
        "dummy:has360:N/A", 
        "dummy:has360:__Others__", 
        "dummy:hasLift:True", 
        "dummy:hasLift:False", 
        "dummy:hasLift:N/A", 
        "dummy:hasLift:__Others__", 
        "dummy:propertyType:flat", 
        "dummy:propertyType:penthouse", 
        "dummy:propertyType:studio", 
        "dummy:propertyType:duplex", 
        "dummy:propertyType:chalet", 
        "dummy:propertyType:N/A", 
        "dummy:propertyType:__Others__", 
        "dummy:exterior:True", 
        "dummy:exterior:False", 
        "dummy:exterior:N/A", 
        "dummy:exterior:__Others__", 
        "dummy:hasPlan:False", 
        "dummy:hasPlan:True", 
        "dummy:hasPlan:N/A", 
        "dummy:hasPlan:__Others__", 
        "dummy:hasVideo:False", 
        "dummy:hasVideo:True", 
        "dummy:hasVideo:N/A", 
        "dummy:hasVideo:__Others__", 
        "dummy:detailedType_typology:flat", 
        "dummy:detailedType_typology:chalet", 
        "dummy:detailedType_typology:N/A", 
        "dummy:detailedType_typology:__Others__", 
        "dummy:hasParkingSpace:True", 
        "dummy:hasParkingSpace:N/A", 
        "dummy:hasParkingSpace:__Others__"
    ], 
    "regression_performance": {
        "max_error": 1472.3824084928046, 
        "median_error": 2.675697905567972, 
        "error_distribution": [
            {
                "count": 41, 
                "bin_max": -462.859111601216, 
                "bin_id": 0, 
                "bin_min": -680.03621552287836
            }, 
            {
                "count": 72, 
                "bin_max": -247.83227603521368, 
                "bin_id": 1, 
                "bin_min": -462.859111601216
            }, 
            {
                "count": 187, 
                "bin_max": -32.805440469211362, 
                "bin_id": 2, 
                "bin_min": -247.83227603521368
            }, 
            {
                "count": 160, 
                "bin_max": 182.22139509679096, 
                "bin_id": 3, 
                "bin_min": -32.805440469211362
            }, 
            {
                "count": 79, 
                "bin_max": 397.24823066279328, 
                "bin_id": 4, 
                "bin_min": 182.22139509679096
            }, 
            {
                "count": 44, 
                "bin_max": 612.27506622879559, 
                "bin_id": 5, 
                "bin_min": 397.24823066279328
            }, 
            {
                "count": 25, 
                "bin_max": 827.30190179479791, 
                "bin_id": 6, 
                "bin_min": 612.27506622879559
            }, 
            {
                "count": 20, 
                "bin_max": 1042.3287373608002, 
                "bin_id": 7, 
                "bin_min": 827.30190179479791
            }, 
            {
                "count": 15, 
                "bin_max": 1257.3555729268026, 
                "bin_id": 8, 
                "bin_min": 1042.3287373608002
            }, 
            {
                "count": 21, 
                "bin_max": 1472.3824084928046, 
                "bin_id": 9, 
                "bin_min": 1257.3555729268026
            }
        ], 
        "min_error": -677.88594716721832, 
        "average_error": 98.76489038731953, 
        "std_error": 443.8919953619992, 
        "p75_error": 275.12381589207746, 
        "p90_error": 709.6410004369927, 
        "p25_error": -171.3207452873965
    }
}