{
  "state": "DONE",
  "preSearchDescription": {
    "gridLength": 3,
    "importantParams": [
      {
        "name": "kernel",
        "vals": [
          "linear"
        ]
      },
      {
        "name": "C",
        "vals": [
          "1.0",
          "10.0",
          "50.0"
        ]
      },
      {
        "name": "gamma",
        "vals": [
          "0.0"
        ]
      }
    ]
  },
  "postSearchDescription": {
    "importantParams": [
      {
        "name": "kernel",
        "val": "linear"
      },
      {
        "name": "C",
        "val": "50.0"
      },
      {
        "name": "gamma",
        "val": "0.0"
      }
    ]
  },
  "sampleWeightsEnabled": false,
  "modelId": "m1",
  "progress": {
    "top_level_todo": [],
    "stack": [],
    "top_level_done": [
      {
        "name": "Loading train set",
        "time": 26
      },
      {
        "name": "Loading test set",
        "time": 11
      },
      {
        "name": "Collecting statistics",
        "time": 17
      },
      {
        "name": "Preprocessing train set",
        "time": 41
      },
      {
        "name": "Preprocessing test set",
        "time": 23
      },
      {
        "name": "Grid searching",
        "time": 2017
      },
      {
        "name": "Fitting model",
        "time": 488
      },
      {
        "name": "Saving model",
        "time": 2
      },
      {
        "name": "Scoring model",
        "time": 66
      }
    ]
  },
  "startTime": 1544048756822,
  "endTime": 1544048759515,
  "preprocessingTime": 119,
  "trainingTime": 2574
}