{
    "gridSize": 3, 
    "nThreads": 4, 
    "metric": "R2", 
    "gridPoints": [
        {
            "index": 0, 
            "finishedAt": 1544048755154.0, 
            "score": 0.67819300434437024, 
            "parameters": {
                "alpha": 0.1
            }, 
            "time": 13.0
        }, 
        {
            "index": 1, 
            "finishedAt": 1544048755167.0, 
            "score": 0.59886164555619503, 
            "parameters": {
                "alpha": 1.0
            }, 
            "time": 18.0
        }, 
        {
            "index": 2, 
            "finishedAt": 1544048755144.0, 
            "score": 0.4672810294447079, 
            "parameters": {
                "alpha": 3.0
            }, 
            "time": 24.0
        }
    ], 
    "startedAt": 1544048755121, 
    "nSplits": 3
}