[
    {
        "parameters": {
            "alpha": 3.0
        }, 
        "score_time": 4, 
        "test_score": 0.4699183668118371, 
        "fit_time": 4, 
        "num_samples": 885, 
        "best_iteration": null, 
        "train_score": 0.4613246145531007, 
        "parameter_id": 2, 
        "time": 8, 
        "done_at": 1544048755139, 
        "grid_point_id": "{\"alpha\": 3.0}@0"
    }, 
    {
        "parameters": {
            "alpha": 0.1
        }, 
        "score_time": 2, 
        "test_score": 0.6512748179458184, 
        "fit_time": 3, 
        "num_samples": 885, 
        "best_iteration": null, 
        "train_score": 0.6997446364508496, 
        "parameter_id": 0, 
        "time": 5, 
        "done_at": 1544048755150, 
        "grid_point_id": "{\"alpha\": 0.1}@1"
    }, 
    {
        "parameters": {
            "alpha": 1.0
        }, 
        "score_time": 1, 
        "test_score": 0.5944622159245144, 
        "fit_time": 5, 
        "num_samples": 885, 
        "best_iteration": null, 
        "train_score": 0.5964737368889707, 
        "parameter_id": 1, 
        "time": 6, 
        "done_at": 1544048755167, 
        "grid_point_id": "{\"alpha\": 1.0}@2"
    }, 
    {
        "parameters": {
            "alpha": 0.1
        }, 
        "score_time": 2, 
        "test_score": 0.6922098425457286, 
        "fit_time": 4, 
        "num_samples": 885, 
        "best_iteration": null, 
        "train_score": 0.6789713559887937, 
        "parameter_id": 0, 
        "time": 6, 
        "done_at": 1544048755149, 
        "grid_point_id": "{\"alpha\": 0.1}@0"
    }, 
    {
        "parameters": {
            "alpha": 1.0
        }, 
        "score_time": 1, 
        "test_score": 0.5942624785551539, 
        "fit_time": 5, 
        "num_samples": 885, 
        "best_iteration": null, 
        "train_score": 0.6188910214887839, 
        "parameter_id": 1, 
        "time": 6, 
        "done_at": 1544048755167, 
        "grid_point_id": "{\"alpha\": 1.0}@1"
    }, 
    {
        "parameters": {
            "alpha": 1.0
        }, 
        "score_time": 2, 
        "test_score": 0.6078602421889168, 
        "fit_time": 4, 
        "num_samples": 885, 
        "best_iteration": null, 
        "train_score": 0.594616637277269, 
        "parameter_id": 1, 
        "time": 6, 
        "done_at": 1544048755163, 
        "grid_point_id": "{\"alpha\": 1.0}@0"
    }, 
    {
        "parameters": {
            "alpha": 3.0
        }, 
        "score_time": 2, 
        "test_score": 0.4557497333833208, 
        "fit_time": 6, 
        "num_samples": 885, 
        "best_iteration": null, 
        "train_score": 0.46651009890296047, 
        "parameter_id": 2, 
        "time": 8, 
        "done_at": 1544048755142, 
        "grid_point_id": "{\"alpha\": 3.0}@2"
    }, 
    {
        "parameters": {
            "alpha": 0.1
        }, 
        "score_time": 1, 
        "test_score": 0.6910943525415639, 
        "fit_time": 1, 
        "num_samples": 885, 
        "best_iteration": null, 
        "train_score": 0.6763845088720319, 
        "parameter_id": 0, 
        "time": 2, 
        "done_at": 1544048755154, 
        "grid_point_id": "{\"alpha\": 0.1}@2"
    }, 
    {
        "parameters": {
            "alpha": 3.0
        }, 
        "score_time": 2, 
        "test_score": 0.47617498813896586, 
        "fit_time": 6, 
        "num_samples": 885, 
        "best_iteration": null, 
        "train_score": 0.4835836494422755, 
        "parameter_id": 2, 
        "time": 8, 
        "done_at": 1544048755144, 
        "grid_point_id": "{\"alpha\": 3.0}@1"
    }
]