{
    "usedGridSearch": true, 
    "gridSize": 3, 
    "modelInputNRows": 2655, 
    "modelInputNCols": 24, 
    "modelInputMemory": 509760, 
    "gridCells": [
        {
            "scoreTimeStd": 0.00094280904158206339, 
            "scoreTime": 0.0026666666666666666, 
            "fitTime": 0.0053333333333333332, 
            "score": 0.46728102944470801, 
            "params": {
                "alpha": 3.0
            }, 
            "fitTimeStd": 0.00094280904158206339, 
            "scoreStd": 0.00854456627529223
        }, 
        {
            "scoreTimeStd": 0.00047140452079103169, 
            "scoreTime": 0.0016666666666666668, 
            "fitTime": 0.0026666666666666666, 
            "score": 0.67819300434437024, 
            "params": {
                "alpha": 0.1
            }, 
            "fitTimeStd": 0.0012472191289246471, 
            "scoreStd": 0.019039479137268708
        }, 
        {
            "scoreTimeStd": 0.00047140452079103169, 
            "scoreTime": 0.0013333333333333333, 
            "fitTime": 0.0046666666666666671, 
            "score": 0.59886164555619514, 
            "params": {
                "alpha": 1.0
            }, 
            "fitTimeStd": 0.00047140452079103169, 
            "scoreStd": 0.0063634911682714417
        }
    ], 
    "lmCoefficients": {
        "interceptStderr": null, 
        "interceptTstat": null, 
        "rescaledInterceptCoef": 427.70735143430022, 
        "rescaledCoefs": [
            270.81990335030105, 
            4.8549752218396529, 
            22.440839712306495, 
            5.7433613107025767, 
            -334.96368881378697, 
            178.50935702701423, 
            15.330913724787631, 
            133.55590817380704, 
            -78.294128134454596, 
            6.3741017083306746, 
            27.55488659201411, 
            -208.99789843385173, 
            2.7802724638916665, 
            269.12770511386628, 
            -56.362859707929893, 
            56.362859707929175
        ], 
        "variables": [
            "bathrooms", 
            "floor", 
            "rooms", 
            "size", 
            "dummy:has360:False", 
            "dummy:hasLift:True", 
            "dummy:propertyType:flat", 
            "dummy:propertyType:penthouse", 
            "dummy:propertyType:studio", 
            "dummy:propertyType:duplex", 
            "dummy:exterior:True", 
            "dummy:hasPlan:False", 
            "dummy:hasVideo:False", 
            "dummy:detailedType_typology:flat", 
            "dummy:hasParkingSpace:True", 
            "dummy:hasParkingSpace:__Others__"
        ], 
        "interceptCoef": 1556.1803193314506, 
        "interceptPvalue": null, 
        "coefs": [
            242.55641437149953, 
            13.206374857261526, 
            27.206525127314713, 
            387.30603848523344, 
            -334.96368881378697, 
            178.50935702701423, 
            15.330913724787631, 
            133.55590817380704, 
            -78.294128134454596, 
            6.3741017083306746, 
            27.55488659201411, 
            -208.99789843385173, 
            2.7802724638916665, 
            269.12770511386628, 
            -56.362859707929893, 
            56.362859707929175
        ]
    }, 
    "gridBestScore": 0.67819300434437024, 
    "modelInputIsSparse": false
}