{
    "metrics": {
        "rmse": 474.10608573383445, 
        "pearson": 0.8204192639507113, 
        "mae": 332.87352892011813, 
        "r2": 0.66869906288465542, 
        "mape": 0.22398727065027704, 
        "mse": 224776.58052985798, 
        "evs": 0.6692793728345291, 
        "rmsle": 0.2747695913696479
    }, 
    "scatterPlotData": {
        "y": [
            1717.4148, 
            1876.2188, 
            1889.7264, 
            1571.4649, 
            892.5058, 
            1588.8907, 
            1669.3932, 
            1215.5119, 
            1627.1407, 
            2188.737, 
            1326.8835, 
            870.0649, 
            1508.532, 
            1433.5337, 
            1451.4059, 
            2648.732, 
            1925.0642, 
            1237.4034, 
            2266.6704, 
            925.804, 
            2439.4313, 
            1251.864, 
            1229.7681, 
            2311.8106, 
            1937.804, 
            1082.1461, 
            1193.336, 
            1994.2207, 
            2652.1112, 
            1008.4619, 
            1783.7484, 
            3157.8486, 
            1080.9841, 
            2016.5494, 
            1104.846, 
            1603.9793, 
            2221.7162, 
            1335.273, 
            1734.477, 
            1683.498, 
            2061.307, 
            973.1134, 
            1355.6003, 
            1476.1221, 
            1593.2131, 
            688.0541, 
            1036.349, 
            2607.9834, 
            2196.2382, 
            2579.2748, 
            1571.2324, 
            2352.435, 
            1091.856, 
            3682.7313, 
            967.6919, 
            1461.1158, 
            2178.0708, 
            1456.2608, 
            3028.555, 
            1038.8643, 
            2523.0789, 
            926.3366, 
            1028.1464, 
            923.9971, 
            1124.2659, 
            1366.1634, 
            889.5671, 
            2120.2189, 
            1685.9953, 
            2139.7054, 
            1800.8625, 
            1979.5347, 
            4089.9774, 
            1781.4909, 
            1874.9358, 
            1253.1302, 
            1634.9644, 
            926.3366, 
            1470.1052, 
            2280.989, 
            894.4831, 
            1003.8715, 
            950.1399, 
            2716.6964, 
            1195.5923, 
            959.4001, 
            1297.6088, 
            1098.57, 
            1085.8391, 
            1039.2774, 
            1139.1086, 
            1388.8633, 
            1804.997, 
            1629.0853, 
            1578.1572, 
            923.9971, 
            1803.4546, 
            656.9767, 
            2581.0451, 
            1829.9243, 
            1684.7422, 
            1180.2785, 
            2206.414, 
            1690.4855, 
            1743.4289, 
            980.2688, 
            1340.2602, 
            1093.724, 
            1698.9513, 
            2025.814, 
            1184.7204, 
            1081.7046, 
            1776.6252, 
            2447.4005, 
            3055.3842, 
            1466.5034, 
            2736.5319, 
            1298.1666, 
            2421.2345, 
            1060.1432, 
            967.2788, 
            1080.9841, 
            2993.817, 
            1571.5939, 
            1173.5895, 
            814.5476, 
            1745.2629, 
            1105.888, 
            1670.9442, 
            1132.8949, 
            1598.3468, 
            2787.7491, 
            3141.9344, 
            1459.4586, 
            1031.4264, 
            910.8248, 
            2061.5507, 
            1513.4354, 
            967.2788, 
            1672.2338, 
            1524.7902, 
            1073.8287, 
            1344.5303, 
            896.1988, 
            883.4679, 
            1571.1281, 
            4123.9272, 
            1908.5654, 
            3228.8714, 
            1415.626, 
            1261.1501, 
            1685.9953, 
            1489.4768, 
            985.701, 
            1807.2339, 
            1263.4067, 
            1576.6835, 
            920.4435, 
            1507.0627, 
            920.2728, 
            1760.3986, 
            1536.2182, 
            2472.1147, 
            1418.5258, 
            1292.5378, 
            3577.4633, 
            1522.6839, 
            2637.9461, 
            1775.9165, 
            2446.6367, 
            2231.3779, 
            1912.2716, 
            1379.5664, 
            1406.924, 
            1094.5405, 
            1925.8173, 
            1093.1002, 
            1154.5826, 
            1202.7193, 
            1023.5505, 
            1613.6893, 
            1127.6515, 
            995.9956, 
            867.5431, 
            1197.4513, 
            1142.7401, 
            2197.1951, 
            1182.1113, 
            3231.6516, 
            1071.6872, 
            1023.5505, 
            1674.9472, 
            1358.3264, 
            2000.51, 
            1104.846, 
            1189.0361, 
            1985.35, 
            1886.5847, 
            1672.1661, 
            854.7511, 
            953.6935, 
            1032.5884, 
            919.5552, 
            827.3511, 
            1032.113, 
            1273.1077, 
            1131.786, 
            4123.9272, 
            923.778, 
            2716.4321, 
            1856.259, 
            1404.0928, 
            1942.4094, 
            929.7706, 
            1173.0658, 
            915.6798, 
            1519.9704, 
            1670.6475, 
            1052.0995, 
            1100.3468, 
            2056.6378, 
            1215.1517, 
            1042.0248, 
            1958.636, 
            1562.1547, 
            3548.6443, 
            1620.0907, 
            1082.1461, 
            1862.8436, 
            720.0952, 
            996.9752, 
            2269.1376, 
            1538.0889, 
            1490.2236, 
            1635.4914, 
            1268.2057, 
            1538.4643, 
            1551.4007, 
            1596.1518, 
            916.5682, 
            1307.8766, 
            909.048, 
            1389.5839, 
            1163.0001, 
            1037.4433, 
            1258.9648, 
            1033.2605, 
            939.4454, 
            2439.4313, 
            1385.6222, 
            1237.3563, 
            952.2114, 
            1304.7984, 
            2102.2243, 
            1082.5018, 
            1567.633, 
            1695.3297, 
            1120.4293, 
            744.3258, 
            2222.4367, 
            1362.2131, 
            961.2619, 
            920.17, 
            2069.0613, 
            3345.0714, 
            1597.7034, 
            983.5111, 
            1625.8857, 
            1148.1277, 
            2724.5549, 
            1261.1501, 
            1328.7163, 
            983.6205, 
            2496.5036, 
            4064.9056, 
            1188.1544, 
            2085.8718, 
            987.56, 
            1227.7431, 
            2525.2884, 
            1028.4055, 
            1897.2401, 
            2779.2598, 
            1636.1301, 
            2439.0465, 
            773.0426, 
            1547.2662, 
            953.6324, 
            2002.6293, 
            2081.0169, 
            2380.5708, 
            1610.7154, 
            1009.645, 
            1459.3023, 
            1262.7358, 
            1603.0909, 
            1076.1292, 
            790.2727, 
            1618.9561, 
            1694.2842, 
            1628.5617, 
            893.3328, 
            793.7793, 
            1448.3824, 
            742.8226, 
            2354.8687, 
            1527.8463, 
            3257.3604, 
            1849.2788, 
            1198.397, 
            1808.431, 
            1480.1227, 
            1754.8488, 
            3443.3931, 
            1162.0205, 
            1083.0588, 
            1621.5652, 
            2686.6732, 
            1007.4773, 
            792.6174, 
            1541.5229, 
            1114.5559, 
            1039.8922, 
            1235.8781, 
            2086.2106, 
            4505.3547, 
            1312.9533, 
            920.0606, 
            1291.4997, 
            1468.6085, 
            1011.1754, 
            1621.4346, 
            525.4592, 
            1457.4045, 
            1626.4202, 
            933.707, 
            1548.0634, 
            1457.7366, 
            1528.2594, 
            985.432, 
            1516.4079, 
            1396.1464, 
            1009.645, 
            2069.404, 
            1473.4909, 
            1624.9457, 
            1800.8625, 
            774.7725, 
            1542.5741, 
            936.3548, 
            1639.7474, 
            1185.1335, 
            2597.8577, 
            1213.4372, 
            909.048, 
            1815.5953, 
            911.9257, 
            1135.7526, 
            1252.7416, 
            2673.3144, 
            1379.0515, 
            1917.3107, 
            1144.0415, 
            1564.9197, 
            1629.9827, 
            1462.9498, 
            1095.5491, 
            1401.884, 
            2280.989, 
            2520.0579, 
            1806.5907, 
            982.4103, 
            1446.1951, 
            1383.3935, 
            790.6961, 
            1082.0367, 
            947.11, 
            1478.2364, 
            1527.5389, 
            2197.2434, 
            1937.4501, 
            1223.1472, 
            1625.8297, 
            2150.4146, 
            1015.921, 
            1716.8862, 
            1598.7607, 
            2424.9181, 
            788.7695, 
            1062.3891, 
            926.8422, 
            1513.0414, 
            1397.8541, 
            1074.0933, 
            1023.5505, 
            1859.2328, 
            2079.5583, 
            992.1202, 
            1644.0281, 
            1541.6907, 
            1676.0249, 
            1593.5689, 
            3510.2928, 
            976.9888, 
            1611.2377, 
            2457.8361, 
            1974.9337, 
            1063.1392, 
            1245.0952, 
            1213.4372, 
            1052.9878, 
            976.5474, 
            1670.0094, 
            1209.3511, 
            1655.193, 
            1224.9189, 
            1667.4015, 
            1499.8661, 
            1623.0905, 
            1834.7793, 
            1607.4133, 
            1538.0889, 
            1858.2961, 
            1432.8404, 
            1506.1743, 
            1269.7427, 
            1189.6797, 
            974.8291, 
            1125.1542, 
            1415.7015, 
            1553.6829, 
            1169.1475, 
            1136.0601, 
            1064.6424, 
            921.6365, 
            2123.421, 
            1169.9537, 
            920.0606, 
            1156.0036, 
            1224.0356, 
            2371.9811, 
            1020.4723, 
            1119.1518, 
            1803.4546, 
            905.9088, 
            962.5151, 
            1831.4044, 
            1307.7836, 
            1261.9864, 
            1961.3839, 
            1376.1971, 
            878.2925, 
            796.6454, 
            950.3533, 
            2939.6008, 
            1094.1281, 
            797.4724, 
            1852.7926, 
            1747.9084, 
            1023.1099, 
            1280.5808, 
            923.1999, 
            1393.2479, 
            1726.5764, 
            1842.4202, 
            1138.263, 
            1753.7668, 
            1046.8747, 
            1383.0181, 
            1762.493, 
            1531.4571, 
            2272.5608, 
            2443.0121, 
            1662.1113, 
            789.5226, 
            2908.3704, 
            615.27, 
            1319.0075, 
            605.3337, 
            2269.1376, 
            1200.803, 
            1090.022, 
            1436.8982, 
            1218.0331, 
            1711.6231, 
            959.3758, 
            1049.8757, 
            1039.8439, 
            2886.0831, 
            1374.7115, 
            1946.1521, 
            1193.8155, 
            1491.2536, 
            2031.9938, 
            1947.505, 
            1556.6687, 
            2231.52, 
            1078.1354, 
            1024.7124, 
            1523.4044, 
            1895.1075, 
            1443.0558, 
            2155.2461, 
            1681.0956, 
            1764.7934, 
            2336.5835, 
            2213.5591, 
            1452.194, 
            992.1686, 
            1614.1011, 
            2770.8122, 
            1003.8715, 
            872.337, 
            2358.4133, 
            1250.6669, 
            571.9882, 
            1256.719, 
            832.2061, 
            1248.5078, 
            1232.5981, 
            873.4932, 
            913.2792, 
            2294.2806, 
            816.4792, 
            2802.675, 
            1858.2961, 
            1633.0411, 
            1151.5617, 
            1892.9191, 
            1436.4852, 
            1403.3741, 
            1606.1208, 
            1215.0944, 
            2156.1255, 
            1039.0038, 
            946.4379, 
            2657.2942, 
            1072.8491, 
            1965.4907, 
            987.3136, 
            789.0156, 
            1273.2671, 
            2033.6687, 
            1562.8214, 
            1747.9084, 
            1217.637, 
            1432.8404, 
            1916.1955, 
            1035.0372, 
            1601.726, 
            2093.4182, 
            1038.1154, 
            1964.19, 
            1084.6326, 
            1029.5963, 
            1103.425, 
            2386.8994, 
            1470.1052, 
            1353.4714, 
            1164.2926, 
            2432.5533, 
            1548.6872, 
            1024.7124, 
            2459.5461, 
            988.1537, 
            1011.1754, 
            851.7076, 
            2140.6028, 
            699.6804, 
            1957.215, 
            1584.3808, 
            1855.9082, 
            1212.0162, 
            1283.6042, 
            1704.1621, 
            806.1544, 
            2016.2964, 
            2085.8718, 
            3222.9892, 
            3072.3604, 
            1565.0729, 
            1072.1003, 
            1352.3873, 
            1438.675, 
            1182.0396, 
            1766.4507, 
            1536.3561, 
            1973.5758, 
            743.1272, 
            1774.7044, 
            1784.1561, 
            950.3533, 
            806.3553, 
            1060.4972, 
            1331.1128, 
            1807.01, 
            2935.1775, 
            731.3359, 
            2050.2857, 
            697.7641, 
            1213.4372, 
            1101.6482, 
            1350.7542, 
            1291.5349, 
            1114.9009, 
            1170.5685, 
            1135.1377, 
            1127.2868, 
            1705.0505, 
            1038.1154, 
            584.5029, 
            2466.1778, 
            1143.0136, 
            968.2584, 
            1018.6955, 
            1530.5884, 
            1055.3455, 
            736.3457, 
            1490.3652, 
            4211.0315, 
            1815.406, 
            1347.5602, 
            1140.422, 
            1204.6246, 
            1019.1086, 
            1172.3453, 
            1019.3249, 
            1993.567, 
            931.3465, 
            1291.861, 
            3317.488, 
            1242.4909, 
            1599.1244, 
            1099.6121, 
            1718.5875, 
            1057.8428, 
            1162.6926, 
            1691.7386, 
            1803.4546, 
            1683.498, 
            1892.9191, 
            1652.8365, 
            3144.7147, 
            1083.3324, 
            863.2039, 
            1346.4077, 
            3005.5815, 
            1034.9279, 
            1028.4055, 
            2304.864, 
            1193.0094, 
            1710.783, 
            1472.6025, 
            1878.4701, 
            1483.7335, 
            879.0298, 
            1881.5094, 
            1746.1424, 
            1217.1574, 
            2541.2546, 
            1275.671, 
            1937.0556, 
            2472.6417, 
            1605.5882
        ], 
        "x": [
            1700.0, 
            1500.0, 
            1900.0, 
            1202.0, 
            1150.0, 
            1550.0, 
            3400.0, 
            1200.0, 
            1600.0, 
            3500.0, 
            850.0, 
            600.0, 
            1200.0, 
            800.0, 
            1400.0, 
            3500.0, 
            1800.0, 
            725.0, 
            3645.0, 
            1000.0, 
            2400.0, 
            1500.0, 
            920.0, 
            1400.0, 
            2900.0, 
            1000.0, 
            1100.0, 
            1650.0, 
            3600.0, 
            1100.0, 
            3240.0, 
            2400.0, 
            850.0, 
            2000.0, 
            1250.0, 
            2200.0, 
            3105.0, 
            950.0, 
            1700.0, 
            1650.0, 
            2300.0, 
            850.0, 
            1125.0, 
            1200.0, 
            1000.0, 
            750.0, 
            900.0, 
            3800.0, 
            2150.0, 
            2950.0, 
            1700.0, 
            2300.0, 
            925.0, 
            2600.0, 
            1300.0, 
            1200.0, 
            1300.0, 
            1100.0, 
            2850.0, 
            900.0, 
            2400.0, 
            1200.0, 
            1200.0, 
            950.0, 
            1350.0, 
            1650.0, 
            800.0, 
            2100.0, 
            1350.0, 
            1800.0, 
            1650.0, 
            3500.0, 
            3850.0, 
            1850.0, 
            2400.0, 
            900.0, 
            2845.0, 
            975.0, 
            770.0, 
            3000.0, 
            900.0, 
            800.0, 
            680.0, 
            2800.0, 
            1250.0, 
            800.0, 
            2600.0, 
            900.0, 
            1000.0, 
            850.0, 
            1600.0, 
            1500.0, 
            1850.0, 
            1500.0, 
            1350.0, 
            950.0, 
            1300.0, 
            650.0, 
            2600.0, 
            1400.0, 
            1900.0, 
            785.0, 
            1550.0, 
            1250.0, 
            3300.0, 
            700.0, 
            2400.0, 
            1060.0, 
            1500.0, 
            1910.0, 
            1100.0, 
            1400.0, 
            1200.0, 
            2650.0, 
            3000.0, 
            1240.0, 
            2800.0, 
            1500.0, 
            2800.0, 
            1150.0, 
            1000.0, 
            900.0, 
            1950.0, 
            1800.0, 
            1200.0, 
            1090.0, 
            3000.0, 
            1900.0, 
            2400.0, 
            1200.0, 
            1750.0, 
            3000.0, 
            4000.0, 
            1250.0, 
            1000.0, 
            700.0, 
            2000.0, 
            975.0, 
            825.0, 
            1100.0, 
            1300.0, 
            950.0, 
            1500.0, 
            750.0, 
            850.0, 
            1250.0, 
            4000.0, 
            2200.0, 
            4000.0, 
            900.0, 
            1200.0, 
            1350.0, 
            1300.0, 
            1150.0, 
            1580.0, 
            1300.0, 
            1900.0, 
            900.0, 
            1250.0, 
            650.0, 
            1300.0, 
            1400.0, 
            2400.0, 
            1500.0, 
            1100.0, 
            3500.0, 
            1390.0, 
            3400.0, 
            1950.0, 
            3700.0, 
            1550.0, 
            1650.0, 
            1600.0, 
            1150.0, 
            900.0, 
            1399.0, 
            1000.0, 
            675.0, 
            650.0, 
            800.0, 
            1400.0, 
            1130.0, 
            1300.0, 
            900.0, 
            850.0, 
            900.0, 
            2500.0, 
            1300.0, 
            4000.0, 
            950.0, 
            850.0, 
            1275.0, 
            1400.0, 
            1600.0, 
            1250.0, 
            1035.0, 
            1250.0, 
            1690.0, 
            1850.0, 
            850.0, 
            950.0, 
            850.0, 
            700.0, 
            900.0, 
            1800.0, 
            1600.0, 
            1600.0, 
            4000.0, 
            950.0, 
            2700.0, 
            2700.0, 
            1590.0, 
            2700.0, 
            575.0, 
            1300.0, 
            1500.0, 
            1260.0, 
            1600.0, 
            1150.0, 
            850.0, 
            2000.0, 
            1400.0, 
            690.0, 
            1700.0, 
            1400.0, 
            2500.0, 
            1890.0, 
            1200.0, 
            1850.0, 
            720.0, 
            900.0, 
            1150.0, 
            1350.0, 
            1350.0, 
            1250.0, 
            1000.0, 
            1900.0, 
            1400.0, 
            1600.0, 
            800.0, 
            850.0, 
            900.0, 
            1250.0, 
            1100.0, 
            1100.0, 
            1500.0, 
            1100.0, 
            950.0, 
            2400.0, 
            700.0, 
            1700.0, 
            750.0, 
            900.0, 
            1865.0, 
            700.0, 
            1590.0, 
            900.0, 
            1100.0, 
            650.0, 
            2600.0, 
            1400.0, 
            800.0, 
            850.0, 
            1850.0, 
            2800.0, 
            1500.0, 
            850.0, 
            1400.0, 
            1550.0, 
            3300.0, 
            1200.0, 
            1355.0, 
            750.0, 
            3200.0, 
            3900.0, 
            1050.0, 
            2000.0, 
            875.0, 
            850.0, 
            3450.0, 
            725.0, 
            1100.0, 
            3200.0, 
            1490.0, 
            2500.0, 
            625.0, 
            1425.0, 
            790.0, 
            1700.0, 
            3240.0, 
            2700.0, 
            1500.0, 
            730.0, 
            1400.0, 
            1500.0, 
            1300.0, 
            995.0, 
            600.0, 
            2800.0, 
            1900.0, 
            1430.0, 
            750.0, 
            895.0, 
            1575.0, 
            800.0, 
            1950.0, 
            1400.0, 
            3000.0, 
            1800.0, 
            1375.0, 
            2200.0, 
            1100.0, 
            1100.0, 
            3500.0, 
            1170.0, 
            1200.0, 
            1950.0, 
            3700.0, 
            810.0, 
            650.0, 
            1425.0, 
            900.0, 
            1250.0, 
            1100.0, 
            1700.0, 
            3975.0, 
            1400.0, 
            1200.0, 
            2470.0, 
            1600.0, 
            1045.0, 
            3700.0, 
            1300.0, 
            2995.0, 
            2100.0, 
            850.0, 
            1850.0, 
            1100.0, 
            1500.0, 
            750.0, 
            800.0, 
            1100.0, 
            725.0, 
            3300.0, 
            835.0, 
            950.0, 
            1700.0, 
            750.0, 
            730.0, 
            1500.0, 
            2700.0, 
            1750.0, 
            3300.0, 
            900.0, 
            900.0, 
            1600.0, 
            650.0, 
            1100.0, 
            995.0, 
            2700.0, 
            1500.0, 
            1300.0, 
            1200.0, 
            1850.0, 
            1950.0, 
            1250.0, 
            1100.0, 
            1450.0, 
            3000.0, 
            2450.0, 
            1850.0, 
            1000.0, 
            1250.0, 
            1800.0, 
            1100.0, 
            995.0, 
            1200.0, 
            1300.0, 
            1100.0, 
            3850.0, 
            3200.0, 
            1100.0, 
            1500.0, 
            3950.0, 
            1300.0, 
            1100.0, 
            1200.0, 
            3000.0, 
            850.0, 
            680.0, 
            1000.0, 
            1900.0, 
            1400.0, 
            1200.0, 
            650.0, 
            1935.0, 
            2350.0, 
            950.0, 
            1500.0, 
            1400.0, 
            1900.0, 
            1000.0, 
            3800.0, 
            990.0, 
            1566.0, 
            3000.0, 
            3900.0, 
            1650.0, 
            1200.0, 
            900.0, 
            820.0, 
            750.0, 
            1800.0, 
            780.0, 
            2100.0, 
            1300.0, 
            1800.0, 
            1300.0, 
            1400.0, 
            1650.0, 
            1400.0, 
            1350.0, 
            2500.0, 
            1250.0, 
            870.0, 
            1200.0, 
            890.0, 
            750.0, 
            980.0, 
            950.0, 
            2000.0, 
            850.0, 
            700.0, 
            1300.0, 
            980.0, 
            3100.0, 
            1600.0, 
            550.0, 
            900.0, 
            950.0, 
            1975.0, 
            810.0, 
            1100.0, 
            1300.0, 
            650.0, 
            800.0, 
            1865.0, 
            950.0, 
            995.0, 
            3780.0, 
            1250.0, 
            900.0, 
            850.0, 
            1090.0, 
            2700.0, 
            800.0, 
            650.0, 
            1400.0, 
            950.0, 
            800.0, 
            1500.0, 
            1300.0, 
            2430.0, 
            1100.0, 
            2700.0, 
            900.0, 
            1300.0, 
            700.0, 
            1130.0, 
            3000.0, 
            1067.0, 
            1650.0, 
            2350.0, 
            3630.0, 
            810.0, 
            3990.0, 
            1100.0, 
            1100.0, 
            1400.0, 
            2900.0, 
            795.0, 
            1300.0, 
            1300.0, 
            1350.0, 
            1500.0, 
            900.0, 
            900.0, 
            950.0, 
            2499.0, 
            1490.0, 
            1980.0, 
            1390.0, 
            1500.0, 
            2450.0, 
            2300.0, 
            1390.0, 
            2600.0, 
            1150.0, 
            980.0, 
            1700.0, 
            2700.0, 
            800.0, 
            2600.0, 
            1500.0, 
            2300.0, 
            3000.0, 
            1690.0, 
            1900.0, 
            1200.0, 
            1300.0, 
            1900.0, 
            1000.0, 
            850.0, 
            1900.0, 
            750.0, 
            780.0, 
            1400.0, 
            1300.0, 
            1200.0, 
            1150.0, 
            890.0, 
            850.0, 
            2600.0, 
            975.0, 
            2800.0, 
            1650.0, 
            1700.0, 
            950.0, 
            1950.0, 
            1250.0, 
            745.0, 
            1450.0, 
            900.0, 
            950.0, 
            900.0, 
            690.0, 
            3000.0, 
            950.0, 
            1900.0, 
            750.0, 
            770.0, 
            1500.0, 
            3100.0, 
            1500.0, 
            950.0, 
            800.0, 
            1400.0, 
            2000.0, 
            630.0, 
            1100.0, 
            3500.0, 
            1380.0, 
            2700.0, 
            1000.0, 
            657.0, 
            740.0, 
            2700.0, 
            790.0, 
            1650.0, 
            745.0, 
            2100.0, 
            2650.0, 
            875.0, 
            1950.0, 
            1000.0, 
            1045.0, 
            800.0, 
            1950.0, 
            520.0, 
            1350.0, 
            1100.0, 
            2500.0, 
            850.0, 
            1099.0, 
            1950.0, 
            780.0, 
            2350.0, 
            2000.0, 
            3500.0, 
            3700.0, 
            1700.0, 
            815.0, 
            1275.0, 
            915.0, 
            1300.0, 
            2300.0, 
            1600.0, 
            1900.0, 
            980.0, 
            1700.0, 
            1450.0, 
            1000.0, 
            585.0, 
            1050.0, 
            1250.0, 
            1900.0, 
            2900.0, 
            600.0, 
            2900.0, 
            650.0, 
            950.0, 
            800.0, 
            1390.0, 
            900.0, 
            1000.0, 
            750.0, 
            1700.0, 
            1500.0, 
            1900.0, 
            890.0, 
            800.0, 
            2300.0, 
            1200.0, 
            699.0, 
            1000.0, 
            1850.0, 
            850.0, 
            680.0, 
            1300.0, 
            3500.0, 
            1650.0, 
            990.0, 
            1150.0, 
            1100.0, 
            800.0, 
            1100.0, 
            1300.0, 
            2800.0, 
            750.0, 
            1150.0, 
            3950.0, 
            850.0, 
            1100.0, 
            1500.0, 
            1800.0, 
            850.0, 
            1700.0, 
            2650.0, 
            1300.0, 
            1600.0, 
            1950.0, 
            975.0, 
            4000.0, 
            850.0, 
            815.0, 
            1800.0, 
            3800.0, 
            900.0, 
            900.0, 
            3600.0, 
            960.0, 
            1250.0, 
            820.0, 
            1500.0, 
            1240.0, 
            800.0, 
            3105.0, 
            2200.0, 
            1000.0, 
            2300.0, 
            850.0, 
            2970.0, 
            2100.0, 
            1450.0
        ]
    }, 
    "processed_feature_names": [
        "bathrooms", 
        "floor", 
        "rooms", 
        "size", 
        "dummy:has360:False", 
        "dummy:has360:N/A", 
        "dummy:hasLift:True", 
        "dummy:hasLift:N/A", 
        "dummy:propertyType:flat", 
        "dummy:propertyType:penthouse", 
        "dummy:propertyType:studio", 
        "dummy:propertyType:duplex", 
        "dummy:propertyType:N/A", 
        "dummy:exterior:True", 
        "dummy:exterior:N/A", 
        "dummy:hasPlan:False", 
        "dummy:hasPlan:N/A", 
        "dummy:hasVideo:False", 
        "dummy:hasVideo:N/A", 
        "dummy:detailedType_typology:flat", 
        "dummy:detailedType_typology:N/A", 
        "dummy:hasParkingSpace:True", 
        "dummy:hasParkingSpace:N/A", 
        "dummy:hasParkingSpace:__Others__"
    ], 
    "regression_performance": {
        "max_error": 1308.9563651306296, 
        "median_error": -64.38494488551885, 
        "error_distribution": [
            {
                "count": 41, 
                "bin_max": -545.90341189034746, 
                "bin_id": 0, 
                "bin_min": -754.05989797825714
            }, 
            {
                "count": 73, 
                "bin_max": -339.80788111023884, 
                "bin_id": 1, 
                "bin_min": -545.90341189034746
            }, 
            {
                "count": 160, 
                "bin_max": -133.71235033013022, 
                "bin_id": 2, 
                "bin_min": -339.80788111023884
            }, 
            {
                "count": 176, 
                "bin_max": 72.38318044997834, 
                "bin_id": 3, 
                "bin_min": -133.71235033013022
            }, 
            {
                "count": 78, 
                "bin_max": 278.4787112300869, 
                "bin_id": 4, 
                "bin_min": 72.38318044997834
            }, 
            {
                "count": 52, 
                "bin_max": 484.57424201019558, 
                "bin_id": 5, 
                "bin_min": 278.4787112300869
            }, 
            {
                "count": 20, 
                "bin_max": 690.66977279030402, 
                "bin_id": 6, 
                "bin_min": 484.57424201019558
            }, 
            {
                "count": 24, 
                "bin_max": 896.7653035704127, 
                "bin_id": 7, 
                "bin_min": 690.66977279030402
            }, 
            {
                "count": 13, 
                "bin_max": 1102.8608343505214, 
                "bin_id": 8, 
                "bin_min": 896.7653035704127
            }, 
            {
                "count": 27, 
                "bin_max": 1308.9563651306296, 
                "bin_id": 9, 
                "bin_min": 1102.8608343505214
            }
        ], 
        "min_error": -751.99894267045602, 
        "average_error": 16.19363370822083, 
        "std_error": 442.4454402008261, 
        "p75_error": 197.59670256512823, 
        "p90_error": 638.9463172039467, 
        "p25_error": -238.59746635645365
    }
}