{
  "state": "DONE",
  "preSearchDescription": {
    "gridLength": 3,
    "importantParams": [
      {
        "name": "alpha",
        "vals": [
          "0.1",
          "1.0",
          "3.0"
        ]
      }
    ]
  },
  "postSearchDescription": {
    "importantParams": [
      {
        "name": "alpha",
        "val": "0.1"
      }
    ]
  },
  "sampleWeightsEnabled": false,
  "modelId": "m1",
  "progress": {
    "top_level_todo": [],
    "stack": [],
    "top_level_done": [
      {
        "name": "Loading train set",
        "time": 29
      },
      {
        "name": "Loading test set",
        "time": 12
      },
      {
        "name": "Collecting statistics",
        "time": 25
      },
      {
        "name": "Preprocessing train set",
        "time": 45
      },
      {
        "name": "Preprocessing test set",
        "time": 33
      },
      {
        "name": "Grid searching",
        "time": 1045
      },
      {
        "name": "Fitting model",
        "time": 3
      },
      {
        "name": "Saving model",
        "time": 1
      },
      {
        "name": "Scoring model",
        "time": 28
      }
    ]
  },
  "startTime": 1544048754966,
  "endTime": 1544048756189,
  "preprocessingTime": 146,
  "trainingTime": 1077
}