{
    "modelInputIsSparse": false, 
    "modelInputNRows": 3308, 
    "modelInputNCols": 25, 
    "modelInputMemory": 661600, 
    "lmCoefficients": {
        "interceptStderr": null, 
        "interceptTstat": null, 
        "rescaledInterceptCoef": 998.65085141651832, 
        "rescaledCoefs": [
            253.7459913836482, 
            -0.064179935010686404, 
            -1.138324861238744, 
            407.99249305240261, 
            -5.5119996936434257, 
            183.15506240756292, 
            100.59915339473096, 
            -106.02977978742497, 
            -24.807348258441976, 
            37.405128443209627, 
            -154.16711161703429, 
            19.631842311892409, 
            352.05917447173044, 
            71.64060947869163, 
            -2.1240118019258225e-13
        ], 
        "variables": [
            "bathrooms", 
            "distance", 
            "floor", 
            "size", 
            "dummy:has360:False", 
            "dummy:hasLift:True", 
            "dummy:propertyType:penthouse", 
            "dummy:propertyType:studio", 
            "dummy:propertyType:duplex", 
            "dummy:exterior:True", 
            "dummy:hasPlan:False", 
            "dummy:hasVideo:False", 
            "dummy:detailedType_typology:flat", 
            "dummy:hasParkingSpace:True", 
            "dummy:hasParkingSpace:__Others__"
        ], 
        "interceptCoef": 1447.985225515325, 
        "interceptPvalue": null, 
        "coefs": [
            226.83682564332113, 
            -217.25751578370213, 
            -3.1569654080916072, 
            482.6421101426518, 
            -365.30856405616015, 
            183.15506240756292, 
            100.59915339473096, 
            -106.02977978742497, 
            -24.807348258441976, 
            37.405128443209627, 
            -154.16711161703429, 
            19.631842311892409, 
            352.05917447173044, 
            71.64060947869163, 
            -2.1240118019258225e-13
        ]
    }
}