{
    "metrics": {
        "rmse": 441.9257218498945, 
        "pearson": 0.84205211310043115, 
        "mae": 308.0341569143107, 
        "r2": 0.70884025829331621, 
        "mape": 0.19641994734828852, 
        "mse": 195298.3436325503, 
        "evs": 0.70897399838142361, 
        "rmsle": 0.2476479892332069
    }, 
    "scatterPlotData": {
        "y": [
            1561.6857, 
            851.3705, 
            907.5027, 
            1805.6368, 
            2198.1445, 
            1267.2195, 
            2680.0766, 
            2726.0429, 
            1759.9438, 
            2520.3534, 
            1485.1871, 
            1356.5538, 
            1126.563, 
            3402.5876, 
            1893.9091, 
            729.2796, 
            1749.912, 
            2496.0733, 
            2767.2143, 
            1280.568, 
            2042.6719, 
            1015.7021, 
            678.447, 
            754.0305, 
            1121.4697, 
            2633.0729, 
            2258.7946, 
            1560.8702, 
            3755.9744, 
            2018.2941, 
            1525.4109, 
            2219.6249, 
            1431.3245, 
            1147.6379, 
            1132.5301, 
            1853.6615, 
            2225.8687, 
            1010.983, 
            1774.8783, 
            1237.5764, 
            1265.782, 
            1142.4778, 
            1099.1409, 
            1251.9839, 
            1378.4239, 
            1074.0683, 
            1556.6882, 
            838.2915, 
            836.664, 
            2296.2654, 
            4563.8406, 
            1681.2555, 
            951.4763, 
            2680.0766, 
            1596.692, 
            1895.5054, 
            966.7766, 
            1816.2386, 
            2122.9991, 
            942.3564, 
            1971.3077, 
            3089.6962, 
            1105.2652, 
            1890.503, 
            1495.5504, 
            2574.3082, 
            992.9846, 
            985.8091, 
            1767.142, 
            3183.5733, 
            1836.6788, 
            981.5044, 
            2881.795, 
            656.2286, 
            1662.4803, 
            1232.5481, 
            2111.6705, 
            1705.2617, 
            1362.2534, 
            823.8762, 
            1215.8543, 
            934.4843, 
            2472.4336, 
            2105.2618, 
            1570.2032, 
            1121.4697, 
            2232.373, 
            745.9516, 
            1580.5767, 
            2698.1017, 
            1554.1888, 
            1496.8482, 
            1972.5604, 
            785.062, 
            1085.4936, 
            1028.3873, 
            1293.9684, 
            937.1302, 
            700.0372, 
            2306.4645, 
            1882.3621, 
            976.5986, 
            1188.1872, 
            1846.4025, 
            925.1016, 
            1979.0167, 
            2623.4739, 
            1302.0205, 
            1048.1267, 
            1344.0781, 
            2418.7664, 
            1561.1807, 
            1375.1689, 
            2332.9111, 
            1142.3028, 
            3416.9987, 
            1522.5497, 
            1762.3037, 
            1144.4676, 
            1430.0219, 
            1401.225, 
            1269.4805, 
            1786.8768, 
            1869.727, 
            1015.3206, 
            1010.572, 
            2711.9689, 
            1562.9668, 
            2017.0791, 
            1583.0508, 
            499.6028, 
            886.2423, 
            1025.982, 
            3625.178, 
            2095.887, 
            1308.9693, 
            1979.8398, 
            807.078, 
            1757.4953, 
            1578.6502, 
            1449.0775, 
            1731.5729, 
            1293.2201, 
            2567.1475, 
            1262.9454, 
            2798.902, 
            944.9263, 
            1219.5409, 
            1605.7768, 
            1191.1587, 
            2405.2677, 
            1009.6208, 
            3504.8749, 
            913.571, 
            1834.4164, 
            1486.7974, 
            1704.2294, 
            808.0613, 
            1812.8102, 
            2524.5241, 
            1344.0781, 
            1817.795, 
            661.6682, 
            1416.6806, 
            1067.3135, 
            1835.8009, 
            1676.797, 
            874.7759, 
            1132.7286, 
            1086.8655, 
            892.2931, 
            1597.7955, 
            1821.1547, 
            754.4639, 
            2535.0403, 
            1191.7334, 
            1690.8638, 
            902.8175, 
            1044.5884, 
            2295.2317, 
            1100.1907, 
            2276.5109, 
            2592.9298, 
            2765.2194, 
            935.0673, 
            913.8393, 
            1293.2201, 
            2860.1604, 
            2348.8645, 
            1662.7101, 
            1291.182, 
            1929.5669, 
            1377.2991, 
            1513.2684, 
            1840.6624, 
            1650.76, 
            1117.9961, 
            883.1522, 
            1733.4144, 
            1462.147, 
            912.1526, 
            1507.3038, 
            1276.4536, 
            1609.7457, 
            1510.9677, 
            1413.0478, 
            791.3374, 
            3030.6383, 
            1308.4327, 
            1612.9105, 
            1580.5767, 
            1470.1123, 
            2290.1508, 
            1006.2474, 
            1353.2829, 
            1215.149, 
            611.9172, 
            3537.9785, 
            1297.8004, 
            1602.0089, 
            1235.2138, 
            930.9672, 
            955.7897, 
            2201.2233, 
            2449.4067, 
            850.5234, 
            1146.1219, 
            955.3817, 
            1441.2189, 
            1257.0197, 
            2941.6863, 
            1921.7209, 
            1905.4332, 
            1214.8495, 
            1219.4923, 
            1882.2861, 
            1816.2498, 
            1945.5709, 
            983.1715, 
            1575.3751, 
            1858.8468, 
            1697.9916, 
            1234.0335, 
            1012.9661, 
            1731.6255, 
            2157.9785, 
            1317.8046, 
            1024.7577, 
            1505.375, 
            2853.3813, 
            1896.195, 
            933.5371, 
            2114.6775, 
            1361.5691, 
            1394.7463, 
            3233.9316, 
            1415.5423, 
            2637.7167, 
            1176.4309, 
            722.1431, 
            1241.567, 
            2083.6413, 
            1206.8821, 
            1468.9354, 
            1103.4848, 
            1052.0005, 
            1250.4517, 
            2157.0866, 
            2753.5603, 
            923.0372, 
            1017.5199, 
            873.9693, 
            1712.1094, 
            2591.9905, 
            3406.8628, 
            857.361, 
            2111.6705, 
            1541.4414, 
            2014.9214, 
            1633.6341, 
            1337.6399, 
            1638.7617, 
            1771.5552, 
            3374.4708, 
            1489.2226, 
            3267.9673, 
            1146.7612, 
            1746.7598, 
            1636.7833, 
            1652.0639, 
            2965.6703, 
            1538.4506, 
            1823.136, 
            2013.7437, 
            1985.0063, 
            1476.9735, 
            1110.6938, 
            1641.0054, 
            1113.4478, 
            902.4505, 
            940.5814, 
            2742.9268, 
            1254.849, 
            3259.0709, 
            1386.2203, 
            2090.2128, 
            1676.7873, 
            1264.2601, 
            978.0047, 
            1114.6831, 
            1211.4238, 
            2752.4529, 
            1789.7523, 
            1063.4464, 
            977.2342, 
            1046.9765, 
            2031.1352, 
            1801.3212, 
            1211.0866, 
            2724.0973, 
            1707.6454, 
            490.3686, 
            1212.3244, 
            1518.3782, 
            1583.1717, 
            762.2939, 
            1254.6926, 
            1480.0116, 
            1399.0329, 
            399.5107, 
            1115.2353, 
            3632.1663, 
            902.9813, 
            1251.2772, 
            921.4712, 
            3267.9673, 
            966.7807, 
            1394.187, 
            2345.3378, 
            2068.3453, 
            1414.2197, 
            1051.1708, 
            2967.846, 
            1250.1788, 
            3387.4902, 
            2088.3657, 
            948.9015, 
            1136.7088, 
            2082.5118, 
            1417.5607, 
            686.4523, 
            1805.4856, 
            2255.6043, 
            2165.1888, 
            1634.8366, 
            1213.4677, 
            2590.9223, 
            2960.3602, 
            1911.4058, 
            2724.1083, 
            1150.0067, 
            1892.6143, 
            963.9638, 
            1915.734, 
            1577.0044, 
            1145.7351, 
            3139.5867, 
            1676.9243, 
            1638.7617, 
            1251.6329, 
            1536.298, 
            1094.0505, 
            770.7402, 
            738.5897, 
            1913.394, 
            1268.9171, 
            1045.5831, 
            1354.983, 
            1244.368, 
            1055.5206, 
            692.7548, 
            922.3322, 
            1175.5306, 
            2272.093, 
            739.5135, 
            1293.2201, 
            930.1067, 
            929.1178, 
            1315.0016, 
            2908.268, 
            807.5648, 
            1743.7519, 
            1197.4397, 
            1223.8463, 
            1699.3298, 
            4292.4681, 
            1696.6096, 
            1574.8589, 
            1933.8717, 
            3161.5044, 
            1046.4153, 
            1702.0522, 
            2683.5294, 
            2200.8543, 
            990.2776, 
            1051.3014, 
            1094.6954, 
            2744.7108, 
            968.2138, 
            1081.7504, 
            691.5189, 
            827.3235, 
            1340.2814, 
            1939.5417, 
            1816.5816, 
            1958.986, 
            1059.7058, 
            1211.4088, 
            1045.1864, 
            1178.8868, 
            1575.8661, 
            962.8419, 
            1312.5448, 
            991.9377, 
            801.7117, 
            1154.9241, 
            3314.2376, 
            2920.9482, 
            2068.8123, 
            941.4197, 
            870.9625, 
            1870.4971, 
            1233.1274, 
            1933.8536, 
            1224.9939, 
            2833.4599, 
            1090.0024, 
            506.3422, 
            1669.4625, 
            663.2101, 
            1716.4606, 
            336.2793, 
            447.1256, 
            763.9619, 
            634.3094, 
            1157.2744, 
            1982.6078, 
            1056.6186, 
            914.0126, 
            1877.6038, 
            882.9317, 
            2482.6776, 
            1007.9254, 
            3381.2389, 
            980.816, 
            803.6738, 
            1817.8341, 
            2818.9208, 
            2637.0159, 
            1215.1132, 
            1540.7065, 
            1126.5263, 
            1232.2358, 
            2004.442, 
            3647.629, 
            2469.7009, 
            1412.8255, 
            726.4212, 
            1414.8852, 
            1525.215, 
            1453.0336, 
            570.8785, 
            692.5971, 
            1202.8597, 
            1397.7809, 
            1209.1081, 
            1295.0572, 
            1433.5016, 
            1248.7943, 
            2021.8132, 
            1299.2612, 
            933.5623, 
            1235.6963, 
            872.0072, 
            1846.8103, 
            1317.2591, 
            740.3008, 
            987.5739, 
            1554.5924, 
            1596.0473, 
            1415.3666, 
            653.6006, 
            1205.9865, 
            1193.0551, 
            2850.2438, 
            1316.3607, 
            1688.3209, 
            761.0014, 
            1954.4311, 
            1296.8054, 
            2041.2367, 
            1099.2908, 
            1237.3208, 
            1467.4186, 
            1838.3243, 
            1801.2192, 
            2358.5547, 
            933.6218, 
            3055.8971, 
            2214.2357, 
            1275.2511, 
            585.7845, 
            1010.3172, 
            1458.2445, 
            2543.4858, 
            1150.6305, 
            1488.0845, 
            1279.2522, 
            855.2775, 
            1902.8995, 
            968.7066, 
            648.6468, 
            2220.7093, 
            955.7897, 
            1233.6282, 
            2197.9823, 
            2136.1488, 
            2445.9783, 
            1520.5985, 
            2070.2242, 
            2271.2051, 
            1058.4877, 
            602.0382, 
            1375.7784, 
            959.7498, 
            1400.1981, 
            1855.3924, 
            1612.9105, 
            1050.9203, 
            2694.403, 
            978.5187, 
            2476.1976, 
            947.9906, 
            909.3497, 
            2600.0229, 
            2082.5118, 
            1991.1525, 
            780.2642, 
            2007.8339, 
            1504.4724, 
            1397.5343, 
            1211.0866, 
            874.8406, 
            1160.7867, 
            750.9641, 
            2550.9405, 
            917.9875, 
            2295.9058, 
            1492.2132, 
            924.2434, 
            1511.6642, 
            1745.9638, 
            1755.4349, 
            1784.9438, 
            1396.79, 
            869.1635, 
            1179.7857, 
            1065.9587, 
            1098.4986, 
            1352.5694, 
            981.5044, 
            1164.2275, 
            2870.059, 
            1288.582, 
            1058.2977, 
            2482.8895, 
            1780.8851, 
            2183.0868, 
            1290.3982, 
            1320.8446, 
            1798.8086, 
            1612.4723, 
            2156.724, 
            1504.0133, 
            2105.2618, 
            2185.26, 
            1748.4546, 
            1366.6286, 
            1238.3156, 
            1224.9939, 
            1347.0135, 
            1187.5853, 
            1454.4778, 
            1043.4303, 
            1972.7797, 
            1140.2571, 
            2724.0973, 
            902.9158, 
            1763.1271, 
            1851.1183, 
            859.6065, 
            1084.8513, 
            2934.4819, 
            1410.3516, 
            948.6326, 
            671.8421, 
            963.8168, 
            1359.0593, 
            2155.3931, 
            2411.708, 
            1097.6033, 
            1251.3261, 
            1530.1111, 
            1852.4583, 
            1255.8172, 
            2005.92, 
            1268.131, 
            1282.7163, 
            952.3214, 
            1052.7123, 
            2169.2963, 
            1839.2192, 
            2240.1843, 
            1348.5735, 
            1016.0384, 
            1714.6525, 
            645.4171, 
            1703.743, 
            2215.6736, 
            2210.6952, 
            1609.447, 
            1258.167, 
            2280.6653, 
            1049.4637, 
            1925.6148, 
            1322.2135, 
            1676.1948, 
            1257.2607, 
            1929.2545, 
            956.7035, 
            4575.106, 
            1285.3822, 
            1294.929, 
            1805.3382, 
            1700.2722, 
            2411.708, 
            2387.9498, 
            1503.6894, 
            1669.2684, 
            1283.2793, 
            2438.8943, 
            909.2931, 
            1561.5123, 
            1604.1292, 
            1948.4916, 
            1335.0382, 
            1671.2963, 
            1262.9454, 
            1102.5137, 
            1312.6156, 
            642.2635, 
            646.353, 
            1737.5923, 
            1666.9368, 
            1062.3038, 
            1270.9889, 
            2052.8603, 
            2029.0285, 
            1047.0187, 
            1901.7462, 
            805.4766, 
            947.2752, 
            2221.224, 
            1975.8543, 
            1058.0149, 
            844.5714, 
            2106.6584, 
            1385.0104, 
            1251.6509, 
            855.5555, 
            2699.3315, 
            928.2057, 
            2738.8107, 
            944.5792, 
            957.7465, 
            1535.7895, 
            1356.6213, 
            1280.8532, 
            1577.7446, 
            1103.5038, 
            1314.4433, 
            1035.5004, 
            1129.581, 
            907.0542, 
            999.8577, 
            884.8904, 
            1652.6389, 
            1292.4777, 
            2141.1567, 
            1184.2732, 
            1695.5104, 
            1315.7852, 
            1111.5163, 
            2075.2507, 
            1236.7737, 
            3426.0039, 
            2770.2415, 
            578.8714, 
            1094.364, 
            2302.4726, 
            3641.6494, 
            1020.0018, 
            804.5599, 
            2135.5765, 
            1900.4225, 
            1471.9194, 
            1492.2132, 
            2141.4643, 
            507.1826, 
            1341.2364, 
            2477.1172, 
            715.783, 
            2010.508, 
            3598.648, 
            1318.4302, 
            2210.0656, 
            714.1215, 
            1126.7194, 
            932.4217, 
            718.2638, 
            1492.2132, 
            2976.7529, 
            722.1213, 
            1440.4391, 
            1917.0457, 
            1171.6344, 
            801.4903, 
            2682.3226, 
            783.0828, 
            1404.965, 
            2656.1918, 
            901.1673, 
            977.9426, 
            2529.1114, 
            1757.3722, 
            1613.695, 
            1064.1282, 
            2044.4587, 
            2962.2422, 
            1924.2591, 
            1212.3761, 
            1304.7086, 
            1220.3012, 
            972.3455, 
            3000.7255, 
            1096.3541, 
            919.4841, 
            1962.6676, 
            1594.8534, 
            783.013, 
            1352.6544, 
            959.8751, 
            4823.7757, 
            1288.9878, 
            2211.5212, 
            1697.6424, 
            2243.4236, 
            2144.2073, 
            1791.4333, 
            1474.8827, 
            4255.1564, 
            1573.8033, 
            1002.4576, 
            1209.259, 
            2240.1843, 
            940.9928, 
            1200.4173, 
            1178.814, 
            1902.7037, 
            1304.5506, 
            1946.9337, 
            884.2392, 
            1024.4759, 
            1330.9724, 
            886.1666, 
            1086.6872, 
            2352.7852, 
            1020.8603, 
            1340.1982, 
            892.8556, 
            2181.6656, 
            860.5863, 
            2469.4465, 
            1821.1547, 
            3127.7441, 
            3052.0298, 
            737.9496, 
            1352.1365, 
            1037.1096, 
            946.6734, 
            5159.7824, 
            1238.0734, 
            1762.7039, 
            956.0023, 
            1515.1592, 
            1618.2317, 
            1267.9617, 
            1094.4707, 
            2098.4631, 
            1638.7617, 
            1649.1155, 
            1882.0377, 
            2945.0671, 
            1942.0042, 
            1647.6408, 
            940.5616, 
            1669.2684, 
            1833.4266, 
            2629.707, 
            2227.8616, 
            1351.7804, 
            1031.9605, 
            1474.7635, 
            1233.7488, 
            1966.8337, 
            1494.9389, 
            2303.9197, 
            917.2005, 
            2137.8604, 
            1064.533, 
            919.2754, 
            965.2728, 
            1741.1172, 
            1183.98, 
            1365.0422, 
            2081.673, 
            1051.1454, 
            1296.6941, 
            1077.7746, 
            2509.5909
        ], 
        "x": [
            2000.0, 
            600.0, 
            460.0, 
            1500.0, 
            2500.0, 
            1400.0, 
            3500.0, 
            3600.0, 
            1950.0, 
            3500.0, 
            2350.0, 
            1490.0, 
            1000.0, 
            3000.0, 
            1750.0, 
            850.0, 
            1390.0, 
            2150.0, 
            3600.0, 
            950.0, 
            1800.0, 
            900.0, 
            675.0, 
            700.0, 
            1000.0, 
            2300.0, 
            2900.0, 
            1200.0, 
            2800.0, 
            2100.0, 
            1800.0, 
            2300.0, 
            1000.0, 
            1100.0, 
            850.0, 
            1400.0, 
            1900.0, 
            1200.0, 
            950.0, 
            1000.0, 
            800.0, 
            850.0, 
            750.0, 
            1350.0, 
            1350.0, 
            850.0, 
            1200.0, 
            900.0, 
            800.0, 
            2350.0, 
            4000.0, 
            2550.0, 
            900.0, 
            3500.0, 
            1300.0, 
            1450.0, 
            1025.0, 
            1400.0, 
            2600.0, 
            800.0, 
            1900.0, 
            2500.0, 
            1200.0, 
            1650.0, 
            850.0, 
            2350.0, 
            1030.0, 
            795.0, 
            760.0, 
            3700.0, 
            1600.0, 
            980.0, 
            2600.0, 
            720.0, 
            1550.0, 
            1175.0, 
            2400.0, 
            2300.0, 
            1450.0, 
            800.0, 
            925.0, 
            895.0, 
            2750.0, 
            1950.0, 
            1500.0, 
            1000.0, 
            1950.0, 
            750.0, 
            1500.0, 
            2300.0, 
            1100.0, 
            1275.0, 
            2650.0, 
            800.0, 
            900.0, 
            1200.0, 
            1400.0, 
            900.0, 
            790.0, 
            2800.0, 
            1700.0, 
            1350.0, 
            1300.0, 
            1300.0, 
            850.0, 
            1950.0, 
            2850.0, 
            2000.0, 
            950.0, 
            1000.0, 
            2200.0, 
            1700.0, 
            1390.0, 
            2800.0, 
            1100.0, 
            3990.0, 
            2280.0, 
            1870.0, 
            930.0, 
            1100.0, 
            1700.0, 
            1375.0, 
            1350.0, 
            1900.0, 
            1400.0, 
            699.0, 
            3100.0, 
            1300.0, 
            1750.0, 
            1750.0, 
            950.0, 
            850.0, 
            1040.0, 
            2600.0, 
            2000.0, 
            1500.0, 
            1980.0, 
            790.0, 
            1580.0, 
            1650.0, 
            1410.0, 
            1450.0, 
            1300.0, 
            3900.0, 
            1000.0, 
            2500.0, 
            850.0, 
            1200.0, 
            2500.0, 
            1750.0, 
            3150.0, 
            1200.0, 
            2950.0, 
            875.0, 
            1850.0, 
            930.0, 
            1700.0, 
            1090.0, 
            1650.0, 
            2700.0, 
            1000.0, 
            1750.0, 
            650.0, 
            815.0, 
            1375.0, 
            2300.0, 
            1700.0, 
            810.0, 
            1300.0, 
            1150.0, 
            800.0, 
            1200.0, 
            2450.0, 
            950.0, 
            2400.0, 
            1400.0, 
            1000.0, 
            820.0, 
            870.0, 
            2700.0, 
            1180.0, 
            2550.0, 
            2400.0, 
            2500.0, 
            990.0, 
            900.0, 
            1300.0, 
            2800.0, 
            2100.0, 
            1380.0, 
            1700.0, 
            1700.0, 
            1270.0, 
            2700.0, 
            1550.0, 
            2000.0, 
            1150.0, 
            750.0, 
            3780.0, 
            1300.0, 
            919.0, 
            2000.0, 
            1200.0, 
            1100.0, 
            1600.0, 
            650.0, 
            700.0, 
            2400.0, 
            1400.0, 
            2000.0, 
            1500.0, 
            1200.0, 
            2300.0, 
            615.0, 
            1500.0, 
            1180.0, 
            600.0, 
            2500.0, 
            1150.0, 
            1500.0, 
            1299.0, 
            900.0, 
            930.0, 
            2500.0, 
            2100.0, 
            950.0, 
            1615.0, 
            1200.0, 
            1400.0, 
            1350.0, 
            2600.0, 
            1400.0, 
            1650.0, 
            1250.0, 
            1300.0, 
            1350.0, 
            1950.0, 
            2700.0, 
            1150.0, 
            1450.0, 
            2000.0, 
            1900.0, 
            1100.0, 
            1100.0, 
            1300.0, 
            2350.0, 
            1250.0, 
            480.0, 
            1500.0, 
            2950.0, 
            1550.0, 
            775.0, 
            2500.0, 
            1300.0, 
            1600.0, 
            2400.0, 
            820.0, 
            2500.0, 
            1300.0, 
            990.0, 
            1350.0, 
            1950.0, 
            900.0, 
            1100.0, 
            1350.0, 
            1000.0, 
            1000.0, 
            1900.0, 
            1950.0, 
            575.0, 
            930.0, 
            750.0, 
            1200.0, 
            2500.0, 
            2950.0, 
            1000.0, 
            2400.0, 
            1550.0, 
            2700.0, 
            1297.0, 
            1600.0, 
            1300.0, 
            2800.0, 
            3500.0, 
            1575.0, 
            3300.0, 
            1100.0, 
            1990.0, 
            800.0, 
            1400.0, 
            3200.0, 
            1190.0, 
            2600.0, 
            3240.0, 
            1800.0, 
            975.0, 
            795.0, 
            1200.0, 
            980.0, 
            775.0, 
            1000.0, 
            3500.0, 
            1690.0, 
            2000.0, 
            1200.0, 
            1500.0, 
            1700.0, 
            970.0, 
            800.0, 
            900.0, 
            1250.0, 
            3600.0, 
            1300.0, 
            950.0, 
            850.0, 
            890.0, 
            1800.0, 
            1850.0, 
            1100.0, 
            2100.0, 
            1350.0, 
            700.0, 
            950.0, 
            1900.0, 
            1400.0, 
            950.0, 
            990.0, 
            1450.0, 
            900.0, 
            700.0, 
            999.0, 
            3080.0, 
            700.0, 
            1200.0, 
            815.0, 
            3300.0, 
            980.0, 
            1000.0, 
            2500.0, 
            2300.0, 
            1650.0, 
            1100.0, 
            3400.0, 
            1200.0, 
            3950.0, 
            1660.0, 
            900.0, 
            975.0, 
            3780.0, 
            1100.0, 
            850.0, 
            1700.0, 
            1950.0, 
            2000.0, 
            1700.0, 
            1200.0, 
            2900.0, 
            2800.0, 
            2600.0, 
            3800.0, 
            1000.0, 
            2100.0, 
            900.0, 
            1450.0, 
            1600.0, 
            1100.0, 
            2800.0, 
            2500.0, 
            1300.0, 
            1100.0, 
            1250.0, 
            1600.0, 
            850.0, 
            750.0, 
            1500.0, 
            2430.0, 
            1200.0, 
            1500.0, 
            1200.0, 
            1190.0, 
            790.0, 
            800.0, 
            1300.0, 
            2100.0, 
            750.0, 
            1300.0, 
            1050.0, 
            750.0, 
            1300.0, 
            3850.0, 
            900.0, 
            1566.0, 
            1050.0, 
            950.0, 
            1520.0, 
            4000.0, 
            1650.0, 
            1300.0, 
            1650.0, 
            3500.0, 
            850.0, 
            1190.0, 
            2650.0, 
            2200.0, 
            1100.0, 
            1200.0, 
            1050.0, 
            2600.0, 
            1090.0, 
            1300.0, 
            900.0, 
            620.0, 
            1000.0, 
            1300.0, 
            1850.0, 
            1700.0, 
            1200.0, 
            800.0, 
            1099.0, 
            795.0, 
            1600.0, 
            775.0, 
            1745.0, 
            850.0, 
            975.0, 
            1100.0, 
            2800.0, 
            3300.0, 
            2700.0, 
            900.0, 
            1350.0, 
            1600.0, 
            1000.0, 
            1700.0, 
            900.0, 
            2800.0, 
            1150.0, 
            700.0, 
            2300.0, 
            750.0, 
            1600.0, 
            1200.0, 
            600.0, 
            830.0, 
            1100.0, 
            900.0, 
            1750.0, 
            800.0, 
            900.0, 
            1750.0, 
            850.0, 
            3200.0, 
            1100.0, 
            3500.0, 
            1100.0, 
            650.0, 
            3995.0, 
            2700.0, 
            3300.0, 
            1150.0, 
            840.0, 
            1200.0, 
            1100.0, 
            2400.0, 
            3800.0, 
            2800.0, 
            1500.0, 
            590.0, 
            1200.0, 
            1400.0, 
            1250.0, 
            700.0, 
            850.0, 
            1300.0, 
            1600.0, 
            950.0, 
            1700.0, 
            870.0, 
            750.0, 
            1600.0, 
            1400.0, 
            850.0, 
            980.0, 
            730.0, 
            1700.0, 
            1100.0, 
            850.0, 
            1080.0, 
            1580.0, 
            950.0, 
            1150.0, 
            650.0, 
            1250.0, 
            850.0, 
            2800.0, 
            950.0, 
            1500.0, 
            850.0, 
            2200.0, 
            1250.0, 
            2200.0, 
            1100.0, 
            1400.0, 
            1425.0, 
            3780.0, 
            1900.0, 
            2800.0, 
            700.0, 
            2500.0, 
            2000.0, 
            1450.0, 
            780.0, 
            1000.0, 
            1250.0, 
            2000.0, 
            990.0, 
            1250.0, 
            995.0, 
            1105.0, 
            2800.0, 
            890.0, 
            850.0, 
            2650.0, 
            930.0, 
            1025.0, 
            1800.0, 
            2190.0, 
            2000.0, 
            1450.0, 
            2700.0, 
            1600.0, 
            1000.0, 
            690.0, 
            1495.0, 
            800.0, 
            1650.0, 
            1150.0, 
            2000.0, 
            875.0, 
            3000.0, 
            800.0, 
            2900.0, 
            700.0, 
            1075.0, 
            1980.0, 
            3780.0, 
            2400.0, 
            850.0, 
            1750.0, 
            1300.0, 
            1250.0, 
            1100.0, 
            800.0, 
            900.0, 
            750.0, 
            3300.0, 
            850.0, 
            3600.0, 
            1500.0, 
            600.0, 
            1300.0, 
            1850.0, 
            1950.0, 
            2200.0, 
            1250.0, 
            950.0, 
            1000.0, 
            1200.0, 
            3000.0, 
            1850.0, 
            980.0, 
            700.0, 
            3499.0, 
            750.0, 
            850.0, 
            3000.0, 
            1500.0, 
            1550.0, 
            1250.0, 
            1150.0, 
            2200.0, 
            2500.0, 
            1750.0, 
            1600.0, 
            1950.0, 
            2100.0, 
            1400.0, 
            1600.0, 
            1300.0, 
            900.0, 
            1700.0, 
            1025.0, 
            1950.0, 
            800.0, 
            3780.0, 
            990.0, 
            2100.0, 
            1000.0, 
            1660.0, 
            1850.0, 
            1000.0, 
            690.0, 
            2450.0, 
            1700.0, 
            875.0, 
            900.0, 
            685.0, 
            1350.0, 
            2500.0, 
            1800.0, 
            1200.0, 
            1000.0, 
            1300.0, 
            1300.0, 
            700.0, 
            2500.0, 
            1280.0, 
            1199.0, 
            750.0, 
            860.0, 
            2000.0, 
            2100.0, 
            3950.0, 
            1050.0, 
            700.0, 
            1500.0, 
            720.0, 
            1350.0, 
            2000.0, 
            3800.0, 
            1250.0, 
            1750.0, 
            3200.0, 
            1200.0, 
            1350.0, 
            1260.0, 
            820.0, 
            1050.0, 
            1390.0, 
            875.0, 
            3850.0, 
            1200.0, 
            1400.0, 
            1500.0, 
            1600.0, 
            1800.0, 
            3000.0, 
            1350.0, 
            1300.0, 
            900.0, 
            1850.0, 
            850.0, 
            1500.0, 
            1850.0, 
            1900.0, 
            1100.0, 
            2400.0, 
            1000.0, 
            850.0, 
            1300.0, 
            700.0, 
            890.0, 
            2100.0, 
            2100.0, 
            890.0, 
            1100.0, 
            3000.0, 
            2800.0, 
            600.0, 
            1500.0, 
            750.0, 
            900.0, 
            2300.0, 
            3630.0, 
            850.0, 
            875.0, 
            2500.0, 
            1100.0, 
            1100.0, 
            900.0, 
            3000.0, 
            900.0, 
            2300.0, 
            1000.0, 
            950.0, 
            1250.0, 
            1050.0, 
            1300.0, 
            1700.0, 
            1100.0, 
            900.0, 
            1200.0, 
            1300.0, 
            950.0, 
            850.0, 
            890.0, 
            1200.0, 
            985.0, 
            2400.0, 
            1400.0, 
            2200.0, 
            1405.0, 
            1000.0, 
            2200.0, 
            1190.0, 
            3700.0, 
            3300.0, 
            699.0, 
            800.0, 
            3500.0, 
            2800.0, 
            1490.0, 
            675.0, 
            2200.0, 
            1300.0, 
            1400.0, 
            1500.0, 
            1975.0, 
            600.0, 
            900.0, 
            2000.0, 
            790.0, 
            1150.0, 
            2600.0, 
            1700.0, 
            1975.0, 
            820.0, 
            850.0, 
            1000.0, 
            700.0, 
            1500.0, 
            2900.0, 
            980.0, 
            1200.0, 
            3300.0, 
            950.0, 
            875.0, 
            3450.0, 
            700.0, 
            1675.0, 
            3400.0, 
            800.0, 
            875.0, 
            3600.0, 
            1700.0, 
            2500.0, 
            980.0, 
            2500.0, 
            2500.0, 
            2900.0, 
            1100.0, 
            1350.0, 
            1050.0, 
            1850.0, 
            4000.0, 
            900.0, 
            800.0, 
            2700.0, 
            1200.0, 
            800.0, 
            800.0, 
            990.0, 
            3500.0, 
            950.0, 
            3850.0, 
            600.0, 
            2100.0, 
            3000.0, 
            1935.0, 
            950.0, 
            3900.0, 
            1400.0, 
            1200.0, 
            1200.0, 
            3950.0, 
            875.0, 
            1700.0, 
            1100.0, 
            1950.0, 
            1350.0, 
            2500.0, 
            700.0, 
            800.0, 
            1590.0, 
            1100.0, 
            850.0, 
            3000.0, 
            1100.0, 
            1450.0, 
            1250.0, 
            1800.0, 
            800.0, 
            3100.0, 
            2450.0, 
            4000.0, 
            3700.0, 
            670.0, 
            1450.0, 
            1000.0, 
            695.0, 
            4000.0, 
            1030.0, 
            2500.0, 
            950.0, 
            1500.0, 
            1164.0, 
            1800.0, 
            1000.0, 
            1700.0, 
            1300.0, 
            1600.0, 
            2400.0, 
            2300.0, 
            1450.0, 
            1500.0, 
            850.0, 
            1300.0, 
            1500.0, 
            4000.0, 
            1700.0, 
            1750.0, 
            2600.0, 
            1100.0, 
            1800.0, 
            1850.0, 
            1200.0, 
            1750.0, 
            1350.0, 
            1750.0, 
            950.0, 
            900.0, 
            1000.0, 
            2745.0, 
            824.0, 
            1100.0, 
            1900.0, 
            900.0, 
            1450.0, 
            800.0, 
            2500.0
        ]
    }, 
    "processed_feature_names": [
        "bathrooms", 
        "distance", 
        "floor", 
        "rooms", 
        "size", 
        "dummy:has360:False", 
        "dummy:has360:N/A", 
        "dummy:hasLift:True", 
        "dummy:hasLift:N/A", 
        "dummy:propertyType:flat", 
        "dummy:propertyType:penthouse", 
        "dummy:propertyType:studio", 
        "dummy:propertyType:duplex", 
        "dummy:propertyType:N/A", 
        "dummy:exterior:True", 
        "dummy:exterior:N/A", 
        "dummy:hasPlan:False", 
        "dummy:hasPlan:N/A", 
        "dummy:hasVideo:False", 
        "dummy:hasVideo:N/A", 
        "dummy:detailedType_typology:flat", 
        "dummy:detailedType_typology:N/A", 
        "dummy:hasParkingSpace:True", 
        "dummy:hasParkingSpace:N/A", 
        "dummy:hasParkingSpace:__Others__"
    ], 
    "regression_performance": {
        "max_error": 1243.3806202017638, 
        "median_error": -46.76742945159174, 
        "error_distribution": [
            {
                "count": 55, 
                "bin_max": -535.76982582522965, 
                "bin_id": 0, 
                "bin_min": -735.4300425460367
            }, 
            {
                "count": 85, 
                "bin_max": -338.08644293334152, 
                "bin_id": 1, 
                "bin_min": -535.76982582522965
            }, 
            {
                "count": 178, 
                "bin_max": -140.40306004145339, 
                "bin_id": 2, 
                "bin_min": -338.08644293334152
            }, 
            {
                "count": 211, 
                "bin_max": 57.2803228504348, 
                "bin_id": 3, 
                "bin_min": -140.40306004145339
            }, 
            {
                "count": 149, 
                "bin_max": 254.96370574232299, 
                "bin_id": 4, 
                "bin_min": 57.2803228504348
            }, 
            {
                "count": 58, 
                "bin_max": 452.64708863421106, 
                "bin_id": 5, 
                "bin_min": 254.96370574232299
            }, 
            {
                "count": 39, 
                "bin_max": 650.33047152609925, 
                "bin_id": 6, 
                "bin_min": 452.64708863421106
            }, 
            {
                "count": 23, 
                "bin_max": 848.01385441798743, 
                "bin_id": 7, 
                "bin_min": 650.33047152609925
            }, 
            {
                "count": 19, 
                "bin_max": 1045.6972373098756, 
                "bin_id": 8, 
                "bin_min": 848.01385441798743
            }, 
            {
                "count": 23, 
                "bin_max": 1243.3806202017638, 
                "bin_id": 9, 
                "bin_min": 1045.6972373098756
            }
        ], 
        "min_error": -733.45320871711783, 
        "average_error": 5.4542534473966775, 
        "std_error": 399.8840444013686, 
        "p75_error": 159.74229140070196, 
        "p90_error": 519.1418869681072, 
        "p25_error": -250.6702729656335
    }
}