{
    "modelInputIsSparse": false, 
    "modelInputNRows": 3308, 
    "modelInputNCols": 25, 
    "modelInputMemory": 661600, 
    "lmCoefficients": {
        "interceptStderr": null, 
        "interceptTstat": null, 
        "rescaledInterceptCoef": 235136999602397.28, 
        "rescaledCoefs": [
            247.3022834703408, 
            -0.064361916109414968, 
            -1.1974779722196183, 
            -4.0908531503645369, 
            7.3427843723251698, 
            -370.49917228161519, 
            100722602005265.33, 
            179.77936219828939, 
            251682049161531.28, 
            5549060216724212.0, 
            5549060216724308.0, 
            5549060216724099.0, 
            5549060216724178.0, 
            155438911149026.22, 
            38.847721183100504, 
            64.0, 
            -154.90541746118652, 
            0.00048828125, 
            21.58633399462343, 
            -5549060216723847.0, 
            -235136999601764.84, 
            -235136999601838.41
        ], 
        "variables": [
            "bathrooms", 
            "distance", 
            "floor", 
            "rooms", 
            "size", 
            "dummy:has360:False", 
            "dummy:has360:N/A", 
            "dummy:hasLift:True", 
            "dummy:hasLift:N/A", 
            "dummy:propertyType:flat", 
            "dummy:propertyType:penthouse", 
            "dummy:propertyType:studio", 
            "dummy:propertyType:duplex", 
            "dummy:propertyType:N/A", 
            "dummy:exterior:True", 
            "dummy:exterior:N/A", 
            "dummy:hasPlan:False", 
            "dummy:hasPlan:N/A", 
            "dummy:hasVideo:False", 
            "dummy:detailedType_typology:flat", 
            "dummy:hasParkingSpace:True", 
            "dummy:hasParkingSpace:__Others__"
        ], 
        "interceptCoef": 235136999603280.2, 
        "interceptPvalue": null, 
        "coefs": [
            221.07645780280046, 
            -217.87354572238581, 
            -3.3210172807217155, 
            -4.8393488370435787, 
            486.6440791572449, 
            -370.49917228161519, 
            100722602005265.33, 
            179.77936219828939, 
            251682049161531.28, 
            5549060216724212.0, 
            5549060216724308.0, 
            5549060216724099.0, 
            5549060216724178.0, 
            155438911149026.22, 
            38.847721183100504, 
            64.0, 
            -154.90541746118652, 
            0.00048828125, 
            21.58633399462343, 
            -5549060216723847.0, 
            -235136999601764.84, 
            -235136999601838.41
        ]
    }
}