{
    "metrics": {
        "rmse": 442.55949604333705, 
        "pearson": 0.84151385589357486, 
        "mae": 308.42864583333335, 
        "r2": 0.7080045438734005, 
        "mape": 0.1969562938813057, 
        "mse": 195858.90753813245, 
        "evs": 0.7081354692028462, 
        "rmsle": 0.24804843140375285
    }, 
    "scatterPlotData": {
        "y": [
            1560.3438, 
            859.7812, 
            914.7812, 
            1800.3438, 
            2184.3438, 
            1274.7812, 
            2689.3438, 
            2717.7812, 
            1756.7812, 
            2518.7812, 
            1473.25, 
            1361.7812, 
            1130.7812, 
            3389.3438, 
            1878.3438, 
            730.7812, 
            1748.7812, 
            2496.7812, 
            2753.3438, 
            1285.7812, 
            2044.7812, 
            1012.7812, 
            677.7812, 
            757.7812, 
            1126.7812, 
            2627.3438, 
            2236.0938, 
            1561.3438, 
            3757.3438, 
            2022.3438, 
            1539.7812, 
            2217.7812, 
            1429.3438, 
            1152.7812, 
            1139.7812, 
            1854.7812, 
            2235.3438, 
            1015.3438, 
            1789.7812, 
            1240.7812, 
            1271.7812, 
            1152.7812, 
            1099.7812, 
            1249.3438, 
            1385.7812, 
            1082.7812, 
            1551.7812, 
            845.7812, 
            840.7812, 
            2292.7812, 
            4532.3438, 
            1671.7812, 
            955.7812, 
            2689.3438, 
            1595.7812, 
            1892.7812, 
            970.7812, 
            1818.3438, 
            2114.7812, 
            949.7812, 
            1970.7812, 
            3073.25, 
            1096.7812, 
            1895.7812, 
            1506.7812, 
            2570.3438, 
            1000.7812, 
            984.7812, 
            1762.7812, 
            3175.7812, 
            1828.3438, 
            989.7812, 
            2868.5, 
            659.7812, 
            1659.3438, 
            1232.3438, 
            2111.7812, 
            1701.7812, 
            1359.3438, 
            832.7812, 
            1219.7812, 
            941.7812, 
            2464.3438, 
            2112.7812, 
            1571.7812, 
            1126.7812, 
            2233.7812, 
            751.7812, 
            1579.3438, 
            2689.7812, 
            1559.3438, 
            1499.7812, 
            1972.3438, 
            788.7812, 
            1083.7812, 
            1030.7812, 
            1297.7812, 
            940.7812, 
            708.3438, 
            2303.3438, 
            1879.7812, 
            971.3438, 
            1198.3438, 
            1851.7812, 
            928.7812, 
            1975.3438, 
            2615.3438, 
            1299.7812, 
            1055.7812, 
            1340.7812, 
            2423.7812, 
            1562.3438, 
            1374.7812, 
            2337.7812, 
            1146.7812, 
            3423.3438, 
            1521.3438, 
            1759.7812, 
            1147.7812, 
            1427.3438, 
            1399.7812, 
            1274.7812, 
            1785.7812, 
            1862.7812, 
            1017.7812, 
            1020.3438, 
            2709.7812, 
            1567.7812, 
            2019.7812, 
            1583.7812, 
            509.3438, 
            895.3438, 
            1032.3438, 
            3608.3438, 
            2091.7812, 
            1318.7812, 
            1973.7812, 
            814.7812, 
            1751.7812, 
            1581.7812, 
            1447.3438, 
            1728.7812, 
            1293.3438, 
            2544.7812, 
            1270.7812, 
            2765.125, 
            955.7812, 
            1225.7812, 
            1611.7812, 
            1195.7812, 
            2405.3438, 
            1016.7812, 
            3497.1562, 
            924.7812, 
            1835.7812, 
            1498.3438, 
            1703.7812, 
            816.3438, 
            1813.3438, 
            2508.3438, 
            1340.7812, 
            1811.3438, 
            656.7812, 
            1413.3438, 
            1067.3438, 
            1832.7812, 
            1672.7812, 
            874.7812, 
            1136.7812, 
            1093.3438, 
            901.3438, 
            1596.7812, 
            1817.7812, 
            764.7812, 
            2533.7812, 
            1178.9688, 
            1689.3438, 
            909.7812, 
            1046.7812, 
            2301.3438, 
            1099.3438, 
            2268.7812, 
            2597.7812, 
            2755.3438, 
            945.7812, 
            921.7812, 
            1293.3438, 
            2846.3438, 
            2340.3438, 
            1660.7812, 
            1298.7812, 
            1921.7812, 
            1386.7812, 
            1525.3438, 
            1842.3438, 
            1645.7812, 
            1124.7812, 
            890.7812, 
            1730.7812, 
            1458.7812, 
            912.3438, 
            1517.7812, 
            1276.7812, 
            1603.7812, 
            1509.7812, 
            1422.7812, 
            799.7812, 
            3012.3438, 
            1310.7812, 
            1613.3438, 
            1579.3438, 
            1465.7812, 
            2281.3438, 
            1003.7812, 
            1357.7812, 
            1222.7812, 
            614.7812, 
            3511.8438, 
            1297.7812, 
            1599.3438, 
            1235.3438, 
            935.7812, 
            963.7812, 
            2202.7812, 
            2441.3438, 
            851.7812, 
            1149.3438, 
            962.7812, 
            1446.7812, 
            1262.7812, 
            2921.3438, 
            1926.7812, 
            1902.7812, 
            1221.7812, 
            1222.7812, 
            1874.3438, 
            1814.7812, 
            1946.7812, 
            990.7812, 
            1577.3438, 
            1856.7812, 
            1697.7812, 
            1241.3438, 
            1018.7812, 
            1726.3438, 
            2151.3438, 
            1318.7812, 
            1035.7812, 
            1507.3438, 
            2853.7812, 
            1895.7812, 
            939.7812, 
            2086.7812, 
            1360.7812, 
            1391.7812, 
            3209.8438, 
            1412.3438, 
            2624.3438, 
            1175.7812, 
            729.3438, 
            1245.7812, 
            2079.7812, 
            1212.3438, 
            1460.3438, 
            1102.3438, 
            1062.7812, 
            1258.7812, 
            2150.7812, 
            2744.3438, 
            928.7812, 
            1017.7812, 
            878.7812, 
            1710.7812, 
            2570.1562, 
            3403.3438, 
            860.7812, 
            2111.7812, 
            1539.7812, 
            2012.7812, 
            1631.3438, 
            1345.7812, 
            1638.3438, 
            1774.3438, 
            3370.7812, 
            1486.3438, 
            3252.3438, 
            1154.7812, 
            1746.7812, 
            1636.7812, 
            1651.7812, 
            2962.3438, 
            1543.7812, 
            1818.7812, 
            2014.7812, 
            1987.7812, 
            1474.3438, 
            1105.7812, 
            1630.7812, 
            1119.3438, 
            904.7812, 
            947.7812, 
            2720.7812, 
            1235.0625, 
            3268.7812, 
            1395.7812, 
            2085.7812, 
            1674.7812, 
            1257.7812, 
            977.3438, 
            1118.7812, 
            1208.3438, 
            2738.3438, 
            1787.3438, 
            1072.3438, 
            984.7812, 
            1052.7812, 
            2031.3438, 
            1797.7812, 
            1216.7812, 
            2715.3438, 
            1701.7812, 
            491.7812, 
            1215.7812, 
            1521.7812, 
            1580.7812, 
            772.7812, 
            1259.7812, 
            1486.7812, 
            1392.3438, 
            404.7812, 
            1117.7812, 
            3594.75, 
            913.7812, 
            1261.3438, 
            927.7812, 
            3252.3438, 
            976.3438, 
            1400.7812, 
            2345.7812, 
            2056.7812, 
            1409.3438, 
            1056.7812, 
            2930.3438, 
            1258.7812, 
            3373.3125, 
            2077.3438, 
            951.3438, 
            1140.7812, 
            2083.7812, 
            1425.3438, 
            689.7812, 
            1804.3438, 
            2246.7812, 
            2157.7812, 
            1640.7812, 
            1222.3438, 
            2569.3438, 
            2960.3438, 
            1908.7812, 
            2718.3438, 
            1152.7812, 
            1885.7812, 
            968.7812, 
            1914.7812, 
            1587.7812, 
            1150.7812, 
            3138.3438, 
            1667.3438, 
            1638.3438, 
            1259.7812, 
            1535.7812, 
            1089.3438, 
            779.7812, 
            741.7812, 
            1900.3438, 
            1269.7812, 
            1047.7812, 
            1360.7812, 
            1253.7812, 
            1052.3438, 
            700.3438, 
            931.3438, 
            1181.7812, 
            2259.7812, 
            742.7812, 
            1293.3438, 
            934.7812, 
            936.7812, 
            1324.7812, 
            2902.7812, 
            816.3438, 
            1741.7812, 
            1200.7812, 
            1231.7812, 
            1697.3438, 
            4272.4375, 
            1692.7812, 
            1573.7812, 
            1938.7812, 
            3142.3438, 
            1049.7812, 
            1703.7812, 
            2674.7812, 
            2184.7812, 
            997.7812, 
            1051.7812, 
            1103.7812, 
            2736.7812, 
            975.7812, 
            1090.7812, 
            697.7812, 
            834.7812, 
            1334.7812, 
            1938.7812, 
            1815.7812, 
            1943.6875, 
            1061.3438, 
            1219.7812, 
            1043.3438, 
            1183.7812, 
            1586.7812, 
            966.7812, 
            1320.7812, 
            996.7812, 
            805.7812, 
            1159.7812, 
            3301.7812, 
            2920.7812, 
            2071.7812, 
            950.3438, 
            877.7812, 
            1862.7812, 
            1241.7812, 
            1934.3438, 
            1227.7812, 
            2818.7812, 
            1093.7812, 
            510.7812, 
            1663.7812, 
            672.7812, 
            1713.7812, 
            341.7812, 
            449.7812, 
            767.7812, 
            639.7812, 
            1165.3438, 
            1980.3438, 
            1058.7812, 
            917.7812, 
            1878.7812, 
            888.3438, 
            2472.3438, 
            1018.3438, 
            3367.3438, 
            988.7812, 
            809.7812, 
            1818.7812, 
            2818.3438, 
            2627.7812, 
            1221.7812, 
            1549.7812, 
            1131.7812, 
            1237.7812, 
            2003.3438, 
            3639.7812, 
            2462.3438, 
            1413.3438, 
            727.7812, 
            1416.7812, 
            1531.7812, 
            1452.7812, 
            579.3438, 
            691.7812, 
            1209.7812, 
            1402.7812, 
            1208.3438, 
            1293.3438, 
            1428.7812, 
            1246.7812, 
            2017.7812, 
            1304.7812, 
            931.7812, 
            1237.7812, 
            873.7812, 
            1848.3438, 
            1313.7812, 
            743.7812, 
            991.7812, 
            1553.3438, 
            1593.3438, 
            1422.7812, 
            656.7812, 
            1217.3438, 
            1199.7812, 
            2847.3438, 
            1321.7812, 
            1689.7812, 
            764.7812, 
            1947.7812, 
            1300.3438, 
            2040.3438, 
            1107.7812, 
            1245.7812, 
            1464.3438, 
            1836.7812, 
            1800.7812, 
            2342.3438, 
            936.7812, 
            3052.3438, 
            2219.3438, 
            1283.7812, 
            594.7812, 
            1021.7812, 
            1457.7812, 
            2533.7812, 
            1153.7812, 
            1488.3438, 
            1287.7812, 
            857.7812, 
            1904.7812, 
            978.7812, 
            653.7812, 
            2196.3438, 
            963.7812, 
            1240.3438, 
            2197.7812, 
            2123.7812, 
            2430.7812, 
            1522.3438, 
            2073.7812, 
            2259.7812, 
            1069.7812, 
            600.7812, 
            1382.3438, 
            965.3438, 
            1398.7812, 
            1858.7812, 
            1613.3438, 
            1058.7812, 
            2686.7812, 
            982.7812, 
            2465.7812, 
            951.7812, 
            915.7812, 
            2596.7812, 
            2083.7812, 
            1984.7812, 
            788.7812, 
            2004.3438, 
            1501.7812, 
            1398.3438, 
            1216.7812, 
            876.7812, 
            1154.7812, 
            755.3438, 
            2547.7812, 
            925.7812, 
            2286.7812, 
            1498.7812, 
            929.7812, 
            1508.7812, 
            1738.7812, 
            1758.3438, 
            1780.7812, 
            1395.7812, 
            877.3438, 
            1182.7812, 
            1065.7812, 
            1083.4688, 
            1352.7812, 
            989.7812, 
            1168.7812, 
            2865.3438, 
            1297.7812, 
            1062.7812, 
            2490.7812, 
            1773.7812, 
            2172.3438, 
            1291.7812, 
            1321.3438, 
            1791.3438, 
            1597.7188, 
            2154.3438, 
            1503.7812, 
            2112.7812, 
            2182.7812, 
            1747.3438, 
            1371.7812, 
            1247.7812, 
            1227.7812, 
            1352.7812, 
            1198.3438, 
            1453.3438, 
            1045.7812, 
            1978.7812, 
            1142.7812, 
            2715.3438, 
            912.3438, 
            1758.3438, 
            1846.7812, 
            865.7812, 
            1092.7812, 
            2919.7812, 
            1405.3438, 
            949.7812, 
            680.3438, 
            970.3438, 
            1366.7812, 
            2150.7812, 
            2412.7812, 
            1090.7812, 
            1254.7812, 
            1527.3438, 
            1857.3438, 
            1266.3438, 
            2003.7812, 
            1276.7812, 
            1287.7812, 
            955.7812, 
            1045.0625, 
            2161.7812, 
            1839.7812, 
            2240.7812, 
            1349.7812, 
            1024.7812, 
            1710.3438, 
            654.7812, 
            1697.3438, 
            2219.7812, 
            2211.3438, 
            1608.3438, 
            1259.3438, 
            2286.3438, 
            1057.7812, 
            1921.3438, 
            1323.3438, 
            1675.3438, 
            1257.7812, 
            1932.3438, 
            966.7812, 
            4559.75, 
            1284.7812, 
            1294.7812, 
            1804.7812, 
            1698.3438, 
            2412.7812, 
            2367.0312, 
            1505.3438, 
            1662.3438, 
            1283.3438, 
            2427.7812, 
            911.7812, 
            1556.3438, 
            1597.7812, 
            1943.3438, 
            1343.7812, 
            1684.3438, 
            1270.7812, 
            1101.3438, 
            1323.3438, 
            650.3438, 
            649.7812, 
            1737.7812, 
            1669.3438, 
            1068.7812, 
            1281.3438, 
            2054.7812, 
            2027.7812, 
            1054.7812, 
            1899.3438, 
            811.3438, 
            949.7812, 
            2221.7812, 
            1961.3438, 
            1057.3438, 
            853.7812, 
            2091.7812, 
            1394.7812, 
            1259.3438, 
            864.3438, 
            2711.7812, 
            927.7812, 
            2737.7812, 
            942.7812, 
            965.7812, 
            1534.7812, 
            1365.7812, 
            1278.7812, 
            1576.7812, 
            1109.7812, 
            1311.7812, 
            1043.7812, 
            1128.3438, 
            914.7812, 
            1005.7812, 
            887.7812, 
            1642.7812, 
            1301.7812, 
            2141.3438, 
            1194.3438, 
            1695.7812, 
            1315.7812, 
            1119.7812, 
            2080.7812, 
            1243.7812, 
            3427.7812, 
            2759.7812, 
            584.7812, 
            1102.7812, 
            2298.7812, 
            3617.5, 
            1027.7812, 
            810.3438, 
            2128.7812, 
            1911.3438, 
            1466.7812, 
            1498.7812, 
            2126.7812, 
            512.7812, 
            1342.7812, 
            2481.3438, 
            714.7812, 
            1998.7812, 
            3591.3438, 
            1310.7812, 
            2204.7812, 
            719.3438, 
            1133.7812, 
            935.7812, 
            725.7812, 
            1498.7812, 
            2964.7812, 
            727.7812, 
            1438.7812, 
            1906.3438, 
            1179.7812, 
            804.7812, 
            2676.3438, 
            786.7812, 
            1404.3438, 
            2622.3438, 
            904.7812, 
            983.7812, 
            2499.6875, 
            1756.3438, 
            1608.3438, 
            1066.7812, 
            2038.3438, 
            2951.3438, 
            1905.3438, 
            1215.7812, 
            1312.7812, 
            1223.7812, 
            958.5625, 
            2999.7812, 
            1101.7812, 
            926.7812, 
            1966.3438, 
            1588.7812, 
            785.7812, 
            1346.7812, 
            969.3438, 
            4793.5938, 
            1296.7812, 
            2202.7812, 
            1699.3438, 
            2231.7812, 
            2127.3438, 
            1788.7812, 
            1475.3438, 
            4236.3438, 
            1569.7812, 
            1008.7812, 
            1213.7812, 
            2240.7812, 
            951.7812, 
            1208.7812, 
            1185.7812, 
            1900.7812, 
            1315.3438, 
            1942.7812, 
            891.7812, 
            1029.7812, 
            1328.7812, 
            890.7812, 
            1090.7812, 
            2339.3438, 
            1026.7812, 
            1350.7812, 
            899.7812, 
            2169.7812, 
            866.7812, 
            2455.3438, 
            1817.7812, 
            3113.3438, 
            3033.7812, 
            743.3438, 
            1352.3438, 
            1033.3438, 
            956.3438, 
            5158.3438, 
            1248.3438, 
            1757.7812, 
            957.3438, 
            1521.7812, 
            1616.3438, 
            1276.7812, 
            1100.7812, 
            2086.0625, 
            1638.3438, 
            1646.3438, 
            1875.7812, 
            2938.3438, 
            1939.7812, 
            1652.7812, 
            942.7812, 
            1662.3438, 
            1820.3438, 
            2605.3438, 
            2233.3438, 
            1354.7812, 
            1014.5625, 
            1482.7812, 
            1241.7812, 
            1966.7812, 
            1500.3438, 
            2295.3438, 
            927.3438, 
            2123.7812, 
            1070.7812, 
            922.7812, 
            972.7812, 
            1740.7812, 
            1167.3438, 
            1354.7812, 
            2079.7812, 
            1060.3438, 
            1301.7812, 
            1076.7812, 
            2494.3438
        ], 
        "x": [
            2000.0, 
            600.0, 
            460.0, 
            1500.0, 
            2500.0, 
            1400.0, 
            3500.0, 
            3600.0, 
            1950.0, 
            3500.0, 
            2350.0, 
            1490.0, 
            1000.0, 
            3000.0, 
            1750.0, 
            850.0, 
            1390.0, 
            2150.0, 
            3600.0, 
            950.0, 
            1800.0, 
            900.0, 
            675.0, 
            700.0, 
            1000.0, 
            2300.0, 
            2900.0, 
            1200.0, 
            2800.0, 
            2100.0, 
            1800.0, 
            2300.0, 
            1000.0, 
            1100.0, 
            850.0, 
            1400.0, 
            1900.0, 
            1200.0, 
            950.0, 
            1000.0, 
            800.0, 
            850.0, 
            750.0, 
            1350.0, 
            1350.0, 
            850.0, 
            1200.0, 
            900.0, 
            800.0, 
            2350.0, 
            4000.0, 
            2550.0, 
            900.0, 
            3500.0, 
            1300.0, 
            1450.0, 
            1025.0, 
            1400.0, 
            2600.0, 
            800.0, 
            1900.0, 
            2500.0, 
            1200.0, 
            1650.0, 
            850.0, 
            2350.0, 
            1030.0, 
            795.0, 
            760.0, 
            3700.0, 
            1600.0, 
            980.0, 
            2600.0, 
            720.0, 
            1550.0, 
            1175.0, 
            2400.0, 
            2300.0, 
            1450.0, 
            800.0, 
            925.0, 
            895.0, 
            2750.0, 
            1950.0, 
            1500.0, 
            1000.0, 
            1950.0, 
            750.0, 
            1500.0, 
            2300.0, 
            1100.0, 
            1275.0, 
            2650.0, 
            800.0, 
            900.0, 
            1200.0, 
            1400.0, 
            900.0, 
            790.0, 
            2800.0, 
            1700.0, 
            1350.0, 
            1300.0, 
            1300.0, 
            850.0, 
            1950.0, 
            2850.0, 
            2000.0, 
            950.0, 
            1000.0, 
            2200.0, 
            1700.0, 
            1390.0, 
            2800.0, 
            1100.0, 
            3990.0, 
            2280.0, 
            1870.0, 
            930.0, 
            1100.0, 
            1700.0, 
            1375.0, 
            1350.0, 
            1900.0, 
            1400.0, 
            699.0, 
            3100.0, 
            1300.0, 
            1750.0, 
            1750.0, 
            950.0, 
            850.0, 
            1040.0, 
            2600.0, 
            2000.0, 
            1500.0, 
            1980.0, 
            790.0, 
            1580.0, 
            1650.0, 
            1410.0, 
            1450.0, 
            1300.0, 
            3900.0, 
            1000.0, 
            2500.0, 
            850.0, 
            1200.0, 
            2500.0, 
            1750.0, 
            3150.0, 
            1200.0, 
            2950.0, 
            875.0, 
            1850.0, 
            930.0, 
            1700.0, 
            1090.0, 
            1650.0, 
            2700.0, 
            1000.0, 
            1750.0, 
            650.0, 
            815.0, 
            1375.0, 
            2300.0, 
            1700.0, 
            810.0, 
            1300.0, 
            1150.0, 
            800.0, 
            1200.0, 
            2450.0, 
            950.0, 
            2400.0, 
            1400.0, 
            1000.0, 
            820.0, 
            870.0, 
            2700.0, 
            1180.0, 
            2550.0, 
            2400.0, 
            2500.0, 
            990.0, 
            900.0, 
            1300.0, 
            2800.0, 
            2100.0, 
            1380.0, 
            1700.0, 
            1700.0, 
            1270.0, 
            2700.0, 
            1550.0, 
            2000.0, 
            1150.0, 
            750.0, 
            3780.0, 
            1300.0, 
            919.0, 
            2000.0, 
            1200.0, 
            1100.0, 
            1600.0, 
            650.0, 
            700.0, 
            2400.0, 
            1400.0, 
            2000.0, 
            1500.0, 
            1200.0, 
            2300.0, 
            615.0, 
            1500.0, 
            1180.0, 
            600.0, 
            2500.0, 
            1150.0, 
            1500.0, 
            1299.0, 
            900.0, 
            930.0, 
            2500.0, 
            2100.0, 
            950.0, 
            1615.0, 
            1200.0, 
            1400.0, 
            1350.0, 
            2600.0, 
            1400.0, 
            1650.0, 
            1250.0, 
            1300.0, 
            1350.0, 
            1950.0, 
            2700.0, 
            1150.0, 
            1450.0, 
            2000.0, 
            1900.0, 
            1100.0, 
            1100.0, 
            1300.0, 
            2350.0, 
            1250.0, 
            480.0, 
            1500.0, 
            2950.0, 
            1550.0, 
            775.0, 
            2500.0, 
            1300.0, 
            1600.0, 
            2400.0, 
            820.0, 
            2500.0, 
            1300.0, 
            990.0, 
            1350.0, 
            1950.0, 
            900.0, 
            1100.0, 
            1350.0, 
            1000.0, 
            1000.0, 
            1900.0, 
            1950.0, 
            575.0, 
            930.0, 
            750.0, 
            1200.0, 
            2500.0, 
            2950.0, 
            1000.0, 
            2400.0, 
            1550.0, 
            2700.0, 
            1297.0, 
            1600.0, 
            1300.0, 
            2800.0, 
            3500.0, 
            1575.0, 
            3300.0, 
            1100.0, 
            1990.0, 
            800.0, 
            1400.0, 
            3200.0, 
            1190.0, 
            2600.0, 
            3240.0, 
            1800.0, 
            975.0, 
            795.0, 
            1200.0, 
            980.0, 
            775.0, 
            1000.0, 
            3500.0, 
            1690.0, 
            2000.0, 
            1200.0, 
            1500.0, 
            1700.0, 
            970.0, 
            800.0, 
            900.0, 
            1250.0, 
            3600.0, 
            1300.0, 
            950.0, 
            850.0, 
            890.0, 
            1800.0, 
            1850.0, 
            1100.0, 
            2100.0, 
            1350.0, 
            700.0, 
            950.0, 
            1900.0, 
            1400.0, 
            950.0, 
            990.0, 
            1450.0, 
            900.0, 
            700.0, 
            999.0, 
            3080.0, 
            700.0, 
            1200.0, 
            815.0, 
            3300.0, 
            980.0, 
            1000.0, 
            2500.0, 
            2300.0, 
            1650.0, 
            1100.0, 
            3400.0, 
            1200.0, 
            3950.0, 
            1660.0, 
            900.0, 
            975.0, 
            3780.0, 
            1100.0, 
            850.0, 
            1700.0, 
            1950.0, 
            2000.0, 
            1700.0, 
            1200.0, 
            2900.0, 
            2800.0, 
            2600.0, 
            3800.0, 
            1000.0, 
            2100.0, 
            900.0, 
            1450.0, 
            1600.0, 
            1100.0, 
            2800.0, 
            2500.0, 
            1300.0, 
            1100.0, 
            1250.0, 
            1600.0, 
            850.0, 
            750.0, 
            1500.0, 
            2430.0, 
            1200.0, 
            1500.0, 
            1200.0, 
            1190.0, 
            790.0, 
            800.0, 
            1300.0, 
            2100.0, 
            750.0, 
            1300.0, 
            1050.0, 
            750.0, 
            1300.0, 
            3850.0, 
            900.0, 
            1566.0, 
            1050.0, 
            950.0, 
            1520.0, 
            4000.0, 
            1650.0, 
            1300.0, 
            1650.0, 
            3500.0, 
            850.0, 
            1190.0, 
            2650.0, 
            2200.0, 
            1100.0, 
            1200.0, 
            1050.0, 
            2600.0, 
            1090.0, 
            1300.0, 
            900.0, 
            620.0, 
            1000.0, 
            1300.0, 
            1850.0, 
            1700.0, 
            1200.0, 
            800.0, 
            1099.0, 
            795.0, 
            1600.0, 
            775.0, 
            1745.0, 
            850.0, 
            975.0, 
            1100.0, 
            2800.0, 
            3300.0, 
            2700.0, 
            900.0, 
            1350.0, 
            1600.0, 
            1000.0, 
            1700.0, 
            900.0, 
            2800.0, 
            1150.0, 
            700.0, 
            2300.0, 
            750.0, 
            1600.0, 
            1200.0, 
            600.0, 
            830.0, 
            1100.0, 
            900.0, 
            1750.0, 
            800.0, 
            900.0, 
            1750.0, 
            850.0, 
            3200.0, 
            1100.0, 
            3500.0, 
            1100.0, 
            650.0, 
            3995.0, 
            2700.0, 
            3300.0, 
            1150.0, 
            840.0, 
            1200.0, 
            1100.0, 
            2400.0, 
            3800.0, 
            2800.0, 
            1500.0, 
            590.0, 
            1200.0, 
            1400.0, 
            1250.0, 
            700.0, 
            850.0, 
            1300.0, 
            1600.0, 
            950.0, 
            1700.0, 
            870.0, 
            750.0, 
            1600.0, 
            1400.0, 
            850.0, 
            980.0, 
            730.0, 
            1700.0, 
            1100.0, 
            850.0, 
            1080.0, 
            1580.0, 
            950.0, 
            1150.0, 
            650.0, 
            1250.0, 
            850.0, 
            2800.0, 
            950.0, 
            1500.0, 
            850.0, 
            2200.0, 
            1250.0, 
            2200.0, 
            1100.0, 
            1400.0, 
            1425.0, 
            3780.0, 
            1900.0, 
            2800.0, 
            700.0, 
            2500.0, 
            2000.0, 
            1450.0, 
            780.0, 
            1000.0, 
            1250.0, 
            2000.0, 
            990.0, 
            1250.0, 
            995.0, 
            1105.0, 
            2800.0, 
            890.0, 
            850.0, 
            2650.0, 
            930.0, 
            1025.0, 
            1800.0, 
            2190.0, 
            2000.0, 
            1450.0, 
            2700.0, 
            1600.0, 
            1000.0, 
            690.0, 
            1495.0, 
            800.0, 
            1650.0, 
            1150.0, 
            2000.0, 
            875.0, 
            3000.0, 
            800.0, 
            2900.0, 
            700.0, 
            1075.0, 
            1980.0, 
            3780.0, 
            2400.0, 
            850.0, 
            1750.0, 
            1300.0, 
            1250.0, 
            1100.0, 
            800.0, 
            900.0, 
            750.0, 
            3300.0, 
            850.0, 
            3600.0, 
            1500.0, 
            600.0, 
            1300.0, 
            1850.0, 
            1950.0, 
            2200.0, 
            1250.0, 
            950.0, 
            1000.0, 
            1200.0, 
            3000.0, 
            1850.0, 
            980.0, 
            700.0, 
            3499.0, 
            750.0, 
            850.0, 
            3000.0, 
            1500.0, 
            1550.0, 
            1250.0, 
            1150.0, 
            2200.0, 
            2500.0, 
            1750.0, 
            1600.0, 
            1950.0, 
            2100.0, 
            1400.0, 
            1600.0, 
            1300.0, 
            900.0, 
            1700.0, 
            1025.0, 
            1950.0, 
            800.0, 
            3780.0, 
            990.0, 
            2100.0, 
            1000.0, 
            1660.0, 
            1850.0, 
            1000.0, 
            690.0, 
            2450.0, 
            1700.0, 
            875.0, 
            900.0, 
            685.0, 
            1350.0, 
            2500.0, 
            1800.0, 
            1200.0, 
            1000.0, 
            1300.0, 
            1300.0, 
            700.0, 
            2500.0, 
            1280.0, 
            1199.0, 
            750.0, 
            860.0, 
            2000.0, 
            2100.0, 
            3950.0, 
            1050.0, 
            700.0, 
            1500.0, 
            720.0, 
            1350.0, 
            2000.0, 
            3800.0, 
            1250.0, 
            1750.0, 
            3200.0, 
            1200.0, 
            1350.0, 
            1260.0, 
            820.0, 
            1050.0, 
            1390.0, 
            875.0, 
            3850.0, 
            1200.0, 
            1400.0, 
            1500.0, 
            1600.0, 
            1800.0, 
            3000.0, 
            1350.0, 
            1300.0, 
            900.0, 
            1850.0, 
            850.0, 
            1500.0, 
            1850.0, 
            1900.0, 
            1100.0, 
            2400.0, 
            1000.0, 
            850.0, 
            1300.0, 
            700.0, 
            890.0, 
            2100.0, 
            2100.0, 
            890.0, 
            1100.0, 
            3000.0, 
            2800.0, 
            600.0, 
            1500.0, 
            750.0, 
            900.0, 
            2300.0, 
            3630.0, 
            850.0, 
            875.0, 
            2500.0, 
            1100.0, 
            1100.0, 
            900.0, 
            3000.0, 
            900.0, 
            2300.0, 
            1000.0, 
            950.0, 
            1250.0, 
            1050.0, 
            1300.0, 
            1700.0, 
            1100.0, 
            900.0, 
            1200.0, 
            1300.0, 
            950.0, 
            850.0, 
            890.0, 
            1200.0, 
            985.0, 
            2400.0, 
            1400.0, 
            2200.0, 
            1405.0, 
            1000.0, 
            2200.0, 
            1190.0, 
            3700.0, 
            3300.0, 
            699.0, 
            800.0, 
            3500.0, 
            2800.0, 
            1490.0, 
            675.0, 
            2200.0, 
            1300.0, 
            1400.0, 
            1500.0, 
            1975.0, 
            600.0, 
            900.0, 
            2000.0, 
            790.0, 
            1150.0, 
            2600.0, 
            1700.0, 
            1975.0, 
            820.0, 
            850.0, 
            1000.0, 
            700.0, 
            1500.0, 
            2900.0, 
            980.0, 
            1200.0, 
            3300.0, 
            950.0, 
            875.0, 
            3450.0, 
            700.0, 
            1675.0, 
            3400.0, 
            800.0, 
            875.0, 
            3600.0, 
            1700.0, 
            2500.0, 
            980.0, 
            2500.0, 
            2500.0, 
            2900.0, 
            1100.0, 
            1350.0, 
            1050.0, 
            1850.0, 
            4000.0, 
            900.0, 
            800.0, 
            2700.0, 
            1200.0, 
            800.0, 
            800.0, 
            990.0, 
            3500.0, 
            950.0, 
            3850.0, 
            600.0, 
            2100.0, 
            3000.0, 
            1935.0, 
            950.0, 
            3900.0, 
            1400.0, 
            1200.0, 
            1200.0, 
            3950.0, 
            875.0, 
            1700.0, 
            1100.0, 
            1950.0, 
            1350.0, 
            2500.0, 
            700.0, 
            800.0, 
            1590.0, 
            1100.0, 
            850.0, 
            3000.0, 
            1100.0, 
            1450.0, 
            1250.0, 
            1800.0, 
            800.0, 
            3100.0, 
            2450.0, 
            4000.0, 
            3700.0, 
            670.0, 
            1450.0, 
            1000.0, 
            695.0, 
            4000.0, 
            1030.0, 
            2500.0, 
            950.0, 
            1500.0, 
            1164.0, 
            1800.0, 
            1000.0, 
            1700.0, 
            1300.0, 
            1600.0, 
            2400.0, 
            2300.0, 
            1450.0, 
            1500.0, 
            850.0, 
            1300.0, 
            1500.0, 
            4000.0, 
            1700.0, 
            1750.0, 
            2600.0, 
            1100.0, 
            1800.0, 
            1850.0, 
            1200.0, 
            1750.0, 
            1350.0, 
            1750.0, 
            950.0, 
            900.0, 
            1000.0, 
            2745.0, 
            824.0, 
            1100.0, 
            1900.0, 
            900.0, 
            1450.0, 
            800.0, 
            2500.0
        ]
    }, 
    "processed_feature_names": [
        "bathrooms", 
        "distance", 
        "floor", 
        "rooms", 
        "size", 
        "dummy:has360:False", 
        "dummy:has360:N/A", 
        "dummy:hasLift:True", 
        "dummy:hasLift:N/A", 
        "dummy:propertyType:flat", 
        "dummy:propertyType:penthouse", 
        "dummy:propertyType:studio", 
        "dummy:propertyType:duplex", 
        "dummy:propertyType:N/A", 
        "dummy:exterior:True", 
        "dummy:exterior:N/A", 
        "dummy:hasPlan:False", 
        "dummy:hasPlan:N/A", 
        "dummy:hasVideo:False", 
        "dummy:hasVideo:N/A", 
        "dummy:detailedType_typology:flat", 
        "dummy:detailedType_typology:N/A", 
        "dummy:hasParkingSpace:True", 
        "dummy:hasParkingSpace:N/A", 
        "dummy:hasParkingSpace:__Others__"
    ], 
    "regression_performance": {
        "max_error": 1244.5787500000024, 
        "median_error": -50.0625, 
        "error_distribution": [
            {
                "count": 55, 
                "bin_max": -526.81924999999967, 
                "bin_id": 0, 
                "bin_min": -725.60946999999987
            }, 
            {
                "count": 87, 
                "bin_max": -329.99724999999944, 
                "bin_id": 1, 
                "bin_min": -526.81924999999967
            }, 
            {
                "count": 182, 
                "bin_max": -133.17524999999921, 
                "bin_id": 2, 
                "bin_min": -329.99724999999944
            }, 
            {
                "count": 215, 
                "bin_max": 63.64675000000102, 
                "bin_id": 3, 
                "bin_min": -133.17524999999921
            }, 
            {
                "count": 144, 
                "bin_max": 260.46875000000125, 
                "bin_id": 4, 
                "bin_min": 63.64675000000102
            }, 
            {
                "count": 51, 
                "bin_max": 457.29075000000148, 
                "bin_id": 5, 
                "bin_min": 260.46875000000125
            }, 
            {
                "count": 38, 
                "bin_max": 654.11275000000182, 
                "bin_id": 6, 
                "bin_min": 457.29075000000148
            }, 
            {
                "count": 25, 
                "bin_max": 850.93475000000194, 
                "bin_id": 7, 
                "bin_min": 654.11275000000182
            }, 
            {
                "count": 20, 
                "bin_max": 1047.7567500000021, 
                "bin_id": 8, 
                "bin_min": 850.93475000000194
            }, 
            {
                "count": 23, 
                "bin_max": 1244.5787500000024, 
                "bin_id": 9, 
                "bin_min": 1047.7567500000021
            }
        ], 
        "min_error": -723.6412499999999, 
        "average_error": 5.298363095238145, 
        "std_error": 400.14040511977635, 
        "p75_error": 158.46875, 
        "p90_error": 524.21875, 
        "p25_error": -250.921875
    }
}