{
  "state": "DONE",
  "preSearchDescription": {
    "gridLength": 1,
    "importantParams": []
  },
  "postSearchDescription": {
    "importantParams": []
  },
  "sampleWeightsEnabled": false,
  "modelId": "m1",
  "progress": {
    "top_level_todo": [],
    "stack": [],
    "top_level_done": [
      {
        "name": "Loading train set",
        "time": 59
      },
      {
        "name": "Loading test set",
        "time": 18
      },
      {
        "name": "Collecting statistics",
        "time": 22
      },
      {
        "name": "Preprocessing train set",
        "time": 53
      },
      {
        "name": "Preprocessing test set",
        "time": 44
      },
      {
        "name": "Fitting model",
        "time": 37
      },
      {
        "name": "Saving model",
        "time": 1
      },
      {
        "name": "Scoring model",
        "time": 44
      }
    ]
  },
  "startTime": 1544046527083,
  "endTime": 1544046527363,
  "preprocessingTime": 198,
  "trainingTime": 82
}