{
    "per_feature": {
        "status": {
            "stats": {}
        }, 
        "has360": {
            "stats": {
                "mostFrequentValue": "False", 
                "leastFrequentValue": "True"
            }, 
            "category_possible_counts": [
                3169
            ], 
            "category_possible_values": [
                "False"
            ]
        }, 
        "bathrooms": {
            "stats": {
                "std": 0.8939523513510719, 
                "p99": 5.0, 
                "min": 1.0, 
                "max": 9.0, 
                "average": 1.6937726723095525, 
                "median": 1.0
            }, 
            "missing_impute_with_value": 1.6937726723095525
        }, 
        "has3DTour": {
            "stats": {}
        }, 
        "hasLift": {
            "stats": {
                "mostFrequentValue": "True", 
                "leastFrequentValue": "False"
            }, 
            "category_possible_counts": [
                2846
            ], 
            "category_possible_values": [
                "True"
            ]
        }, 
        "propertyType": {
            "stats": {
                "mostFrequentValue": "flat", 
                "leastFrequentValue": "chalet"
            }, 
            "category_possible_counts": [
                2751, 
                219, 
                154, 
                94
            ], 
            "category_possible_values": [
                "flat", 
                "penthouse", 
                "studio", 
                "duplex"
            ]
        }, 
        "municipality": {
            "stats": {}
        }, 
        "newDevelopment": {
            "stats": {}
        }, 
        "rooms": {
            "stats": {
                "std": 1.182968114270331, 
                "p99": 5.0, 
                "min": 0.0, 
                "max": 9.0, 
                "average": 2.1695888754534463, 
                "median": 2.0
            }, 
            "missing_impute_with_value": 2.1695888754534463
        }, 
        "exterior": {
            "stats": {
                "mostFrequentValue": "True", 
                "leastFrequentValue": "False"
            }, 
            "category_possible_counts": [
                2660
            ], 
            "category_possible_values": [
                "True"
            ]
        }, 
        "neighborhood": {
            "stats": {}
        }, 
        "operation": {
            "stats": {}
        }, 
        "hasPlan": {
            "stats": {
                "mostFrequentValue": "False", 
                "leastFrequentValue": "True"
            }, 
            "category_possible_counts": [
                2273
            ], 
            "category_possible_values": [
                "False"
            ]
        }, 
        "size": {
            "stats": {
                "std": 66.27514230043282, 
                "p99": 382.7899999999995, 
                "min": 20.0, 
                "max": 565.0, 
                "average": 104.20677146311971, 
                "median": 86.0
            }, 
            "missing_impute_with_value": 104.20677146311971
        }, 
        "suggestedTexts_title": {
            "stats": {}
        }, 
        "district": {
            "stats": {}
        }, 
        "floor": {
            "stats": {
                "std": 2.7733431075696133, 
                "p99": 12.0, 
                "min": -1.0, 
                "max": 22.0, 
                "average": 3.19316807738815, 
                "median": 3.0
            }, 
            "missing_impute_with_value": 3.19316807738815
        }, 
        "numPhotos": {
            "stats": {}
        }, 
        "hasVideo": {
            "stats": {
                "mostFrequentValue": "False", 
                "leastFrequentValue": "True"
            }, 
            "category_possible_counts": [
                2774
            ], 
            "category_possible_values": [
                "False"
            ]
        }, 
        "latitude": {
            "stats": {}
        }, 
        "detailedType_typology": {
            "stats": {
                "mostFrequentValue": "flat", 
                "leastFrequentValue": "chalet"
            }, 
            "category_possible_counts": [
                3218
            ], 
            "category_possible_values": [
                "flat"
            ]
        }, 
        "propertyCode": {
            "stats": {}
        }, 
        "thumbnail": {
            "stats": {}
        }, 
        "province": {
            "stats": {}
        }, 
        "suggestedTexts_subtitle": {
            "stats": {}
        }, 
        "detailedType_subTypology": {
            "stats": {}
        }, 
        "parkingSpaceIncluded": {
            "stats": {}
        }, 
        "price": {
            "stats": {}
        }, 
        "address": {
            "stats": {}
        }, 
        "parkingSpacePrice": {
            "stats": {}
        }, 
        "externalReference": {
            "stats": {}
        }, 
        "distance": {
            "stats": {
                "std": 3385.1314394059023, 
                "p99": 14372.019999999999, 
                "min": 48.0, 
                "max": 14944.0, 
                "average": 4481.261487303506, 
                "median": 3388.0
            }, 
            "missing_impute_with_value": 4481.261487303506
        }, 
        "url": {
            "stats": {}
        }, 
        "country": {
            "stats": {}
        }, 
        "geopoint": {
            "stats": {}
        }, 
        "longitude": {
            "stats": {}
        }, 
        "priceByArea": {
            "stats": {}
        }, 
        "showAddress": {
            "stats": {}
        }, 
        "hasParkingSpace": {
            "missing_impute_with_value": "False", 
            "stats": {
                "mostFrequentValue": "True", 
                "leastFrequentValue": "True"
            }, 
            "category_possible_counts": [
                1111
            ], 
            "category_possible_values": [
                "True"
            ]
        }
    }, 
    "feature_order": [
        "status", 
        "has360", 
        "bathrooms", 
        "has3DTour", 
        "hasLift", 
        "propertyType", 
        "municipality", 
        "newDevelopment", 
        "rooms", 
        "exterior", 
        "neighborhood", 
        "operation", 
        "hasPlan", 
        "size", 
        "suggestedTexts_title", 
        "district", 
        "floor", 
        "numPhotos", 
        "hasVideo", 
        "latitude", 
        "detailedType_typology", 
        "propertyCode", 
        "thumbnail", 
        "province", 
        "suggestedTexts_subtitle", 
        "detailedType_subTypology", 
        "parkingSpaceIncluded", 
        "price", 
        "address", 
        "parkingSpacePrice", 
        "externalReference", 
        "distance", 
        "url", 
        "country", 
        "geopoint", 
        "longitude", 
        "priceByArea", 
        "showAddress", 
        "hasParkingSpace"
    ]
}