{
    "details": {
        "has360": {
            "levels": [
                "False"
            ], 
            "with_others": false
        }, 
        "hasLift": {
            "levels": [
                "True"
            ], 
            "with_others": false
        }, 
        "hasPlan": {
            "levels": [
                "False"
            ], 
            "with_others": false
        }, 
        "hasVideo": {
            "levels": [
                "False"
            ], 
            "with_others": false
        }, 
        "hasParkingSpace": {
            "levels": [
                "True"
            ], 
            "with_others": true
        }, 
        "exterior": {
            "levels": [
                "True"
            ], 
            "with_others": false
        }, 
        "propertyType": {
            "levels": [
                "flat", 
                "penthouse", 
                "studio", 
                "duplex"
            ], 
            "with_others": false
        }, 
        "detailedType_typology": {
            "levels": [
                "flat"
            ], 
            "with_others": false
        }
    }
}