[
    {
        "parameters": {
            "kernel": "linear", 
            "C": 1.0, 
            "gamma": "auto"
        }, 
        "score_time": 741, 
        "test_score": 0.6350241799525436, 
        "fit_time": 706, 
        "num_samples": 885, 
        "best_iteration": null, 
        "train_score": 0.654199476865872, 
        "parameter_id": 0, 
        "time": 1447, 
        "done_at": 1544048838125, 
        "grid_point_id": "{\"kernel\": \"linear\", \"C\": 1.0, \"gamma\": \"auto\"}@1"
    }, 
    {
        "parameters": {
            "kernel": "linear", 
            "C": 1.0, 
            "gamma": "auto"
        }, 
        "score_time": 771, 
        "test_score": 0.6466058706110317, 
        "fit_time": 660, 
        "num_samples": 885, 
        "best_iteration": null, 
        "train_score": 0.6345904908563664, 
        "parameter_id": 0, 
        "time": 1431, 
        "done_at": 1544048838108, 
        "grid_point_id": "{\"kernel\": \"linear\", \"C\": 1.0, \"gamma\": \"auto\"}@0"
    }, 
    {
        "parameters": {
            "kernel": "linear", 
            "C": 10.0, 
            "gamma": "auto"
        }, 
        "score_time": 737, 
        "test_score": 0.7376938593972079, 
        "fit_time": 644, 
        "num_samples": 885, 
        "best_iteration": null, 
        "train_score": 0.7366639618020425, 
        "parameter_id": 1, 
        "time": 1381, 
        "done_at": 1544048838066, 
        "grid_point_id": "{\"kernel\": \"linear\", \"C\": 10.0, \"gamma\": \"auto\"}@0"
    }, 
    {
        "parameters": {
            "kernel": "linear", 
            "C": 1.0, 
            "gamma": "auto"
        }, 
        "score_time": 679, 
        "test_score": 0.6310144931811932, 
        "fit_time": 642, 
        "num_samples": 885, 
        "best_iteration": null, 
        "train_score": 0.6351046223808818, 
        "parameter_id": 0, 
        "time": 1321, 
        "done_at": 1544048838001, 
        "grid_point_id": "{\"kernel\": \"linear\", \"C\": 1.0, \"gamma\": \"auto\"}@2"
    }, 
    {
        "parameters": {
            "kernel": "linear", 
            "C": 50.0, 
            "gamma": "auto"
        }, 
        "score_time": 690, 
        "test_score": 0.7691813834063046, 
        "fit_time": 762, 
        "num_samples": 885, 
        "best_iteration": null, 
        "train_score": 0.776054882305981, 
        "parameter_id": 2, 
        "time": 1452, 
        "done_at": 1544048839562, 
        "grid_point_id": "{\"kernel\": \"linear\", \"C\": 50.0, \"gamma\": \"auto\"}@0"
    }, 
    {
        "parameters": {
            "kernel": "linear", 
            "C": 10.0, 
            "gamma": "auto"
        }, 
        "score_time": 655, 
        "test_score": 0.7360058604212092, 
        "fit_time": 614, 
        "num_samples": 885, 
        "best_iteration": null, 
        "train_score": 0.7351159569052577, 
        "parameter_id": 1, 
        "time": 1269, 
        "done_at": 1544048839356, 
        "grid_point_id": "{\"kernel\": \"linear\", \"C\": 10.0, \"gamma\": \"auto\"}@2"
    }, 
    {
        "parameters": {
            "kernel": "linear", 
            "C": 10.0, 
            "gamma": "auto"
        }, 
        "score_time": 629, 
        "test_score": 0.7201996108278071, 
        "fit_time": 622, 
        "num_samples": 885, 
        "best_iteration": null, 
        "train_score": 0.7514804772237639, 
        "parameter_id": 1, 
        "time": 1251, 
        "done_at": 1544048839254, 
        "grid_point_id": "{\"kernel\": \"linear\", \"C\": 10.0, \"gamma\": \"auto\"}@1"
    }, 
    {
        "parameters": {
            "kernel": "linear", 
            "C": 50.0, 
            "gamma": "auto"
        }, 
        "score_time": 679, 
        "test_score": 0.7605082007695256, 
        "fit_time": 679, 
        "num_samples": 885, 
        "best_iteration": null, 
        "train_score": 0.7879060676460038, 
        "parameter_id": 2, 
        "time": 1358, 
        "done_at": 1544048839486, 
        "grid_point_id": "{\"kernel\": \"linear\", \"C\": 50.0, \"gamma\": \"auto\"}@1"
    }, 
    {
        "parameters": {
            "kernel": "linear", 
            "C": 50.0, 
            "gamma": "auto"
        }, 
        "score_time": 483, 
        "test_score": 0.7728781936242075, 
        "fit_time": 618, 
        "num_samples": 885, 
        "best_iteration": null, 
        "train_score": 0.7775721847132244, 
        "parameter_id": 2, 
        "time": 1101, 
        "done_at": 1544048840357, 
        "grid_point_id": "{\"kernel\": \"linear\", \"C\": 50.0, \"gamma\": \"auto\"}@2"
    }
]