{
    "gridSize": 3, 
    "nThreads": 4, 
    "metric": "R2", 
    "gridPoints": [
        {
            "index": 0, 
            "finishedAt": 1544048838125.0, 
            "score": 0.63754818124825618, 
            "parameters": {
                "kernel": "linear", 
                "C": 1.0, 
                "gamma": "auto"
            }, 
            "time": 4199.0
        }, 
        {
            "index": 1, 
            "finishedAt": 1544048839356.0, 
            "score": 0.73129977688207481, 
            "parameters": {
                "kernel": "linear", 
                "C": 10.0, 
                "gamma": "auto"
            }, 
            "time": 3901.0
        }, 
        {
            "index": 2, 
            "finishedAt": 1544048840357.0, 
            "score": 0.76752259260001265, 
            "parameters": {
                "kernel": "linear", 
                "C": 50.0, 
                "gamma": "auto"
            }, 
            "time": 3911.0
        }
    ], 
    "startedAt": 1544048836673, 
    "nSplits": 3
}