{
    "usedGridSearch": true, 
    "gridSize": 3, 
    "modelInputNRows": 2655, 
    "modelInputNCols": 140, 
    "modelInputMemory": 2973600, 
    "gridCells": [
        {
            "scoreTimeStd": 0.038308687729489699, 
            "scoreTime": 0.73033333333333328, 
            "fitTime": 0.66933333333333334, 
            "score": 0.63754818124825618, 
            "params": {
                "kernel": "linear", 
                "C": 1.0, 
                "gamma": "auto"
            }, 
            "fitTimeStd": 0.026948510575210288, 
            "scoreStd": 0.0066106328212200962
        }, 
        {
            "scoreTimeStd": 0.046024148250915206, 
            "scoreTime": 0.67366666666666664, 
            "fitTime": 0.62666666666666659, 
            "score": 0.73129977688207481, 
            "params": {
                "kernel": "linear", 
                "C": 10.0, 
                "gamma": "auto"
            }, 
            "fitTimeStd": 0.012684198393626975, 
            "scoreStd": 0.007879196234810551
        }, 
        {
            "scoreTimeStd": 0.095094105437134688, 
            "scoreTime": 0.61733333333333329, 
            "fitTime": 0.68633333333333335, 
            "score": 0.76752259260001265, 
            "params": {
                "kernel": "linear", 
                "C": 50.0, 
                "gamma": "auto"
            }, 
            "fitTimeStd": 0.05901600536201082, 
            "scoreStd": 0.0051844556776643623
        }
    ], 
    "gridBestScore": 0.76752259260001265, 
    "modelInputIsSparse": false
}