{
    "metrics": {
        "rmse": 402.5896905920501, 
        "pearson": 0.88337461279560181, 
        "mae": 255.67103410120441, 
        "r2": 0.76111058715847246, 
        "mape": 0.1527286465942021, 
        "mse": 162078.4589710026, 
        "evs": 0.77444879623021146, 
        "rmsle": 0.21528241951416446
    }, 
    "scatterPlotData": {
        "y": [
            1572.9143, 
            1663.1206, 
            2025.1525, 
            1298.7779, 
            956.8421, 
            1554.9183, 
            1605.5572, 
            1298.277, 
            1610.3091, 
            2313.2706, 
            926.483, 
            616.0094, 
            1667.8188, 
            1025.1074, 
            1315.4865, 
            2805.0824, 
            1866.8719, 
            849.9329, 
            2047.3703, 
            856.0247, 
            2017.9629, 
            1241.834, 
            1047.6991, 
            2358.4054, 
            2308.7022, 
            965.12, 
            969.2221, 
            1792.0899, 
            2630.0098, 
            979.2416, 
            1847.098, 
            3171.2622, 
            1048.9323, 
            1926.515, 
            1215.2801, 
            1691.6954, 
            1870.976, 
            995.0399, 
            1565.754, 
            1698.3305, 
            1960.3905, 
            882.1739, 
            1108.7194, 
            1151.4424, 
            1282.7959, 
            626.4692, 
            1183.2143, 
            2790.7429, 
            2095.674, 
            2989.062, 
            1567.0121, 
            2426.9454, 
            1113.0502, 
            3547.346, 
            1238.9969, 
            1261.7321, 
            1454.7124, 
            1119.0305, 
            2747.1546, 
            919.4804, 
            2403.8946, 
            970.104, 
            1144.2001, 
            1126.3713, 
            1203.3833, 
            1403.0707, 
            903.0334, 
            2069.0504, 
            1551.4823, 
            1980.3408, 
            1739.2796, 
            2115.5088, 
            4083.2875, 
            2120.4636, 
            2063.3441, 
            1205.7787, 
            1262.1472, 
            906.6295, 
            971.6716, 
            2368.1449, 
            856.2232, 
            1231.2778, 
            685.3278, 
            2517.7398, 
            1150.6176, 
            787.4628, 
            1261.7075, 
            841.3394, 
            988.1852, 
            1044.8991, 
            1042.5619, 
            1328.6925, 
            2234.6539, 
            1324.2375, 
            1546.1891, 
            1126.3713, 
            1667.1612, 
            413.2277, 
            2787.1804, 
            1537.4969, 
            1834.2439, 
            911.4687, 
            1936.4859, 
            1338.9826, 
            2004.9995, 
            538.5531, 
            1487.1398, 
            913.8638, 
            1515.703, 
            1632.4441, 
            1102.358, 
            1336.0066, 
            1315.5341, 
            2404.8784, 
            2848.9728, 
            1397.5328, 
            2643.6392, 
            1570.3786, 
            2336.1059, 
            1224.7832, 
            999.0141, 
            1307.1047, 
            2468.8042, 
            1764.2399, 
            1082.2442, 
            958.7067, 
            2311.5409, 
            1042.3677, 
            1896.7835, 
            962.7011, 
            1808.186, 
            2811.4897, 
            3045.2996, 
            1284.7624, 
            1287.3553, 
            611.1868, 
            1844.8439, 
            1249.0207, 
            927.4817, 
            1260.2716, 
            1481.5419, 
            1093.9704, 
            1455.2693, 
            815.9847, 
            728.8629, 
            1370.3012, 
            4123.1692, 
            1854.8757, 
            3432.2917, 
            1006.6991, 
            1174.1458, 
            1551.4823, 
            1302.4963, 
            1128.6842, 
            1882.3962, 
            1533.1924, 
            1824.4881, 
            976.3149, 
            1260.0687, 
            565.2776, 
            1626.2478, 
            1428.675, 
            2564.3083, 
            1560.9746, 
            1367.3318, 
            3537.5253, 
            1478.4488, 
            2844.4277, 
            1939.4568, 
            2556.513, 
            1779.2159, 
            1775.1165, 
            1304.9757, 
            1028.7549, 
            876.8358, 
            1822.2103, 
            1092.1662, 
            715.6498, 
            788.5484, 
            778.6546, 
            1658.8808, 
            1121.5292, 
            1003.3803, 
            868.2507, 
            779.5476, 
            826.6785, 
            2109.7179, 
            1071.5243, 
            3450.159, 
            1133.8759, 
            744.1061, 
            1529.3539, 
            1531.1297, 
            2014.4353, 
            1275.072, 
            952.6327, 
            1373.9701, 
            1702.6266, 
            1623.8696, 
            1067.2765, 
            757.774, 
            816.4167, 
            898.2894, 
            1093.6581, 
            1386.1229, 
            1242.6113, 
            1554.2675, 
            4123.1692, 
            1112.8881, 
            2487.3833, 
            2119.7567, 
            1295.515, 
            2225.1733, 
            769.9309, 
            1020.4573, 
            1161.8961, 
            1292.0558, 
            1458.1851, 
            912.6311, 
            871.6886, 
            2009.6718, 
            1236.545, 
            597.927, 
            1728.3315, 
            1373.0578, 
            3473.1615, 
            1289.6263, 
            1025.3494, 
            1835.5662, 
            601.8786, 
            1050.2411, 
            1793.6385, 
            1496.5695, 
            1238.2814, 
            1354.8859, 
            1193.0712, 
            1858.6013, 
            1342.7831, 
            1423.0005, 
            645.1677, 
            1094.1801, 
            862.6031, 
            1343.5263, 
            1045.4494, 
            1268.5434, 
            1452.8034, 
            1116.2434, 
            789.9749, 
            2017.9629, 
            1188.1629, 
            1221.2044, 
            633.6707, 
            971.6666, 
            2059.6925, 
            772.6226, 
            1450.4913, 
            1133.1603, 
            1328.0962, 
            419.3085, 
            1848.1181, 
            1362.187, 
            756.2502, 
            926.1147, 
            1770.7018, 
            3036.1937, 
            1521.6371, 
            812.9002, 
            1476.5803, 
            1325.7524, 
            3065.813, 
            1174.1458, 
            1093.4867, 
            836.6259, 
            2397.5839, 
            3966.1379, 
            951.4979, 
            1886.0424, 
            879.3212, 
            771.3689, 
            2718.7832, 
            760.3767, 
            1354.7648, 
            2764.2115, 
            1480.1728, 
            2376.5244, 
            527.278, 
            1487.7923, 
            800.185, 
            1753.5916, 
            2256.9421, 
            2722.5193, 
            1668.9594, 
            703.9485, 
            1280.0461, 
            1222.5044, 
            1399.4301, 
            1327.2575, 
            616.1057, 
            1635.9521, 
            1835.0458, 
            1564.5238, 
            772.1226, 
            1056.3926, 
            1414.6763, 
            719.3755, 
            2158.727, 
            1356.1381, 
            4009.853, 
            1637.7111, 
            1018.7817, 
            2030.0349, 
            1268.9976, 
            1297.0637, 
            3058.37, 
            1190.2278, 
            1480.1781, 
            1667.5815, 
            2991.5659, 
            1006.241, 
            576.4748, 
            1480.7645, 
            955.4367, 
            844.8368, 
            887.3333, 
            1774.3415, 
            4558.6616, 
            1307.196, 
            765.6776, 
            1409.4206, 
            1606.5829, 
            809.7629, 
            1914.3136, 
            726.5687, 
            1441.2645, 
            1392.8534, 
            1297.1591, 
            1816.2874, 
            1091.35, 
            1457.7176, 
            1288.2361, 
            1019.7645, 
            1331.1026, 
            752.5311, 
            2068.0464, 
            1238.6965, 
            1188.8358, 
            1704.7312, 
            1025.507, 
            1071.2576, 
            1219.6701, 
            2152.0056, 
            1347.2129, 
            2626.7485, 
            955.1999, 
            862.6031, 
            1870.782, 
            639.5966, 
            967.9534, 
            1078.4545, 
            2719.2826, 
            1199.7163, 
            1716.7207, 
            1090.8283, 
            1256.445, 
            1809.5254, 
            1365.2924, 
            986.4301, 
            1250.5532, 
            2368.1449, 
            2400.2361, 
            1645.7812, 
            971.442, 
            1260.9775, 
            1355.2005, 
            853.2247, 
            1228.802, 
            1324.4776, 
            1534.5578, 
            1301.9756, 
            2100.4468, 
            2315.1146, 
            1141.7501, 
            1362.4094, 
            2177.9586, 
            1059.7156, 
            1598.8632, 
            1315.9852, 
            2814.4157, 
            757.615, 
            794.4994, 
            1009.2144, 
            1874.2492, 
            1543.3616, 
            1148.1332, 
            652.9025, 
            1893.3588, 
            1897.3099, 
            1371.2318, 
            1589.192, 
            1466.6467, 
            1600.8216, 
            1301.6197, 
            3147.9038, 
            727.769, 
            1479.7777, 
            2238.3671, 
            2301.7318, 
            1147.1082, 
            997.295, 
            955.1999, 
            798.7973, 
            819.127, 
            1851.2882, 
            771.2241, 
            1544.0508, 
            1149.2718, 
            1676.5774, 
            1334.5701, 
            1407.4643, 
            1484.242, 
            1525.8904, 
            1496.5695, 
            1833.1375, 
            1390.7267, 
            1271.0608, 
            1065.1305, 
            1115.8888, 
            818.4938, 
            964.5911, 
            1276.5481, 
            1586.6116, 
            722.0297, 
            1033.3826, 
            1095.8975, 
            1079.1259, 
            2388.7915, 
            1241.1387, 
            614.3368, 
            1132.164, 
            918.9231, 
            2207.1631, 
            739.0883, 
            1126.3299, 
            1667.1612, 
            1095.7364, 
            812.5077, 
            1863.121, 
            1219.7651, 
            1170.7456, 
            1969.9971, 
            1258.9804, 
            948.9759, 
            697.1721, 
            936.3877, 
            2904.2068, 
            755.7529, 
            596.7934, 
            1623.4599, 
            1201.3114, 
            929.2014, 
            1357.776, 
            1178.7261, 
            1555.189, 
            1162.0803, 
            2265.981, 
            1026.7991, 
            1551.1715, 
            754.0675, 
            1306.8196, 
            2332.6242, 
            1361.493, 
            1858.1357, 
            2145.8752, 
            1932.3474, 
            906.742, 
            3404.4626, 
            876.974, 
            1055.8533, 
            413.3444, 
            2472.673, 
            775.2855, 
            910.3462, 
            1356.3005, 
            1100.7533, 
            1673.2581, 
            899.1151, 
            1123.2504, 
            979.0839, 
            2680.708, 
            1375.9735, 
            1682.0799, 
            1253.7475, 
            1472.8103, 
            2241.7362, 
            1919.0204, 
            1388.3469, 
            1966.27, 
            809.3027, 
            757.716, 
            1454.7801, 
            2198.6609, 
            1442.8087, 
            2124.1547, 
            1295.5983, 
            2038.4731, 
            2418.4745, 
            1963.5444, 
            1287.5599, 
            790.2559, 
            1418.3934, 
            2241.674, 
            1231.2778, 
            1059.8272, 
            1891.8533, 
            963.434, 
            766.2583, 
            1377.2961, 
            1095.7848, 
            1269.8897, 
            1169.4339, 
            912.0277, 
            731.4678, 
            2283.7215, 
            764.9466, 
            3047.6839, 
            1833.1375, 
            1658.5968, 
            943.7358, 
            1938.578, 
            1256.6513, 
            1001.238, 
            1576.0016, 
            895.2068, 
            1495.911, 
            1039.9356, 
            798.1263, 
            2646.3379, 
            1112.9373, 
            2134.2254, 
            768.5879, 
            896.577, 
            1060.9051, 
            2448.0175, 
            1552.8906, 
            1201.3114, 
            1068.8156, 
            1421.4994, 
            1838.46, 
            749.2535, 
            1166.3636, 
            2752.8119, 
            1187.3235, 
            2271.945, 
            1323.2543, 
            729.1564, 
            738.2609, 
            2351.4575, 
            971.6716, 
            1674.2433, 
            719.903, 
            2318.5411, 
            1573.2002, 
            757.716, 
            2191.8762, 
            978.4698, 
            809.7629, 
            800.5616, 
            2151.3023, 
            345.6084, 
            1457.3804, 
            1382.9848, 
            1779.3117, 
            785.9275, 
            1054.3975, 
            1571.5793, 
            725.0097, 
            1969.4651, 
            1886.0424, 
            3346.9507, 
            3328.6928, 
            1345.172, 
            863.3677, 
            1373.2203, 
            1135.9242, 
            1313.4159, 
            1825.798, 
            1690.6906, 
            2055.6277, 
            1030.1591, 
            1643.5423, 
            1445.336, 
            801.3327, 
            525.6734, 
            879.5285, 
            1027.9653, 
            1803.9309, 
            2795.2226, 
            705.3199, 
            1728.7455, 
            668.0544, 
            1352.4418, 
            833.6638, 
            1212.1821, 
            1019.9902, 
            842.7934, 
            738.544, 
            1520.7522, 
            1209.9573, 
            1685.406, 
            922.1607, 
            841.208, 
            2465.8147, 
            1159.3422, 
            859.3919, 
            876.3223, 
            1849.9006, 
            1086.921, 
            855.663, 
            1430.545, 
            4107.6301, 
            1623.5475, 
            1159.2981, 
            956.3497, 
            1091.4594, 
            1017.2963, 
            1083.4013, 
            1019.4345, 
            1978.4064, 
            749.9002, 
            852.7406, 
            3035.7137, 
            936.4891, 
            1339.5687, 
            870.9686, 
            1517.0325, 
            800.9239, 
            1576.8297, 
            1955.7519, 
            1667.1612, 
            1675.2265, 
            1938.578, 
            1370.3447, 
            3063.1669, 
            944.4782, 
            743.9751, 
            1615.442, 
            2792.6237, 
            906.2331, 
            780.7812, 
            2422.2703, 
            913.4075, 
            1560.9854, 
            1088.7061, 
            1462.9563, 
            1418.6161, 
            732.3062, 
            1865.0905, 
            1832.7936, 
            1068.8399, 
            2339.025, 
            951.7233, 
            1643.1489, 
            2483.4538, 
            1439.7507
        ], 
        "x": [
            1700.0, 
            1500.0, 
            1900.0, 
            1202.0, 
            1150.0, 
            1550.0, 
            3400.0, 
            1200.0, 
            1600.0, 
            3500.0, 
            850.0, 
            600.0, 
            1200.0, 
            800.0, 
            1400.0, 
            3500.0, 
            1800.0, 
            725.0, 
            3645.0, 
            1000.0, 
            2400.0, 
            1500.0, 
            920.0, 
            1400.0, 
            2900.0, 
            1000.0, 
            1100.0, 
            1650.0, 
            3600.0, 
            1100.0, 
            3240.0, 
            2400.0, 
            850.0, 
            2000.0, 
            1250.0, 
            2200.0, 
            3105.0, 
            950.0, 
            1700.0, 
            1650.0, 
            2300.0, 
            850.0, 
            1125.0, 
            1200.0, 
            1000.0, 
            750.0, 
            900.0, 
            3800.0, 
            2150.0, 
            2950.0, 
            1700.0, 
            2300.0, 
            925.0, 
            2600.0, 
            1300.0, 
            1200.0, 
            1300.0, 
            1100.0, 
            2850.0, 
            900.0, 
            2400.0, 
            1200.0, 
            1200.0, 
            950.0, 
            1350.0, 
            1650.0, 
            800.0, 
            2100.0, 
            1350.0, 
            1800.0, 
            1650.0, 
            3500.0, 
            3850.0, 
            1850.0, 
            2400.0, 
            900.0, 
            2845.0, 
            975.0, 
            770.0, 
            3000.0, 
            900.0, 
            800.0, 
            680.0, 
            2800.0, 
            1250.0, 
            800.0, 
            2600.0, 
            900.0, 
            1000.0, 
            850.0, 
            1600.0, 
            1500.0, 
            1850.0, 
            1500.0, 
            1350.0, 
            950.0, 
            1300.0, 
            650.0, 
            2600.0, 
            1400.0, 
            1900.0, 
            785.0, 
            1550.0, 
            1250.0, 
            3300.0, 
            700.0, 
            2400.0, 
            1060.0, 
            1500.0, 
            1910.0, 
            1100.0, 
            1400.0, 
            1200.0, 
            2650.0, 
            3000.0, 
            1240.0, 
            2800.0, 
            1500.0, 
            2800.0, 
            1150.0, 
            1000.0, 
            900.0, 
            1950.0, 
            1800.0, 
            1200.0, 
            1090.0, 
            3000.0, 
            1900.0, 
            2400.0, 
            1200.0, 
            1750.0, 
            3000.0, 
            4000.0, 
            1250.0, 
            1000.0, 
            700.0, 
            2000.0, 
            975.0, 
            825.0, 
            1100.0, 
            1300.0, 
            950.0, 
            1500.0, 
            750.0, 
            850.0, 
            1250.0, 
            4000.0, 
            2200.0, 
            4000.0, 
            900.0, 
            1200.0, 
            1350.0, 
            1300.0, 
            1150.0, 
            1580.0, 
            1300.0, 
            1900.0, 
            900.0, 
            1250.0, 
            650.0, 
            1300.0, 
            1400.0, 
            2400.0, 
            1500.0, 
            1100.0, 
            3500.0, 
            1390.0, 
            3400.0, 
            1950.0, 
            3700.0, 
            1550.0, 
            1650.0, 
            1600.0, 
            1150.0, 
            900.0, 
            1399.0, 
            1000.0, 
            675.0, 
            650.0, 
            800.0, 
            1400.0, 
            1130.0, 
            1300.0, 
            900.0, 
            850.0, 
            900.0, 
            2500.0, 
            1300.0, 
            4000.0, 
            950.0, 
            850.0, 
            1275.0, 
            1400.0, 
            1600.0, 
            1250.0, 
            1035.0, 
            1250.0, 
            1690.0, 
            1850.0, 
            850.0, 
            950.0, 
            850.0, 
            700.0, 
            900.0, 
            1800.0, 
            1600.0, 
            1600.0, 
            4000.0, 
            950.0, 
            2700.0, 
            2700.0, 
            1590.0, 
            2700.0, 
            575.0, 
            1300.0, 
            1500.0, 
            1260.0, 
            1600.0, 
            1150.0, 
            850.0, 
            2000.0, 
            1400.0, 
            690.0, 
            1700.0, 
            1400.0, 
            2500.0, 
            1890.0, 
            1200.0, 
            1850.0, 
            720.0, 
            900.0, 
            1150.0, 
            1350.0, 
            1350.0, 
            1250.0, 
            1000.0, 
            1900.0, 
            1400.0, 
            1600.0, 
            800.0, 
            850.0, 
            900.0, 
            1250.0, 
            1100.0, 
            1100.0, 
            1500.0, 
            1100.0, 
            950.0, 
            2400.0, 
            700.0, 
            1700.0, 
            750.0, 
            900.0, 
            1865.0, 
            700.0, 
            1590.0, 
            900.0, 
            1100.0, 
            650.0, 
            2600.0, 
            1400.0, 
            800.0, 
            850.0, 
            1850.0, 
            2800.0, 
            1500.0, 
            850.0, 
            1400.0, 
            1550.0, 
            3300.0, 
            1200.0, 
            1355.0, 
            750.0, 
            3200.0, 
            3900.0, 
            1050.0, 
            2000.0, 
            875.0, 
            850.0, 
            3450.0, 
            725.0, 
            1100.0, 
            3200.0, 
            1490.0, 
            2500.0, 
            625.0, 
            1425.0, 
            790.0, 
            1700.0, 
            3240.0, 
            2700.0, 
            1500.0, 
            730.0, 
            1400.0, 
            1500.0, 
            1300.0, 
            995.0, 
            600.0, 
            2800.0, 
            1900.0, 
            1430.0, 
            750.0, 
            895.0, 
            1575.0, 
            800.0, 
            1950.0, 
            1400.0, 
            3000.0, 
            1800.0, 
            1375.0, 
            2200.0, 
            1100.0, 
            1100.0, 
            3500.0, 
            1170.0, 
            1200.0, 
            1950.0, 
            3700.0, 
            810.0, 
            650.0, 
            1425.0, 
            900.0, 
            1250.0, 
            1100.0, 
            1700.0, 
            3975.0, 
            1400.0, 
            1200.0, 
            2470.0, 
            1600.0, 
            1045.0, 
            3700.0, 
            1300.0, 
            2995.0, 
            2100.0, 
            850.0, 
            1850.0, 
            1100.0, 
            1500.0, 
            750.0, 
            800.0, 
            1100.0, 
            725.0, 
            3300.0, 
            835.0, 
            950.0, 
            1700.0, 
            750.0, 
            730.0, 
            1500.0, 
            2700.0, 
            1750.0, 
            3300.0, 
            900.0, 
            900.0, 
            1600.0, 
            650.0, 
            1100.0, 
            995.0, 
            2700.0, 
            1500.0, 
            1300.0, 
            1200.0, 
            1850.0, 
            1950.0, 
            1250.0, 
            1100.0, 
            1450.0, 
            3000.0, 
            2450.0, 
            1850.0, 
            1000.0, 
            1250.0, 
            1800.0, 
            1100.0, 
            995.0, 
            1200.0, 
            1300.0, 
            1100.0, 
            3850.0, 
            3200.0, 
            1100.0, 
            1500.0, 
            3950.0, 
            1300.0, 
            1100.0, 
            1200.0, 
            3000.0, 
            850.0, 
            680.0, 
            1000.0, 
            1900.0, 
            1400.0, 
            1200.0, 
            650.0, 
            1935.0, 
            2350.0, 
            950.0, 
            1500.0, 
            1400.0, 
            1900.0, 
            1000.0, 
            3800.0, 
            990.0, 
            1566.0, 
            3000.0, 
            3900.0, 
            1650.0, 
            1200.0, 
            900.0, 
            820.0, 
            750.0, 
            1800.0, 
            780.0, 
            2100.0, 
            1300.0, 
            1800.0, 
            1300.0, 
            1400.0, 
            1650.0, 
            1400.0, 
            1350.0, 
            2500.0, 
            1250.0, 
            870.0, 
            1200.0, 
            890.0, 
            750.0, 
            980.0, 
            950.0, 
            2000.0, 
            850.0, 
            700.0, 
            1300.0, 
            980.0, 
            3100.0, 
            1600.0, 
            550.0, 
            900.0, 
            950.0, 
            1975.0, 
            810.0, 
            1100.0, 
            1300.0, 
            650.0, 
            800.0, 
            1865.0, 
            950.0, 
            995.0, 
            3780.0, 
            1250.0, 
            900.0, 
            850.0, 
            1090.0, 
            2700.0, 
            800.0, 
            650.0, 
            1400.0, 
            950.0, 
            800.0, 
            1500.0, 
            1300.0, 
            2430.0, 
            1100.0, 
            2700.0, 
            900.0, 
            1300.0, 
            700.0, 
            1130.0, 
            3000.0, 
            1067.0, 
            1650.0, 
            2350.0, 
            3630.0, 
            810.0, 
            3990.0, 
            1100.0, 
            1100.0, 
            1400.0, 
            2900.0, 
            795.0, 
            1300.0, 
            1300.0, 
            1350.0, 
            1500.0, 
            900.0, 
            900.0, 
            950.0, 
            2499.0, 
            1490.0, 
            1980.0, 
            1390.0, 
            1500.0, 
            2450.0, 
            2300.0, 
            1390.0, 
            2600.0, 
            1150.0, 
            980.0, 
            1700.0, 
            2700.0, 
            800.0, 
            2600.0, 
            1500.0, 
            2300.0, 
            3000.0, 
            1690.0, 
            1900.0, 
            1200.0, 
            1300.0, 
            1900.0, 
            1000.0, 
            850.0, 
            1900.0, 
            750.0, 
            780.0, 
            1400.0, 
            1300.0, 
            1200.0, 
            1150.0, 
            890.0, 
            850.0, 
            2600.0, 
            975.0, 
            2800.0, 
            1650.0, 
            1700.0, 
            950.0, 
            1950.0, 
            1250.0, 
            745.0, 
            1450.0, 
            900.0, 
            950.0, 
            900.0, 
            690.0, 
            3000.0, 
            950.0, 
            1900.0, 
            750.0, 
            770.0, 
            1500.0, 
            3100.0, 
            1500.0, 
            950.0, 
            800.0, 
            1400.0, 
            2000.0, 
            630.0, 
            1100.0, 
            3500.0, 
            1380.0, 
            2700.0, 
            1000.0, 
            657.0, 
            740.0, 
            2700.0, 
            790.0, 
            1650.0, 
            745.0, 
            2100.0, 
            2650.0, 
            875.0, 
            1950.0, 
            1000.0, 
            1045.0, 
            800.0, 
            1950.0, 
            520.0, 
            1350.0, 
            1100.0, 
            2500.0, 
            850.0, 
            1099.0, 
            1950.0, 
            780.0, 
            2350.0, 
            2000.0, 
            3500.0, 
            3700.0, 
            1700.0, 
            815.0, 
            1275.0, 
            915.0, 
            1300.0, 
            2300.0, 
            1600.0, 
            1900.0, 
            980.0, 
            1700.0, 
            1450.0, 
            1000.0, 
            585.0, 
            1050.0, 
            1250.0, 
            1900.0, 
            2900.0, 
            600.0, 
            2900.0, 
            650.0, 
            950.0, 
            800.0, 
            1390.0, 
            900.0, 
            1000.0, 
            750.0, 
            1700.0, 
            1500.0, 
            1900.0, 
            890.0, 
            800.0, 
            2300.0, 
            1200.0, 
            699.0, 
            1000.0, 
            1850.0, 
            850.0, 
            680.0, 
            1300.0, 
            3500.0, 
            1650.0, 
            990.0, 
            1150.0, 
            1100.0, 
            800.0, 
            1100.0, 
            1300.0, 
            2800.0, 
            750.0, 
            1150.0, 
            3950.0, 
            850.0, 
            1100.0, 
            1500.0, 
            1800.0, 
            850.0, 
            1700.0, 
            2650.0, 
            1300.0, 
            1600.0, 
            1950.0, 
            975.0, 
            4000.0, 
            850.0, 
            815.0, 
            1800.0, 
            3800.0, 
            900.0, 
            900.0, 
            3600.0, 
            960.0, 
            1250.0, 
            820.0, 
            1500.0, 
            1240.0, 
            800.0, 
            3105.0, 
            2200.0, 
            1000.0, 
            2300.0, 
            850.0, 
            2970.0, 
            2100.0, 
            1450.0
        ]
    }, 
    "processed_feature_names": [
        "bathrooms", 
        "floor", 
        "rooms", 
        "size", 
        "dummy:has360:False", 
        "dummy:has360:True", 
        "dummy:has360:N/A", 
        "dummy:has360:__Others__", 
        "dummy:hasLift:True", 
        "dummy:hasLift:False", 
        "dummy:hasLift:N/A", 
        "dummy:hasLift:__Others__", 
        "dummy:propertyType:flat", 
        "dummy:propertyType:penthouse", 
        "dummy:propertyType:studio", 
        "dummy:propertyType:duplex", 
        "dummy:propertyType:chalet", 
        "dummy:propertyType:N/A", 
        "dummy:propertyType:__Others__", 
        "dummy:exterior:True", 
        "dummy:exterior:False", 
        "dummy:exterior:N/A", 
        "dummy:exterior:__Others__", 
        "dummy:neighborhood:Recoletos", 
        "dummy:neighborhood:Lavapi\u00e9s-Embajadores", 
        "dummy:neighborhood:Castellana", 
        "dummy:neighborhood:Goya", 
        "dummy:neighborhood:Palacio", 
        "dummy:neighborhood:Malasa\u00f1a-Universidad", 
        "dummy:neighborhood:Chueca-Justicia", 
        "dummy:neighborhood:Arg\u00fcelles", 
        "dummy:neighborhood:Trafalgar", 
        "dummy:neighborhood:Lista", 
        "dummy:neighborhood:Bernab\u00e9u-Hispanoam\u00e9rica", 
        "dummy:neighborhood:Almagro", 
        "dummy:neighborhood:Cuzco-Castillejos", 
        "dummy:neighborhood:Huertas-Cortes", 
        "dummy:neighborhood:El Viso", 
        "dummy:neighborhood:Conde Orgaz-Piovera", 
        "dummy:neighborhood:Sanchinarro", 
        "dummy:neighborhood:Castilla", 
        "dummy:neighborhood:Nueva Espa\u00f1a", 
        "dummy:neighborhood:Sol", 
        "dummy:neighborhood:Prosperidad", 
        "dummy:neighborhood:Ibiza", 
        "dummy:neighborhood:Cuatro Caminos", 
        "dummy:neighborhood:Arapiles", 
        "dummy:neighborhood:Las Tablas", 
        "dummy:neighborhood:Ventilla-Almenara", 
        "dummy:neighborhood:Guindalera", 
        "dummy:neighborhood:Nuevos Ministerios-R\u00edos Rosas", 
        "dummy:neighborhood:Aravaca", 
        "dummy:neighborhood:Ciudad Jard\u00edn", 
        "dummy:neighborhood:Costillares", 
        "dummy:neighborhood:Fuente del Berro", 
        "dummy:neighborhood:San Pascual", 
        "dummy:neighborhood:Bellas Vistas", 
        "dummy:neighborhood:Vallehermoso", 
        "dummy:neighborhood:Ensanche de Vallecas - La Gavia", 
        "dummy:neighborhood:Gaztambide", 
        "dummy:neighborhood:Jer\u00f3nimos", 
        "dummy:neighborhood:Pac\u00edfico", 
        "dummy:neighborhood:La Paz", 
        "dummy:neighborhood:Acacias", 
        "dummy:neighborhood:Rejas", 
        "dummy:neighborhood:Legazpi", 
        "dummy:neighborhood:Ni\u00f1o Jes\u00fas", 
        "dummy:neighborhood:Canillas", 
        "dummy:neighborhood:San Juan Bautista", 
        "dummy:neighborhood:Palos de Moguer", 
        "dummy:neighborhood:Valdemar\u00edn", 
        "dummy:neighborhood:Pe\u00f1agrande", 
        "dummy:neighborhood:Pilar", 
        "dummy:neighborhood:Simancas", 
        "dummy:neighborhood:Concepci\u00f3n", 
        "dummy:neighborhood:Valdeacederas", 
        "dummy:neighborhood:Ventas", 
        "dummy:neighborhood:Estrella", 
        "dummy:neighborhood:Pueblo Nuevo", 
        "dummy:neighborhood:Chopera", 
        "dummy:neighborhood:Atalaya", 
        "dummy:neighborhood:Berruguete", 
        "dummy:neighborhood:Comillas", 
        "dummy:neighborhood:Adelfas", 
        "dummy:neighborhood:Tres Olivos - Valverde", 
        "dummy:neighborhood:Valdezarza", 
        "dummy:neighborhood:Pinar del Rey", 
        "dummy:neighborhood:Alameda de Osuna", 
        "dummy:neighborhood:Colina", 
        "dummy:neighborhood:Somosaguas", 
        "dummy:neighborhood:Lucero", 
        "dummy:neighborhood:Imperial", 
        "dummy:neighborhood:Montecarmelo", 
        "dummy:neighborhood:Zona Avenida Europa", 
        "dummy:neighborhood:Delicias", 
        "dummy:neighborhood:Palomas", 
        "dummy:neighborhood:Ciudad Universitaria", 
        "dummy:neighborhood:San Diego", 
        "dummy:neighborhood:Mirasierra", 
        "dummy:neighborhood:Prado de Somosaguas", 
        "dummy:neighborhood:Opa\u00f1el", 
        "dummy:neighborhood:Numancia", 
        "dummy:neighborhood:Vista Alegre", 
        "dummy:neighborhood:Valdebernardo - Valderribas", 
        "dummy:neighborhood:Zona Estaci\u00f3n", 
        "dummy:neighborhood:Zona norte", 
        "dummy:neighborhood:Valdebebas - Valdefuentes", 
        "dummy:neighborhood:Almendrales", 
        "dummy:neighborhood:Rosas", 
        "dummy:neighborhood:Puerta del \u00c1ngel", 
        "dummy:neighborhood:Zof\u00edo", 
        "dummy:neighborhood:Parque Lisboa - La Paz", 
        "dummy:neighborhood:Quintana", 
        "dummy:neighborhood:San Isidro", 
        "dummy:neighborhood:\u00c1guilas", 
        "dummy:neighborhood:Campo de las Naciones-Corralejos", 
        "dummy:neighborhood:Ambroz", 
        "dummy:neighborhood:Casco Hist\u00f3rico de Vallecas", 
        "dummy:neighborhood:Moscard\u00f3", 
        "dummy:neighborhood:Abrantes", 
        "dummy:neighborhood:Canillejas", 
        "dummy:neighborhood:Horcajo", 
        "dummy:neighborhood:Puerta Bonita", 
        "dummy:neighborhood:N/A", 
        "dummy:neighborhood:__Others__", 
        "dummy:hasPlan:False", 
        "dummy:hasPlan:True", 
        "dummy:hasPlan:N/A", 
        "dummy:hasPlan:__Others__", 
        "dummy:hasVideo:False", 
        "dummy:hasVideo:True", 
        "dummy:hasVideo:N/A", 
        "dummy:hasVideo:__Others__", 
        "dummy:detailedType_typology:flat", 
        "dummy:detailedType_typology:chalet", 
        "dummy:detailedType_typology:N/A", 
        "dummy:detailedType_typology:__Others__", 
        "dummy:hasParkingSpace:True", 
        "dummy:hasParkingSpace:N/A", 
        "dummy:hasParkingSpace:__Others__"
    ], 
    "regression_performance": {
        "max_error": 1318.5699319132132, 
        "median_error": 15.844724973112761, 
        "error_distribution": [
            {
                "count": 42, 
                "bin_max": -302.7291290172256, 
                "bin_id": 0, 
                "bin_min": -484.67491252164149
            }, 
            {
                "count": 130, 
                "bin_max": -122.58478891384351, 
                "bin_id": 1, 
                "bin_min": -302.7291290172256
            }, 
            {
                "count": 217, 
                "bin_max": 57.559551189538581, 
                "bin_id": 2, 
                "bin_min": -122.58478891384351
            }, 
            {
                "count": 132, 
                "bin_max": 237.70389129292067, 
                "bin_id": 3, 
                "bin_min": 57.559551189538581
            }, 
            {
                "count": 52, 
                "bin_max": 417.84823139630277, 
                "bin_id": 4, 
                "bin_min": 237.70389129292067
            }, 
            {
                "count": 30, 
                "bin_max": 597.9925714996848, 
                "bin_id": 5, 
                "bin_min": 417.84823139630277
            }, 
            {
                "count": 22, 
                "bin_max": 778.13691160306689, 
                "bin_id": 6, 
                "bin_min": 597.9925714996848
            }, 
            {
                "count": 9, 
                "bin_max": 958.28125170644898, 
                "bin_id": 7, 
                "bin_min": 778.13691160306689
            }, 
            {
                "count": 7, 
                "bin_max": 1138.4255918098311, 
                "bin_id": 8, 
                "bin_min": 958.28125170644898
            }, 
            {
                "count": 23, 
                "bin_max": 1318.5699319132132, 
                "bin_id": 9, 
                "bin_min": 1138.4255918098311
            }
        ], 
        "min_error": -482.87346912060769, 
        "average_error": 93.68788046743512, 
        "std_error": 360.02148623297063, 
        "p75_error": 204.10806473259453, 
        "p90_error": 571.7143866023314, 
        "p25_error": -125.12547084039801
    }
}