{
  "algorithm": "SVM_REGRESSION",
  "svr_grid": {
    "enabled": true,
    "C": [
      1.0,
      10.0,
      50.0
    ],
    "gamma": [
      0.0
    ],
    "linear": true,
    "poly": false,
    "rbf": false,
    "sigmoid": false,
    "coef0": 0.0,
    "tol": 0.001,
    "max_iter": -1
  },
  "max_ensemble_nodes_serialized": 0,
  "metrics": {
    "evaluationMetric": "R2",
    "customEvaluationMetricGIB": true,
    "customEvaluationMetricNeedsProba": false,
    "costMatrixWeights": {
      "tpGain": 1.0,
      "tnGain": 0.0,
      "fpGain": -0.3,
      "fnGain": 0.0
    },
    "liftPoint": 0.4
  },
  "autoOptimizeThreshold": true,
  "forcedClassifierThreshold": 0.0,
  "gridLength": 3,
  "grid_search_params": {
    "mode": "KFOLD",
    "splitRatio": 0.8,
    "shuffleIterations": 1,
    "nFolds": 3,
    "stratified": true,
    "randomized": true,
    "nIter": 0,
    "timeout": 0,
    "nJobs": 4
  },
  "computeLearningCurves": false
}