{
  "state": "DONE",
  "preSearchDescription": {
    "gridLength": 3,
    "importantParams": [
      {
        "name": "kernel",
        "vals": [
          "linear"
        ]
      },
      {
        "name": "C",
        "vals": [
          "1.0",
          "10.0",
          "50.0"
        ]
      },
      {
        "name": "gamma",
        "vals": [
          "0.0"
        ]
      }
    ]
  },
  "postSearchDescription": {
    "importantParams": [
      {
        "name": "kernel",
        "val": "linear"
      },
      {
        "name": "C",
        "val": "50.0"
      },
      {
        "name": "gamma",
        "val": "0.0"
      }
    ]
  },
  "sampleWeightsEnabled": false,
  "modelId": "m1",
  "progress": {
    "top_level_todo": [],
    "stack": [],
    "top_level_done": [
      {
        "name": "Loading train set",
        "time": 29
      },
      {
        "name": "Loading test set",
        "time": 12
      },
      {
        "name": "Collecting statistics",
        "time": 30
      },
      {
        "name": "Preprocessing train set",
        "time": 34
      },
      {
        "name": "Preprocessing test set",
        "time": 28
      },
      {
        "name": "Grid searching",
        "time": 4023
      },
      {
        "name": "Fitting model",
        "time": 1101
      },
      {
        "name": "Saving model",
        "time": 4
      },
      {
        "name": "Scoring model",
        "time": 214
      }
    ]
  },
  "startTime": 1544048836525,
  "endTime": 1544048842004,
  "preprocessingTime": 137,
  "trainingTime": 5342
}