{
    "per_feature": {
        "status": {
            "stats": {
                "mostFrequentValue": "good", 
                "leastFrequentValue": "renew"
            }, 
            "category_possible_counts": [
                2646, 
                9
            ], 
            "category_possible_values": [
                "good", 
                "renew"
            ]
        }, 
        "has360": {
            "stats": {
                "mostFrequentValue": "False", 
                "leastFrequentValue": "True"
            }, 
            "category_possible_counts": [
                2554, 
                101
            ], 
            "category_possible_values": [
                "False", 
                "True"
            ]
        }, 
        "bathrooms": {
            "stats": {
                "std": 0.8956373271345454, 
                "p99": 5.0, 
                "min": 1.0, 
                "max": 9.0, 
                "average": 1.7005649717514124, 
                "median": 1.0
            }, 
            "missing_impute_with_value": 1.7005649717514124
        }, 
        "has3DTour": {
            "stats": {
                "mostFrequentValue": "False", 
                "leastFrequentValue": "True"
            }, 
            "category_possible_counts": [
                2639, 
                16
            ], 
            "category_possible_values": [
                "False", 
                "True"
            ]
        }, 
        "hasLift": {
            "stats": {
                "mostFrequentValue": "True", 
                "leastFrequentValue": "False"
            }, 
            "category_possible_counts": [
                2293, 
                362
            ], 
            "category_possible_values": [
                "True", 
                "False"
            ]
        }, 
        "propertyType": {
            "stats": {
                "mostFrequentValue": "flat", 
                "leastFrequentValue": "chalet"
            }, 
            "category_possible_counts": [
                2204, 
                168, 
                127, 
                88, 
                68
            ], 
            "category_possible_values": [
                "flat", 
                "penthouse", 
                "studio", 
                "duplex", 
                "chalet"
            ]
        }, 
        "municipality": {
            "stats": {
                "mostFrequentValue": "Madrid", 
                "leastFrequentValue": "Rivas-Vaciamadrid"
            }, 
            "category_possible_counts": [
                2480, 
                51, 
                32, 
                30, 
                14, 
                13, 
                11, 
                9, 
                7, 
                3, 
                2, 
                2, 
                1
            ], 
            "category_possible_values": [
                "Madrid", 
                "Pozuelo de Alarc\u00f3n", 
                "Majadahonda", 
                "La Moraleja", 
                "Alcorc\u00f3n", 
                "Legan\u00e9s", 
                "Getafe", 
                "Boadilla del Monte", 
                "Alcobendas", 
                "Coslada", 
                "San Fernando de Henares", 
                "Las Rozas de Madrid", 
                "Rivas-Vaciamadrid"
            ]
        }, 
        "newDevelopment": {
            "stats": {}
        }, 
        "rooms": {
            "stats": {
                "std": 1.212366626031143, 
                "p99": 5.0, 
                "min": 0.0, 
                "max": 9.0, 
                "average": 2.1951035781544257, 
                "median": 2.0
            }, 
            "missing_impute_with_value": 2.1951035781544257
        }, 
        "exterior": {
            "stats": {
                "mostFrequentValue": "True", 
                "leastFrequentValue": "False"
            }, 
            "category_possible_counts": [
                2148, 
                507
            ], 
            "category_possible_values": [
                "True", 
                "False"
            ]
        }, 
        "neighborhood": {
            "stats": {
                "mostFrequentValue": "Recoletos", 
                "leastFrequentValue": "Casco Hist\u00f3rico de Barajas"
            }, 
            "category_possible_counts": [
                114, 
                92, 
                91, 
                88, 
                80, 
                75, 
                74, 
                65, 
                62, 
                61, 
                59, 
                57, 
                57, 
                55, 
                51, 
                51, 
                48, 
                46, 
                44, 
                44, 
                43, 
                42, 
                41, 
                39, 
                37, 
                36, 
                35, 
                33, 
                27, 
                27, 
                27, 
                25, 
                24, 
                23, 
                23, 
                22, 
                22, 
                21, 
                21, 
                20, 
                18, 
                17, 
                16, 
                16, 
                16, 
                16, 
                16, 
                14, 
                14, 
                14, 
                14, 
                14, 
                14, 
                13, 
                13, 
                12, 
                12, 
                11, 
                11, 
                11, 
                11, 
                11, 
                10, 
                10, 
                10, 
                10, 
                10, 
                9, 
                9, 
                9, 
                9, 
                9, 
                9, 
                9, 
                8, 
                8, 
                8, 
                8, 
                7, 
                7, 
                7, 
                7, 
                6, 
                6, 
                6, 
                6, 
                5, 
                5, 
                5, 
                5, 
                5, 
                5, 
                5, 
                4, 
                4, 
                4, 
                4, 
                3, 
                3, 
                3
            ], 
            "category_possible_values": [
                "Recoletos", 
                "Lavapi\u00e9s-Embajadores", 
                "Castellana", 
                "Goya", 
                "Palacio", 
                "Malasa\u00f1a-Universidad", 
                "Chueca-Justicia", 
                "Arg\u00fcelles", 
                "Trafalgar", 
                "Lista", 
                "Bernab\u00e9u-Hispanoam\u00e9rica", 
                "Almagro", 
                "Cuzco-Castillejos", 
                "Huertas-Cortes", 
                "El Viso", 
                "Conde Orgaz-Piovera", 
                "Sanchinarro", 
                "Castilla", 
                "Nueva Espa\u00f1a", 
                "Sol", 
                "Prosperidad", 
                "Ibiza", 
                "Cuatro Caminos", 
                "Arapiles", 
                "Las Tablas", 
                "Ventilla-Almenara", 
                "Guindalera", 
                "Nuevos Ministerios-R\u00edos Rosas", 
                "Aravaca", 
                "Ciudad Jard\u00edn", 
                "Costillares", 
                "Fuente del Berro", 
                "San Pascual", 
                "Bellas Vistas", 
                "Vallehermoso", 
                "Ensanche de Vallecas - La Gavia", 
                "Gaztambide", 
                "Jer\u00f3nimos", 
                "Pac\u00edfico", 
                "La Paz", 
                "Acacias", 
                "Rejas", 
                "Legazpi", 
                "Ni\u00f1o Jes\u00fas", 
                "Canillas", 
                "San Juan Bautista", 
                "Palos de Moguer", 
                "Valdemar\u00edn", 
                "Pe\u00f1agrande", 
                "Pilar", 
                "Simancas", 
                "Concepci\u00f3n", 
                "Valdeacederas", 
                "Ventas", 
                "Estrella", 
                "Pueblo Nuevo", 
                "Chopera", 
                "Atalaya", 
                "Berruguete", 
                "Comillas", 
                "Adelfas", 
                "Tres Olivos - Valverde", 
                "Valdezarza", 
                "Pinar del Rey", 
                "Alameda de Osuna", 
                "Colina", 
                "Somosaguas", 
                "Lucero", 
                "Imperial", 
                "Montecarmelo", 
                "Zona Avenida Europa", 
                "Delicias", 
                "Palomas", 
                "Ciudad Universitaria", 
                "San Diego", 
                "Mirasierra", 
                "Prado de Somosaguas", 
                "Opa\u00f1el", 
                "Numancia", 
                "Vista Alegre", 
                "Valdebernardo - Valderribas", 
                "Zona Estaci\u00f3n", 
                "Zona norte", 
                "Valdebebas - Valdefuentes", 
                "Almendrales", 
                "Rosas", 
                "Puerta del \u00c1ngel", 
                "Zof\u00edo", 
                "Parque Lisboa - La Paz", 
                "Quintana", 
                "San Isidro", 
                "\u00c1guilas", 
                "Campo de las Naciones-Corralejos", 
                "Ambroz", 
                "Casco Hist\u00f3rico de Vallecas", 
                "Moscard\u00f3", 
                "Abrantes", 
                "Canillejas", 
                "Horcajo", 
                "Puerta Bonita"
            ]
        }, 
        "operation": {
            "stats": {}
        }, 
        "hasPlan": {
            "stats": {
                "mostFrequentValue": "False", 
                "leastFrequentValue": "True"
            }, 
            "category_possible_counts": [
                1828, 
                827
            ], 
            "category_possible_values": [
                "False", 
                "True"
            ]
        }, 
        "size": {
            "stats": {
                "std": 67.43542980022876, 
                "p99": 396.0, 
                "min": 20.0, 
                "max": 565.0, 
                "average": 105.02937853107345, 
                "median": 87.0
            }, 
            "missing_impute_with_value": 105.02937853107345
        }, 
        "suggestedTexts_title": {
            "stats": {}
        }, 
        "district": {
            "stats": {
                "mostFrequentValue": "Centro", 
                "leastFrequentValue": "El Barral Ferial"
            }, 
            "category_possible_counts": [
                424, 
                414, 
                270, 
                236, 
                182, 
                144, 
                132, 
                129, 
                124, 
                118, 
                80, 
                44, 
                43, 
                28, 
                27, 
                22, 
                20, 
                20, 
                17, 
                15, 
                15, 
                14, 
                11, 
                10, 
                9, 
                8, 
                8, 
                7, 
                7, 
                6, 
                5, 
                5, 
                5, 
                4, 
                3, 
                3, 
                3, 
                3, 
                3, 
                3, 
                2, 
                2, 
                2, 
                2, 
                2, 
                2, 
                2, 
                2, 
                2, 
                2, 
                2, 
                2, 
                1, 
                1, 
                1, 
                1, 
                1, 
                1, 
                1, 
                1, 
                1, 
                1
            ], 
            "category_possible_values": [
                "Centro", 
                "Salamanca", 
                "Chamart\u00edn", 
                "Chamber\u00ed", 
                "Tetu\u00e1n", 
                "Hortaleza", 
                "Ciudad Lineal", 
                "Moncloa", 
                "Retiro", 
                "Fuencarral", 
                "Arganzuela", 
                "San Blas", 
                "Carabanchel", 
                "Latina", 
                "Villa de Vallecas", 
                "Usera", 
                "Encinar de los Reyes", 
                "Puente de Vallecas", 
                "Barajas", 
                "Zona Monte el Pilar", 
                "Vic\u00e1lvaro", 
                "Golf - El Carralero", 
                "Zona Prado de Somosaguas - La Finca", 
                "Somosaguas", 
                "Zona Avenida Europa", 
                "El Soto de la Moraleja", 
                "Villaverde", 
                "Moratalaz", 
                "Zona Estaci\u00f3n", 
                "Zona norte", 
                "Parque Lisboa - La Paz", 
                "Valdepastores - Las Encinas", 
                "Urbanizaciones", 
                "Getafe Centro", 
                "Zarzaquemada", 
                "San Nicasio - Campo de Tiro - Solagua", 
                "Zona Pueblo", 
                "Prado de Santo Domingo", 
                "Valdepelayo - Montepinos - Arroyo Culebro", 
                "Casco Antiguo", 
                "Valderas - Los Castillos", 
                "El Bercial", 
                "El Carrascal", 
                "Yucat\u00e1n- Las Cornisas", 
                "Alcobendas Centro", 
                "Fuencasa", 
                "Ensanche", 
                "Arroyo de la Vega", 
                "Valdelacasa", 
                "Universidad", 
                "Zona Carretera del Plant\u00edo", 
                "Urb. este - Montepr\u00edncipe", 
                "El Puerto", 
                "Parque Ondarreta - Urtinsa", 
                "Buenavista", 
                "Valleaguado - La Ca\u00f1ada", 
                "Covibar - Pablo Iglesias", 
                "Las Dehesillas - Vereda de los Estudiantes", 
                "Norte", 
                "Juan de la Cierva", 
                "Getafe norte", 
                "El Barral Ferial"
            ]
        }, 
        "floor": {
            "stats": {
                "std": 2.720173482627446, 
                "p99": 12.0, 
                "min": -1.0, 
                "max": 22.0, 
                "average": 3.1811676082862523, 
                "median": 3.0
            }, 
            "missing_impute_with_value": 3.1811676082862523
        }, 
        "numPhotos": {
            "stats": {
                "std": 11.370696047139166, 
                "p99": 54.0, 
                "min": 0.0, 
                "max": 88.0, 
                "average": 22.02033898305085, 
                "median": 21.0
            }, 
            "missing_impute_with_value": 22.02033898305085
        }, 
        "hasVideo": {
            "stats": {
                "mostFrequentValue": "False", 
                "leastFrequentValue": "True"
            }, 
            "category_possible_counts": [
                2222, 
                433
            ], 
            "category_possible_values": [
                "False", 
                "True"
            ]
        }, 
        "latitude": {
            "stats": {}
        }, 
        "detailedType_typology": {
            "stats": {
                "mostFrequentValue": "flat", 
                "leastFrequentValue": "chalet"
            }, 
            "category_possible_counts": [
                2587, 
                68
            ], 
            "category_possible_values": [
                "flat", 
                "chalet"
            ]
        }, 
        "propertyCode": {
            "stats": {}
        }, 
        "thumbnail": {
            "stats": {}
        }, 
        "province": {
            "stats": {}
        }, 
        "suggestedTexts_subtitle": {
            "stats": {}
        }, 
        "detailedType_subTypology": {
            "stats": {}
        }, 
        "parkingSpaceIncluded": {
            "stats": {}
        }, 
        "price": {
            "stats": {}
        }, 
        "address": {
            "stats": {}
        }, 
        "parkingSpacePrice": {
            "stats": {}
        }, 
        "externalReference": {
            "stats": {
                "mostFrequentValue": "27010001", 
                "leastFrequentValue": "L302B"
            }, 
            "category_possible_counts": [
                6, 
                5, 
                5, 
                3, 
                3, 
                3, 
                3, 
                3, 
                3, 
                2, 
                2, 
                2, 
                2, 
                2, 
                2, 
                2, 
                2, 
                2, 
                2, 
                2, 
                2, 
                2, 
                2, 
                2, 
                2, 
                2, 
                2, 
                2, 
                2, 
                2, 
                2, 
                2, 
                2, 
                2, 
                2, 
                2, 
                2, 
                2, 
                2, 
                2, 
                2, 
                2, 
                2, 
                2, 
                2, 
                2, 
                2, 
                2, 
                2, 
                2, 
                2, 
                2, 
                2, 
                2, 
                2, 
                2, 
                2, 
                2, 
                2, 
                2, 
                2, 
                2, 
                2, 
                2, 
                2, 
                2, 
                2, 
                2, 
                2, 
                2, 
                2, 
                2, 
                2, 
                2, 
                2, 
                2, 
                2, 
                2, 
                2, 
                2, 
                2, 
                2, 
                2, 
                2, 
                2, 
                2, 
                2, 
                2, 
                2, 
                2, 
                2, 
                2, 
                2, 
                2, 
                2, 
                2, 
                2, 
                2, 
                2, 
                2
            ], 
            "category_possible_values": [
                "27010001", 
                "22000040", 
                "11.2", 
                "V40-CS-2130", 
                "22000613", 
                "RP40201849985", 
                "22970", 
                "M-41-00618", 
                "OT20010", 
                "04116", 
                "02940", 
                "W-02CR09", 
                "RE-pala", 
                "W-02DUPU", 
                "ALQ-13106", 
                "W-02DPOQ", 
                "BRA 359", 
                "W-02ECCO", 
                "W-02DOWS", 
                "eg130348", 
                "03380", 
                "03439", 
                "03672", 
                "mdat8", 
                "W-02DP5X", 
                "02424", 
                "04043", 
                "W-02EC6R", 
                "03201", 
                "03732", 
                "22000641", 
                "W-02E4D6", 
                "AM1811011", 
                "156", 
                "03315", 
                "W-02B6L3", 
                "144127", 
                "JSC-A-3378", 
                "12459", 
                "MON - 3561", 
                "03280", 
                "RE-ALG", 
                "03940", 
                "103154", 
                "03685", 
                "03969", 
                "68", 
                "Edificio Hispanidad", 
                "AM1810073", 
                "EOR23883", 
                "1258", 
                "03899", 
                "03208", 
                "ap18372", 
                "W-02E4I4", 
                "RE-AMB", 
                "03170", 
                "151339", 
                "W-02E30C", 
                "03176", 
                "01437", 
                "03565", 
                "03024", 
                "RE-PC", 
                "Guido Alberto tlf. 675 728 461", 
                "03128", 
                "W-02B16Y", 
                "SGG129017", 
                "Fuencarral XIII", 
                "22000636", 
                "W-02E2Z4", 
                "W-02C180", 
                "BADA", 
                "RE-FL", 
                "03519", 
                "04029", 
                "104059", 
                "03742", 
                "W-02DM51", 
                "03403", 
                "L0455MA", 
                "RE-EP", 
                "03526", 
                "W-02E4AL", 
                "02709", 
                "SGF86609", 
                "Retiro", 
                "RE-19628", 
                "Edificio Atrium", 
                "1049", 
                "SRB_SOLVIA_48300", 
                "SRB_SOLVIA_54137", 
                "153450", 
                "JPalquiler", 
                "03348", 
                "RP129201850040", 
                "03143", 
                "03215", 
                "MON - 3569", 
                "AC9"
            ]
        }, 
        "distance": {
            "stats": {
                "std": 3346.504709142561, 
                "p99": 14370.5, 
                "min": 104.0, 
                "max": 14944.0, 
                "average": 4432.416195856874, 
                "median": 3373.0
            }, 
            "missing_impute_with_value": 4432.416195856874
        }, 
        "url": {
            "stats": {}
        }, 
        "country": {
            "stats": {}
        }, 
        "geopoint": {
            "stats": {}
        }, 
        "longitude": {
            "stats": {}
        }, 
        "priceByArea": {
            "stats": {}
        }, 
        "showAddress": {
            "stats": {}
        }, 
        "hasParkingSpace": {
            "missing_impute_with_value": "False", 
            "stats": {
                "mostFrequentValue": "True", 
                "leastFrequentValue": "True"
            }, 
            "category_possible_counts": [
                875
            ], 
            "category_possible_values": [
                "True"
            ]
        }
    }, 
    "feature_order": [
        "status", 
        "has360", 
        "bathrooms", 
        "has3DTour", 
        "hasLift", 
        "propertyType", 
        "municipality", 
        "newDevelopment", 
        "rooms", 
        "exterior", 
        "neighborhood", 
        "operation", 
        "hasPlan", 
        "size", 
        "suggestedTexts_title", 
        "district", 
        "floor", 
        "numPhotos", 
        "hasVideo", 
        "latitude", 
        "detailedType_typology", 
        "propertyCode", 
        "thumbnail", 
        "province", 
        "suggestedTexts_subtitle", 
        "detailedType_subTypology", 
        "parkingSpaceIncluded", 
        "price", 
        "address", 
        "parkingSpacePrice", 
        "externalReference", 
        "distance", 
        "url", 
        "country", 
        "geopoint", 
        "longitude", 
        "priceByArea", 
        "showAddress", 
        "hasParkingSpace"
    ]
}