{
    "modelInputIsSparse": false, 
    "modelInputNRows": 2655, 
    "modelInputNCols": 24, 
    "modelInputMemory": 509760, 
    "lmCoefficients": {
        "interceptStderr": null, 
        "interceptTstat": null, 
        "rescaledInterceptCoef": 26450329568198.891, 
        "rescaledCoefs": [
            274.1985164108201, 
            -1.2107523116912335, 
            -55.89569165445225, 
            7.5912588648168464, 
            -341.1893580876494, 
            4422884766415962.0, 
            159.88669988617352, 
            -1835699787981876.0, 
            -16907334560556044.0, 
            -16907334560555952.0, 
            -16907334560556198.0, 
            -16907334560556094.0, 
            -1954775242986736.8, 
            7.0813602061827545, 
            -64.0, 
            -205.26028786312816, 
            0.0078125, 
            15.634898337597779, 
            16907334560556640.0, 
            -26450329568136.184, 
            -26450329567982.367
        ], 
        "variables": [
            "bathrooms", 
            "floor", 
            "rooms", 
            "size", 
            "dummy:has360:False", 
            "dummy:has360:N/A", 
            "dummy:hasLift:True", 
            "dummy:hasLift:N/A", 
            "dummy:propertyType:flat", 
            "dummy:propertyType:penthouse", 
            "dummy:propertyType:studio", 
            "dummy:propertyType:duplex", 
            "dummy:propertyType:N/A", 
            "dummy:exterior:True", 
            "dummy:exterior:N/A", 
            "dummy:hasPlan:False", 
            "dummy:hasPlan:N/A", 
            "dummy:hasVideo:False", 
            "dummy:detailedType_typology:flat", 
            "dummy:hasParkingSpace:True", 
            "dummy:hasParkingSpace:__Others__"
        ], 
        "interceptCoef": 26450329569335.94, 
        "interceptPvalue": null, 
        "coefs": [
            245.58242634244468, 
            -3.2934563322923736, 
            -67.766071100785396, 
            511.91980427372073, 
            -341.1893580876494, 
            4422884766415962.0, 
            159.88669988617352, 
            -1835699787981876.0, 
            -16907334560556044.0, 
            -16907334560555952.0, 
            -16907334560556198.0, 
            -16907334560556094.0, 
            -1954775242986736.8, 
            7.0813602061827545, 
            -64.0, 
            -205.26028786312816, 
            0.0078125, 
            15.634898337597779, 
            16907334560556640.0, 
            -26450329568136.184, 
            -26450329567982.367
        ]
    }
}