{
    "metrics": {
        "rmse": 470.40253723829653, 
        "pearson": 0.82190650079227923, 
        "mae": 331.28479150978916, 
        "r2": 0.67385485700895331, 
        "mape": 0.21981217922156335, 
        "mse": 221278.54704022696, 
        "evs": 0.67457284669216366, 
        "rmsle": 0.27904747671724073
    }, 
    "scatterPlotData": {
        "y": [
            1701.9414, 
            1825.5703, 
            1927.9414, 
            1499.4648, 
            899.9414, 
            1617.9414, 
            1657.9414, 
            1201.9414, 
            1489.9414, 
            2243.9414, 
            1273.9414, 
            955.9414, 
            1485.9414, 
            1405.9414, 
            1357.9414, 
            2845.9414, 
            1983.9414, 
            1249.9414, 
            2339.9414, 
            913.9414, 
            2481.9414, 
            1253.9414, 
            1233.9414, 
            2218.5, 
            1987.9414, 
            1151.9414, 
            1223.9414, 
            1865.9414, 
            2683.9414, 
            1019.9414, 
            1739.9414, 
            3169.2383, 
            1121.9414, 
            2065.9414, 
            1159.9414, 
            1641.9414, 
            2277.9414, 
            1376.9805, 
            1617.9414, 
            1739.9414, 
            1907.9414, 
            965.9414, 
            1311.9414, 
            1479.9414, 
            1529.9414, 
            729.9414, 
            1067.9414, 
            2867.2812, 
            2337.2812, 
            2763.9414, 
            1499.9414, 
            2405.5703, 
            1149.9414, 
            3792.0156, 
            953.9414, 
            1355.9414, 
            2044.7578, 
            1355.9414, 
            3117.9414, 
            1117.9414, 
            2525.9414, 
            999.9414, 
            979.9414, 
            965.9414, 
            1155.9414, 
            1377.9414, 
            849.9414, 
            2109.9414, 
            1659.9414, 
            2109.9414, 
            1811.9414, 
            2067.9414, 
            4244.7344, 
            1791.9414, 
            1867.9414, 
            1275.9414, 
            1625.9414, 
            999.9414, 
            1449.9414, 
            2253.9414, 
            877.9414, 
            985.9414, 
            935.9414, 
            2879.9414, 
            1207.9414, 
            1061.9414, 
            1102.3438, 
            1065.9414, 
            1119.9414, 
            1071.9414, 
            1103.1953, 
            1385.9414, 
            1907.9414, 
            1613.9414, 
            1549.4648, 
            965.9414, 
            1741.9414, 
            713.9414, 
            2689.9414, 
            1775.9414, 
            1671.9414, 
            1135.9414, 
            2219.6641, 
            1679.9414, 
            1735.9414, 
            1009.9414, 
            1357.9414, 
            1125.9414, 
            1745.9414, 
            2001.9414, 
            1179.9414, 
            1023.9414, 
            1795.9414, 
            2449.9414, 
            3053.9414, 
            1439.9414, 
            2739.9414, 
            1235.9414, 
            2473.9414, 
            1029.9414, 
            999.9414, 
            1121.9414, 
            2788.7539, 
            1579.9414, 
            1087.9414, 
            829.9414, 
            1785.9414, 
            879.4492, 
            1611.9414, 
            1051.082, 
            1717.9414, 
            2766.957, 
            3159.9414, 
            1469.9414, 
            991.9414, 
            891.9414, 
            2085.9414, 
            1367.9414, 
            999.9414, 
            1661.2656, 
            1583.9414, 
            1075.9414, 
            1289.9414, 
            867.9414, 
            919.9414, 
            1507.9414, 
            4360.375, 
            1861.9414, 
            3255.9414, 
            1317.9414, 
            1299.9414, 
            1659.9414, 
            1471.9414, 
            983.9414, 
            1839.9414, 
            1285.9414, 
            1699.9414, 
            929.9414, 
            1415.9414, 
            925.9414, 
            1769.9414, 
            1471.082, 
            2509.9414, 
            1465.9414, 
            1293.9414, 
            3554.5469, 
            1527.9414, 
            2677.9414, 
            1669.5703, 
            2567.3867, 
            2299.9414, 
            1863.9414, 
            1343.9414, 
            1461.9414, 
            1109.9414, 
            1931.2812, 
            1079.9414, 
            1047.9414, 
            1079.9414, 
            1045.9414, 
            1639.9414, 
            1083.9414, 
            1037.9414, 
            855.9414, 
            1125.9414, 
            1109.9414, 
            2203.9414, 
            1171.9414, 
            3271.9414, 
            1077.9414, 
            1045.9414, 
            1663.082, 
            1409.9414, 
            1923.9414, 
            1159.9414, 
            1221.1641, 
            1957.9414, 
            1831.9414, 
            1823.9414, 
            881.9414, 
            969.9414, 
            1023.9414, 
            921.9414, 
            861.9414, 
            969.9414, 
            1225.9414, 
            1179.9414, 
            4360.375, 
            985.9414, 
            2513.0156, 
            1881.9414, 
            1267.9414, 
            1995.9414, 
            903.9414, 
            1057.9414, 
            889.9414, 
            1525.9414, 
            1661.9414, 
            975.9414, 
            1083.9414, 
            2129.9414, 
            1135.9414, 
            999.9414, 
            2019.9414, 
            1493.082, 
            3745.8711, 
            1667.9414, 
            1151.9414, 
            1939.9414, 
            693.9414, 
            1005.9414, 
            2257.9414, 
            1557.9414, 
            1583.0938, 
            1565.9414, 
            1267.9414, 
            1605.9414, 
            1565.9414, 
            1577.9414, 
            897.9414, 
            1233.9414, 
            873.9414, 
            1289.9414, 
            1137.9414, 
            1021.9414, 
            1241.9414, 
            1041.9414, 
            959.9414, 
            2481.9414, 
            1351.9414, 
            1289.9414, 
            847.9414, 
            1253.9414, 
            2115.9414, 
            1073.9414, 
            1577.9414, 
            1679.9414, 
            1023.9414, 
            773.9414, 
            2181.9414, 
            1396.9805, 
            969.9414, 
            907.9414, 
            2127.9414, 
            3404.2695, 
            1547.9414, 
            1011.9414, 
            1559.9414, 
            1193.9414, 
            2865.3867, 
            1299.9414, 
            1309.9414, 
            1013.9414, 
            2485.9414, 
            4379.9414, 
            1083.9414, 
            2105.9414, 
            901.9414, 
            1149.9414, 
            2553.9414, 
            1043.9414, 
            1859.9414, 
            2765.3672, 
            1583.9414, 
            2302.918, 
            811.9414, 
            1469.9414, 
            943.9414, 
            1899.9414, 
            2105.9414, 
            2507.9414, 
            1651.9414, 
            923.9414, 
            1265.8398, 
            1281.9414, 
            1633.9414, 
            1121.9414, 
            835.9414, 
            1577.9414, 
            1561.9414, 
            1583.9414, 
            905.9414, 
            825.9414, 
            1441.9414, 
            779.9414, 
            2335.9414, 
            1473.9414, 
            3543.9414, 
            1803.5703, 
            1167.9414, 
            1811.9414, 
            1395.9414, 
            1735.9414, 
            3479.9414, 
            1171.9414, 
            1103.9414, 
            1587.9414, 
            2755.9414, 
            1041.9414, 
            795.9414, 
            1461.9414, 
            1157.9414, 
            1059.9414, 
            1161.9414, 
            2010.6953, 
            4763.9414, 
            1235.082, 
            905.9414, 
            1279.9414, 
            1545.9414, 
            1021.9414, 
            1711.9414, 
            281.5859, 
            1503.9414, 
            1585.9414, 
            963.9414, 
            1519.9414, 
            1517.9414, 
            1429.9414, 
            1019.9414, 
            1433.9414, 
            1325.4648, 
            923.9414, 
            1887.7461, 
            1379.9414, 
            1665.9414, 
            1811.9414, 
            785.9414, 
            1565.9414, 
            1007.9414, 
            1743.9414, 
            1133.9414, 
            2613.9414, 
            1217.9414, 
            873.9414, 
            1913.9414, 
            893.9414, 
            1169.9414, 
            1265.9414, 
            2787.9414, 
            1363.9414, 
            1887.5703, 
            1071.9414, 
            1334.457, 
            1679.9414, 
            1405.9414, 
            1117.9414, 
            1365.082, 
            2253.9414, 
            2577.9414, 
            1679.9414, 
            1007.9414, 
            1435.9414, 
            1401.9414, 
            833.9414, 
            1149.9414, 
            927.9414, 
            1535.9414, 
            1525.9414, 
            2177.9414, 
            2005.9414, 
            1215.9414, 
            1543.9414, 
            2199.9414, 
            1017.9414, 
            1741.4648, 
            1443.5703, 
            2369.9414, 
            839.9414, 
            1019.9414, 
            843.9414, 
            1691.9414, 
            1405.9414, 
            1039.9414, 
            1045.9414, 
            1871.9414, 
            2033.9414, 
            1005.9414, 
            1623.9414, 
            1567.9414, 
            1673.9414, 
            1451.9414, 
            3595.168, 
            997.9414, 
            1493.1875, 
            2517.9414, 
            1965.9414, 
            1111.9414, 
            1269.9414, 
            1217.9414, 
            985.9414, 
            869.9414, 
            1567.9414, 
            1095.9414, 
            1641.9414, 
            1221.9414, 
            1573.9414, 
            1419.082, 
            1675.9414, 
            1773.9414, 
            1545.9414, 
            1557.9414, 
            1887.9414, 
            1445.9414, 
            1407.9414, 
            1097.9414, 
            1169.9414, 
            955.9414, 
            1163.9414, 
            1381.9414, 
            1489.9414, 
            1043.9414, 
            1117.9414, 
            1107.9414, 
            987.9414, 
            2129.9414, 
            1151.9414, 
            905.9414, 
            1141.9414, 
            1223.9414, 
            2403.9414, 
            1063.9414, 
            1091.9414, 
            1741.9414, 
            863.9414, 
            959.9414, 
            1841.9414, 
            1335.9414, 
            1337.9414, 
            1927.9414, 
            1333.2656, 
            855.9414, 
            787.9414, 
            1025.9414, 
            2880.7695, 
            1021.9414, 
            793.9414, 
            1867.9414, 
            1757.9414, 
            977.9414, 
            1291.9414, 
            915.9414, 
            1451.9414, 
            1683.2812, 
            1945.9414, 
            1123.9414, 
            1753.9414, 
            987.9414, 
            1353.9414, 
            1809.9414, 
            1541.9414, 
            2165.9414, 
            2457.9414, 
            1599.6641, 
            787.0938, 
            3095.9414, 
            665.9414, 
            1327.9414, 
            301.6016, 
            2257.9414, 
            1129.9414, 
            1099.9414, 
            1393.9414, 
            1151.9414, 
            1719.9414, 
            949.9414, 
            1077.9414, 
            1083.9414, 
            2889.8711, 
            1345.9414, 
            1861.9414, 
            1189.9414, 
            1487.9414, 
            2013.9414, 
            1927.9414, 
            1519.9414, 
            2189.7695, 
            1059.1641, 
            1075.9414, 
            1429.9414, 
            1919.9414, 
            1427.9414, 
            2149.9414, 
            1737.9414, 
            1855.9414, 
            2429.9414, 
            2175.9414, 
            1180.6406, 
            979.9414, 
            1579.9414, 
            2729.9414, 
            985.9414, 
            827.9414, 
            2313.9414, 
            1281.9414, 
            631.9414, 
            1251.9414, 
            861.9414, 
            1274.9805, 
            1147.9414, 
            871.9414, 
            827.9414, 
            2315.6641, 
            833.9414, 
            2999.5703, 
            1887.9414, 
            1605.9414, 
            1097.9414, 
            2029.9414, 
            1439.9414, 
            1461.9414, 
            1639.9414, 
            1103.9414, 
            2099.9414, 
            1049.9414, 
            909.9414, 
            2591.3867, 
            1109.9414, 
            1954.457, 
            981.9414, 
            785.9414, 
            1093.543, 
            2005.9414, 
            1499.9414, 
            1755.9414, 
            1165.5781, 
            1445.9414, 
            2035.9414, 
            1059.9414, 
            1555.9414, 
            2275.9414, 
            1041.9414, 
            2025.082, 
            1073.9414, 
            933.9414, 
            1065.9414, 
            2355.8711, 
            1449.9414, 
            1409.9414, 
            1043.9414, 
            2383.9414, 
            1563.9414, 
            1075.9414, 
            2519.9414, 
            1015.9414, 
            1021.9414, 
            889.9414, 
            2177.9414, 
            677.9414, 
            1925.9414, 
            1543.9414, 
            1921.9414, 
            1121.9414, 
            1205.9414, 
            1665.9414, 
            849.9414, 
            1939.5703, 
            2105.9414, 
            3341.9414, 
            3179.9414, 
            1647.9414, 
            1033.9414, 
            1307.3945, 
            1411.9414, 
            1222.9805, 
            1741.9414, 
            1609.9414, 
            2125.9414, 
            827.9414, 
            1701.9414, 
            1817.9414, 
            1025.9414, 
            785.9414, 
            1013.9414, 
            1289.9414, 
            1715.9414, 
            3012.0703, 
            763.9414, 
            2073.4648, 
            727.9414, 
            1217.9414, 
            1047.9414, 
            1371.9414, 
            1219.9414, 
            1081.9414, 
            1137.9414, 
            1183.9414, 
            1103.9414, 
            1675.9414, 
            1041.9414, 
            587.9414, 
            2537.9414, 
            1131.9414, 
            967.9414, 
            1045.9414, 
            1657.9414, 
            1063.9414, 
            749.9414, 
            1479.9414, 
            4672.0703, 
            1911.082, 
            1295.9414, 
            1203.0938, 
            1287.9414, 
            1001.9414, 
            1155.9414, 
            989.9414, 
            1977.9414, 
            985.9414, 
            1214.9805, 
            3367.2734, 
            1246.9805, 
            1643.9414, 
            785.5977, 
            1729.9414, 
            983.9414, 
            1189.9414, 
            1667.9414, 
            1741.9414, 
            1739.9414, 
            2029.9414, 
            1577.9414, 
            3175.9414, 
            1125.9414, 
            829.9414, 
            1261.9414, 
            3087.9414, 
            1057.9414, 
            1043.9414, 
            2327.9414, 
            1081.9414, 
            1685.9414, 
            1369.9414, 
            1827.9414, 
            1463.9414, 
            871.9414, 
            1905.9414, 
            1737.9414, 
            1239.9414, 
            2589.9414, 
            1225.9414, 
            1891.9414, 
            2449.9414, 
            1553.9414
        ], 
        "x": [
            1700.0, 
            1500.0, 
            1900.0, 
            1202.0, 
            1150.0, 
            1550.0, 
            3400.0, 
            1200.0, 
            1600.0, 
            3500.0, 
            850.0, 
            600.0, 
            1200.0, 
            800.0, 
            1400.0, 
            3500.0, 
            1800.0, 
            725.0, 
            3645.0, 
            1000.0, 
            2400.0, 
            1500.0, 
            920.0, 
            1400.0, 
            2900.0, 
            1000.0, 
            1100.0, 
            1650.0, 
            3600.0, 
            1100.0, 
            3240.0, 
            2400.0, 
            850.0, 
            2000.0, 
            1250.0, 
            2200.0, 
            3105.0, 
            950.0, 
            1700.0, 
            1650.0, 
            2300.0, 
            850.0, 
            1125.0, 
            1200.0, 
            1000.0, 
            750.0, 
            900.0, 
            3800.0, 
            2150.0, 
            2950.0, 
            1700.0, 
            2300.0, 
            925.0, 
            2600.0, 
            1300.0, 
            1200.0, 
            1300.0, 
            1100.0, 
            2850.0, 
            900.0, 
            2400.0, 
            1200.0, 
            1200.0, 
            950.0, 
            1350.0, 
            1650.0, 
            800.0, 
            2100.0, 
            1350.0, 
            1800.0, 
            1650.0, 
            3500.0, 
            3850.0, 
            1850.0, 
            2400.0, 
            900.0, 
            2845.0, 
            975.0, 
            770.0, 
            3000.0, 
            900.0, 
            800.0, 
            680.0, 
            2800.0, 
            1250.0, 
            800.0, 
            2600.0, 
            900.0, 
            1000.0, 
            850.0, 
            1600.0, 
            1500.0, 
            1850.0, 
            1500.0, 
            1350.0, 
            950.0, 
            1300.0, 
            650.0, 
            2600.0, 
            1400.0, 
            1900.0, 
            785.0, 
            1550.0, 
            1250.0, 
            3300.0, 
            700.0, 
            2400.0, 
            1060.0, 
            1500.0, 
            1910.0, 
            1100.0, 
            1400.0, 
            1200.0, 
            2650.0, 
            3000.0, 
            1240.0, 
            2800.0, 
            1500.0, 
            2800.0, 
            1150.0, 
            1000.0, 
            900.0, 
            1950.0, 
            1800.0, 
            1200.0, 
            1090.0, 
            3000.0, 
            1900.0, 
            2400.0, 
            1200.0, 
            1750.0, 
            3000.0, 
            4000.0, 
            1250.0, 
            1000.0, 
            700.0, 
            2000.0, 
            975.0, 
            825.0, 
            1100.0, 
            1300.0, 
            950.0, 
            1500.0, 
            750.0, 
            850.0, 
            1250.0, 
            4000.0, 
            2200.0, 
            4000.0, 
            900.0, 
            1200.0, 
            1350.0, 
            1300.0, 
            1150.0, 
            1580.0, 
            1300.0, 
            1900.0, 
            900.0, 
            1250.0, 
            650.0, 
            1300.0, 
            1400.0, 
            2400.0, 
            1500.0, 
            1100.0, 
            3500.0, 
            1390.0, 
            3400.0, 
            1950.0, 
            3700.0, 
            1550.0, 
            1650.0, 
            1600.0, 
            1150.0, 
            900.0, 
            1399.0, 
            1000.0, 
            675.0, 
            650.0, 
            800.0, 
            1400.0, 
            1130.0, 
            1300.0, 
            900.0, 
            850.0, 
            900.0, 
            2500.0, 
            1300.0, 
            4000.0, 
            950.0, 
            850.0, 
            1275.0, 
            1400.0, 
            1600.0, 
            1250.0, 
            1035.0, 
            1250.0, 
            1690.0, 
            1850.0, 
            850.0, 
            950.0, 
            850.0, 
            700.0, 
            900.0, 
            1800.0, 
            1600.0, 
            1600.0, 
            4000.0, 
            950.0, 
            2700.0, 
            2700.0, 
            1590.0, 
            2700.0, 
            575.0, 
            1300.0, 
            1500.0, 
            1260.0, 
            1600.0, 
            1150.0, 
            850.0, 
            2000.0, 
            1400.0, 
            690.0, 
            1700.0, 
            1400.0, 
            2500.0, 
            1890.0, 
            1200.0, 
            1850.0, 
            720.0, 
            900.0, 
            1150.0, 
            1350.0, 
            1350.0, 
            1250.0, 
            1000.0, 
            1900.0, 
            1400.0, 
            1600.0, 
            800.0, 
            850.0, 
            900.0, 
            1250.0, 
            1100.0, 
            1100.0, 
            1500.0, 
            1100.0, 
            950.0, 
            2400.0, 
            700.0, 
            1700.0, 
            750.0, 
            900.0, 
            1865.0, 
            700.0, 
            1590.0, 
            900.0, 
            1100.0, 
            650.0, 
            2600.0, 
            1400.0, 
            800.0, 
            850.0, 
            1850.0, 
            2800.0, 
            1500.0, 
            850.0, 
            1400.0, 
            1550.0, 
            3300.0, 
            1200.0, 
            1355.0, 
            750.0, 
            3200.0, 
            3900.0, 
            1050.0, 
            2000.0, 
            875.0, 
            850.0, 
            3450.0, 
            725.0, 
            1100.0, 
            3200.0, 
            1490.0, 
            2500.0, 
            625.0, 
            1425.0, 
            790.0, 
            1700.0, 
            3240.0, 
            2700.0, 
            1500.0, 
            730.0, 
            1400.0, 
            1500.0, 
            1300.0, 
            995.0, 
            600.0, 
            2800.0, 
            1900.0, 
            1430.0, 
            750.0, 
            895.0, 
            1575.0, 
            800.0, 
            1950.0, 
            1400.0, 
            3000.0, 
            1800.0, 
            1375.0, 
            2200.0, 
            1100.0, 
            1100.0, 
            3500.0, 
            1170.0, 
            1200.0, 
            1950.0, 
            3700.0, 
            810.0, 
            650.0, 
            1425.0, 
            900.0, 
            1250.0, 
            1100.0, 
            1700.0, 
            3975.0, 
            1400.0, 
            1200.0, 
            2470.0, 
            1600.0, 
            1045.0, 
            3700.0, 
            1300.0, 
            2995.0, 
            2100.0, 
            850.0, 
            1850.0, 
            1100.0, 
            1500.0, 
            750.0, 
            800.0, 
            1100.0, 
            725.0, 
            3300.0, 
            835.0, 
            950.0, 
            1700.0, 
            750.0, 
            730.0, 
            1500.0, 
            2700.0, 
            1750.0, 
            3300.0, 
            900.0, 
            900.0, 
            1600.0, 
            650.0, 
            1100.0, 
            995.0, 
            2700.0, 
            1500.0, 
            1300.0, 
            1200.0, 
            1850.0, 
            1950.0, 
            1250.0, 
            1100.0, 
            1450.0, 
            3000.0, 
            2450.0, 
            1850.0, 
            1000.0, 
            1250.0, 
            1800.0, 
            1100.0, 
            995.0, 
            1200.0, 
            1300.0, 
            1100.0, 
            3850.0, 
            3200.0, 
            1100.0, 
            1500.0, 
            3950.0, 
            1300.0, 
            1100.0, 
            1200.0, 
            3000.0, 
            850.0, 
            680.0, 
            1000.0, 
            1900.0, 
            1400.0, 
            1200.0, 
            650.0, 
            1935.0, 
            2350.0, 
            950.0, 
            1500.0, 
            1400.0, 
            1900.0, 
            1000.0, 
            3800.0, 
            990.0, 
            1566.0, 
            3000.0, 
            3900.0, 
            1650.0, 
            1200.0, 
            900.0, 
            820.0, 
            750.0, 
            1800.0, 
            780.0, 
            2100.0, 
            1300.0, 
            1800.0, 
            1300.0, 
            1400.0, 
            1650.0, 
            1400.0, 
            1350.0, 
            2500.0, 
            1250.0, 
            870.0, 
            1200.0, 
            890.0, 
            750.0, 
            980.0, 
            950.0, 
            2000.0, 
            850.0, 
            700.0, 
            1300.0, 
            980.0, 
            3100.0, 
            1600.0, 
            550.0, 
            900.0, 
            950.0, 
            1975.0, 
            810.0, 
            1100.0, 
            1300.0, 
            650.0, 
            800.0, 
            1865.0, 
            950.0, 
            995.0, 
            3780.0, 
            1250.0, 
            900.0, 
            850.0, 
            1090.0, 
            2700.0, 
            800.0, 
            650.0, 
            1400.0, 
            950.0, 
            800.0, 
            1500.0, 
            1300.0, 
            2430.0, 
            1100.0, 
            2700.0, 
            900.0, 
            1300.0, 
            700.0, 
            1130.0, 
            3000.0, 
            1067.0, 
            1650.0, 
            2350.0, 
            3630.0, 
            810.0, 
            3990.0, 
            1100.0, 
            1100.0, 
            1400.0, 
            2900.0, 
            795.0, 
            1300.0, 
            1300.0, 
            1350.0, 
            1500.0, 
            900.0, 
            900.0, 
            950.0, 
            2499.0, 
            1490.0, 
            1980.0, 
            1390.0, 
            1500.0, 
            2450.0, 
            2300.0, 
            1390.0, 
            2600.0, 
            1150.0, 
            980.0, 
            1700.0, 
            2700.0, 
            800.0, 
            2600.0, 
            1500.0, 
            2300.0, 
            3000.0, 
            1690.0, 
            1900.0, 
            1200.0, 
            1300.0, 
            1900.0, 
            1000.0, 
            850.0, 
            1900.0, 
            750.0, 
            780.0, 
            1400.0, 
            1300.0, 
            1200.0, 
            1150.0, 
            890.0, 
            850.0, 
            2600.0, 
            975.0, 
            2800.0, 
            1650.0, 
            1700.0, 
            950.0, 
            1950.0, 
            1250.0, 
            745.0, 
            1450.0, 
            900.0, 
            950.0, 
            900.0, 
            690.0, 
            3000.0, 
            950.0, 
            1900.0, 
            750.0, 
            770.0, 
            1500.0, 
            3100.0, 
            1500.0, 
            950.0, 
            800.0, 
            1400.0, 
            2000.0, 
            630.0, 
            1100.0, 
            3500.0, 
            1380.0, 
            2700.0, 
            1000.0, 
            657.0, 
            740.0, 
            2700.0, 
            790.0, 
            1650.0, 
            745.0, 
            2100.0, 
            2650.0, 
            875.0, 
            1950.0, 
            1000.0, 
            1045.0, 
            800.0, 
            1950.0, 
            520.0, 
            1350.0, 
            1100.0, 
            2500.0, 
            850.0, 
            1099.0, 
            1950.0, 
            780.0, 
            2350.0, 
            2000.0, 
            3500.0, 
            3700.0, 
            1700.0, 
            815.0, 
            1275.0, 
            915.0, 
            1300.0, 
            2300.0, 
            1600.0, 
            1900.0, 
            980.0, 
            1700.0, 
            1450.0, 
            1000.0, 
            585.0, 
            1050.0, 
            1250.0, 
            1900.0, 
            2900.0, 
            600.0, 
            2900.0, 
            650.0, 
            950.0, 
            800.0, 
            1390.0, 
            900.0, 
            1000.0, 
            750.0, 
            1700.0, 
            1500.0, 
            1900.0, 
            890.0, 
            800.0, 
            2300.0, 
            1200.0, 
            699.0, 
            1000.0, 
            1850.0, 
            850.0, 
            680.0, 
            1300.0, 
            3500.0, 
            1650.0, 
            990.0, 
            1150.0, 
            1100.0, 
            800.0, 
            1100.0, 
            1300.0, 
            2800.0, 
            750.0, 
            1150.0, 
            3950.0, 
            850.0, 
            1100.0, 
            1500.0, 
            1800.0, 
            850.0, 
            1700.0, 
            2650.0, 
            1300.0, 
            1600.0, 
            1950.0, 
            975.0, 
            4000.0, 
            850.0, 
            815.0, 
            1800.0, 
            3800.0, 
            900.0, 
            900.0, 
            3600.0, 
            960.0, 
            1250.0, 
            820.0, 
            1500.0, 
            1240.0, 
            800.0, 
            3105.0, 
            2200.0, 
            1000.0, 
            2300.0, 
            850.0, 
            2970.0, 
            2100.0, 
            1450.0
        ]
    }, 
    "processed_feature_names": [
        "bathrooms", 
        "floor", 
        "rooms", 
        "size", 
        "dummy:has360:False", 
        "dummy:has360:N/A", 
        "dummy:hasLift:True", 
        "dummy:hasLift:N/A", 
        "dummy:propertyType:flat", 
        "dummy:propertyType:penthouse", 
        "dummy:propertyType:studio", 
        "dummy:propertyType:duplex", 
        "dummy:propertyType:N/A", 
        "dummy:exterior:True", 
        "dummy:exterior:N/A", 
        "dummy:hasPlan:False", 
        "dummy:hasPlan:N/A", 
        "dummy:hasVideo:False", 
        "dummy:hasVideo:N/A", 
        "dummy:detailedType_typology:flat", 
        "dummy:detailedType_typology:N/A", 
        "dummy:hasParkingSpace:True", 
        "dummy:hasParkingSpace:N/A", 
        "dummy:hasParkingSpace:__Others__"
    ], 
    "regression_performance": {
        "max_error": 1296.4785937500003, 
        "median_error": -71.51171875, 
        "error_distribution": [
            {
                "count": 37, 
                "bin_max": -560.4911249999999, 
                "bin_id": 0, 
                "bin_min": -768.88439343749997
            }, 
            {
                "count": 57, 
                "bin_max": -354.16115624999986, 
                "bin_id": 1, 
                "bin_min": -560.4911249999999
            }, 
            {
                "count": 170, 
                "bin_max": -147.83118749999983, 
                "bin_id": 2, 
                "bin_min": -354.16115624999986
            }, 
            {
                "count": 174, 
                "bin_max": 58.498781250000206, 
                "bin_id": 3, 
                "bin_min": -147.83118749999983
            }, 
            {
                "count": 89, 
                "bin_max": 264.82875000000024, 
                "bin_id": 4, 
                "bin_min": 58.498781250000206
            }, 
            {
                "count": 49, 
                "bin_max": 471.15871875000028, 
                "bin_id": 5, 
                "bin_min": 264.82875000000024
            }, 
            {
                "count": 24, 
                "bin_max": 677.48868750000031, 
                "bin_id": 6, 
                "bin_min": 471.15871875000028
            }, 
            {
                "count": 21, 
                "bin_max": 883.81865625000034, 
                "bin_id": 7, 
                "bin_min": 677.48868750000031
            }, 
            {
                "count": 15, 
                "bin_max": 1090.1486250000003, 
                "bin_id": 8, 
                "bin_min": 883.81865625000034
            }, 
            {
                "count": 28, 
                "bin_max": 1296.4785937500003, 
                "bin_id": 9, 
                "bin_min": 1090.1486250000003
            }
        ], 
        "min_error": -766.82109374999993, 
        "average_error": 18.136268589984937, 
        "std_error": 437.0517976804557, 
        "p75_error": 200.05859375, 
        "p90_error": 638.4585937500005, 
        "p25_error": -242.3486328125
    }
}