{
  "state": "DONE",
  "preSearchDescription": {
    "gridLength": 1,
    "importantParams": []
  },
  "postSearchDescription": {
    "importantParams": []
  },
  "sampleWeightsEnabled": false,
  "modelId": "m1",
  "progress": {
    "top_level_todo": [],
    "stack": [],
    "top_level_done": [
      {
        "name": "Loading train set",
        "time": 27
      },
      {
        "name": "Loading test set",
        "time": 10
      },
      {
        "name": "Collecting statistics",
        "time": 17
      },
      {
        "name": "Preprocessing train set",
        "time": 29
      },
      {
        "name": "Preprocessing test set",
        "time": 25
      },
      {
        "name": "Fitting model",
        "time": 12
      },
      {
        "name": "Saving model",
        "time": 1
      },
      {
        "name": "Scoring model",
        "time": 40
      }
    ]
  },
  "startTime": 1544048755948,
  "endTime": 1544048756114,
  "preprocessingTime": 112,
  "trainingTime": 54
}