{
    "modelInputIsSparse": false, 
    "modelInputNRows": 2655, 
    "modelInputNCols": 25, 
    "modelInputMemory": 531000, 
    "lmCoefficients": {
        "interceptStderr": null, 
        "interceptTstat": null, 
        "rescaledInterceptCoef": -112661447190464.14, 
        "rescaledCoefs": [
            270.26036834108658, 
            -0.063342959563587847, 
            -0.34628668884040936, 
            -7.1066725995808069, 
            6.9558336004606582, 
            -309.45827855890821, 
            -1438514010032092.2, 
            162.62210849546707, 
            -1099973441442960.0, 
            -9598113106732008.0, 
            -9598113106731910.0, 
            -9598113106732148.0, 
            -9598113106732050.0, 
            600570360790325.12, 
            60.069234020929656, 
            -64.0, 
            -176.74944923863404, 
            42.463542879779908, 
            9598113106732320.0, 
            112661447191067.66, 
            112661447191014.92
        ], 
        "variables": [
            "bathrooms", 
            "distance", 
            "floor", 
            "rooms", 
            "size", 
            "dummy:has360:False", 
            "dummy:has360:N/A", 
            "dummy:hasLift:True", 
            "dummy:hasLift:N/A", 
            "dummy:propertyType:flat", 
            "dummy:propertyType:penthouse", 
            "dummy:propertyType:studio", 
            "dummy:propertyType:duplex", 
            "dummy:propertyType:N/A", 
            "dummy:exterior:True", 
            "dummy:exterior:N/A", 
            "dummy:hasPlan:False", 
            "dummy:hasVideo:False", 
            "dummy:detailedType_typology:flat", 
            "dummy:hasParkingSpace:True", 
            "dummy:hasParkingSpace:__Others__"
        ], 
        "interceptCoef": -112661447189571.45, 
        "interceptPvalue": null, 
        "coefs": [
            242.05527393140846, 
            -211.97751247057354, 
            -0.94195986837054302, 
            -8.6158926818617552, 
            469.06962846593723, 
            -309.45827855890821, 
            -1438514010032092.2, 
            162.62210849546707, 
            -1099973441442960.0, 
            -9598113106732008.0, 
            -9598113106731910.0, 
            -9598113106732148.0, 
            -9598113106732050.0, 
            600570360790325.12, 
            60.069234020929656, 
            -64.0, 
            -176.74944923863404, 
            42.463542879779908, 
            9598113106732320.0, 
            112661447191067.66, 
            112661447191014.92
        ]
    }
}