{
    "metrics": {
        "rmse": 435.11676487355726, 
        "pearson": 0.85052711173811046, 
        "mae": 305.03755647590361, 
        "r2": 0.72094922190634736, 
        "mape": 0.19769696394488753, 
        "mse": 189326.5990740305, 
        "evs": 0.72325619851994505, 
        "rmsle": 0.26584717158936566
    }, 
    "scatterPlotData": {
        "y": [
            1737.4688, 
            1696.2031, 
            1985.4688, 
            1344.2031, 
            833.4688, 
            1534.2031, 
            1699.4688, 
            1323.4688, 
            1766.2031, 
            2481.4688, 
            753.4688, 
            821.4688, 
            1459.4688, 
            1507.4688, 
            1196.2031, 
            2957.4688, 
            2051.4688, 
            1113.4688, 
            2255.4688, 
            989.4688, 
            2545.4688, 
            1197.4688, 
            1255.4688, 
            2140.5938, 
            2210.2031, 
            1249.4688, 
            1059.4688, 
            1977.4688, 
            2746.2031, 
            1218.2031, 
            1781.4688, 
            3225.4844, 
            1019.4688, 
            2214.2031, 
            1333.4688, 
            1703.4688, 
            2391.4688, 
            917.4688, 
            1814.2031, 
            1613.4688, 
            2043.4688, 
            860.2031, 
            1335.4688, 
            1431.4688, 
            1672.2031, 
            635.4688, 
            1115.4688, 
            2931.4688, 
            2477.4688, 
            2799.4688, 
            1868.2031, 
            2448.2031, 
            1269.4688, 
            3792.4688, 
            941.4688, 
            1354.2031, 
            1746.2031, 
            1464.2031, 
            3000.2031, 
            1145.4688, 
            2643.4688, 
            1139.4688, 
            999.4688, 
            1053.4688, 
            1239.4688, 
            1351.4688, 
            833.4688, 
            2175.4688, 
            1232.2031, 
            2179.4688, 
            1782.2031, 
            2171.4688, 
            4307.8438, 
            1889.4688, 
            1950.2031, 
            1267.4688, 
            1521.4688, 
            927.4688, 
            1235.4688, 
            2440.2031, 
            812.2031, 
            1039.4688, 
            610.2031, 
            2865.4688, 
            1099.4688, 
            652.2031, 
            806.9219, 
            927.4688, 
            1269.4688, 
            1207.4688, 
            1115.4688, 
            1523.4688, 
            1961.4688, 
            931.4688, 
            1674.2031, 
            1057.4688, 
            1636.2031, 
            683.4688, 
            2691.4688, 
            1584.2031, 
            1765.4688, 
            1181.4688, 
            2186.2031, 
            1385.4688, 
            2110.2031, 
            423.4688, 
            1680.2031, 
            886.2031, 
            1593.4688, 
            2034.2031, 
            1167.4688, 
            1428.2031, 
            1443.4688, 
            2290.2031, 
            2952.2031, 
            1356.2031, 
            2864.2031, 
            1461.4688, 
            2577.4688, 
            1095.4688, 
            1021.4688, 
            1083.4688, 
            2642.1406, 
            1721.4688, 
            1301.4688, 
            975.4688, 
            2118.2031, 
            644.6094, 
            1880.2031, 
            931.4688, 
            1735.4688, 
            2980.2031, 
            3283.4688, 
            1376.2031, 
            1131.4688, 
            934.2031, 
            1608.2031, 
            1558.2031, 
            1115.4688, 
            1546.2031, 
            1852.2031, 
            1208.2031, 
            1495.4688, 
            951.4688, 
            967.4688, 
            1296.2031, 
            4512.2031, 
            1900.2031, 
            3536.2031, 
            1079.4688, 
            1399.4688, 
            1220.2031, 
            1290.2031, 
            1007.4688, 
            1787.4688, 
            1436.2031, 
            1733.4688, 
            913.4688, 
            1254.2031, 
            389.4688, 
            1607.4688, 
            1607.4688, 
            2541.4688, 
            1581.4688, 
            1415.4688, 
            3695.0, 
            1719.4688, 
            2721.4688, 
            1948.2031, 
            2649.4688, 
            2528.2031, 
            1929.4688, 
            1415.4688, 
            1201.4688, 
            1079.4688, 
            2055.4688, 
            935.4688, 
            681.4688, 
            897.4688, 
            1037.4688, 
            1773.4688, 
            1028.2031, 
            1167.4688, 
            1048.2031, 
            627.4688, 
            905.4688, 
            2056.2031, 
            1308.2031, 
            3578.2031, 
            1183.4688, 
            923.4688, 
            1823.4688, 
            1505.4688, 
            2076.2031, 
            1151.4688, 
            1070.2031, 
            2005.4688, 
            2084.2031, 
            1701.4688, 
            1023.4688, 
            680.2031, 
            1121.4688, 
            937.4688, 
            935.4688, 
            1083.4688, 
            1393.4688, 
            1275.4688, 
            4508.2031, 
            780.2031, 
            2628.9531, 
            1975.4688, 
            1311.4688, 
            2071.4688, 
            365.4688, 
            1138.2031, 
            1132.2031, 
            1316.2031, 
            1521.4688, 
            1074.2031, 
            985.4688, 
            2446.2031, 
            1359.4688, 
            473.4688, 
            2149.4688, 
            1663.4688, 
            3370.2031, 
            1777.4688, 
            1183.4688, 
            1835.4688, 
            704.2031, 
            1180.2031, 
            2007.4688, 
            1494.2031, 
            1323.4688, 
            1524.2031, 
            1289.4688, 
            1633.4688, 
            1417.4688, 
            1056.2031, 
            714.2031, 
            1261.4688, 
            810.2031, 
            1518.2031, 
            956.2031, 
            1057.4688, 
            1444.2031, 
            1177.4688, 
            1045.4688, 
            2545.4688, 
            723.4688, 
            1171.4688, 
            727.4688, 
            1269.4688, 
            2023.4688, 
            479.4688, 
            1409.4688, 
            1319.4688, 
            1300.2031, 
            365.4688, 
            2242.2031, 
            1581.4688, 
            963.4688, 
            1065.4688, 
            1989.4688, 
            3236.2031, 
            1573.4688, 
            931.4688, 
            1464.2031, 
            1175.4688, 
            2903.4688, 
            1399.4688, 
            1152.2031, 
            1063.4688, 
            2510.2031, 
            4372.2031, 
            1169.4688, 
            2193.4688, 
            819.4688, 
            921.4688, 
            2642.2031, 
            937.4688, 
            1567.4688, 
            2507.2812, 
            1613.4688, 
            2590.1562, 
            755.4688, 
            1444.2031, 
            833.4688, 
            2069.4688, 
            2125.4688, 
            2569.4688, 
            1737.4688, 
            361.4688, 
            1214.8906, 
            1319.4688, 
            1375.4688, 
            1259.4688, 
            507.4688, 
            1822.2031, 
            1918.2031, 
            1878.2031, 
            775.4688, 
            887.4688, 
            1649.4688, 
            903.4688, 
            2340.2031, 
            1368.2031, 
            3780.2031, 
            1752.2031, 
            1271.4688, 
            1795.4688, 
            1410.2031, 
            1585.4688, 
            3364.2031, 
            1187.4688, 
            1193.4688, 
            1721.4688, 
            2859.4688, 
            1115.4688, 
            663.4688, 
            1434.2031, 
            1021.4688, 
            1155.4688, 
            1175.4688, 
            1977.6094, 
            4806.2031, 
            1387.4688, 
            369.4688, 
            1291.4688, 
            1667.4688, 
            1149.4688, 
            1886.2031, 
            605.5156, 
            1524.2031, 
            1669.4688, 
            987.4688, 
            1583.4688, 
            1221.4688, 
            1574.2031, 
            989.4688, 
            1363.4688, 
            1448.2031, 
            955.4688, 
            2013.9844, 
            1434.2031, 
            1751.4688, 
            1902.2031, 
            885.4688, 
            937.4688, 
            1015.4688, 
            1811.4688, 
            1197.4688, 
            2645.4688, 
            709.4688, 
            810.2031, 
            2065.4688, 
            781.4688, 
            1033.4688, 
            1121.4688, 
            2920.2031, 
            932.2031, 
            1704.2031, 
            1005.4688, 
            1027.125, 
            1738.2031, 
            1626.2031, 
            919.4688, 
            1469.4688, 
            2440.2031, 
            2591.4688, 
            1838.2031, 
            912.2031, 
            1272.2031, 
            1513.4688, 
            879.4688, 
            1269.4688, 
            1023.4688, 
            1607.4688, 
            1667.4688, 
            2247.4688, 
            2091.4688, 
            1203.4688, 
            1609.4688, 
            2247.4688, 
            1175.4688, 
            1242.2031, 
            1382.2031, 
            2642.2031, 
            785.4688, 
            1044.2031, 
            937.4688, 
            1615.4688, 
            1471.4688, 
            1063.4688, 
            983.4688, 
            1785.4688, 
            1618.2031, 
            1164.2031, 
            1603.4688, 
            1663.4688, 
            1837.4688, 
            1262.2031, 
            3234.2031, 
            993.4688, 
            1753.4688, 
            2538.2031, 
            2324.2031, 
            1095.4688, 
            996.2031, 
            519.4688, 
            706.2031, 
            676.2031, 
            1916.2031, 
            1063.4688, 
            1936.2031, 
            1373.4688, 
            1640.2031, 
            1563.4688, 
            1541.4688, 
            1502.2031, 
            1479.4688, 
            1494.2031, 
            1876.2031, 
            1611.4688, 
            1486.2031, 
            1051.4688, 
            1231.4688, 
            835.4688, 
            995.4688, 
            1428.2031, 
            1481.4688, 
            623.4688, 
            774.2031, 
            991.4688, 
            1027.4688, 
            2195.4688, 
            1297.4688, 
            683.4688, 
            1117.4688, 
            899.4688, 
            2177.4688, 
            361.4688, 
            1135.4688, 
            1640.2031, 
            1019.4688, 
            794.2031, 
            1753.4688, 
            1305.4688, 
            1229.4688, 
            2027.4688, 
            1272.2031, 
            933.4688, 
            859.4688, 
            909.4688, 
            2942.2188, 
            819.4688, 
            633.4688, 
            1999.4688, 
            1337.4688, 
            949.4688, 
            1515.4688, 
            1182.2031, 
            1445.4688, 
            1669.4688, 
            1999.4688, 
            1141.4688, 
            1623.4688, 
            1069.4688, 
            1292.2031, 
            2116.2031, 
            1346.2031, 
            1655.4688, 
            1950.2031, 
            1968.2031, 
            873.4688, 
            3350.2031, 
            625.4688, 
            1001.4688, 
            243.2031, 
            2467.4688, 
            959.4688, 
            1011.4688, 
            1734.2031, 
            1169.4688, 
            1810.2031, 
            939.4688, 
            1085.4688, 
            850.2031, 
            2622.2031, 
            1381.4688, 
            1965.4688, 
            1307.4688, 
            1520.2031, 
            2055.4688, 
            1975.4688, 
            1463.4688, 
            2104.2031, 
            932.2031, 
            717.4688, 
            1406.2031, 
            2039.4688, 
            1655.4688, 
            2232.2031, 
            1391.4688, 
            1913.4688, 
            2447.4688, 
            2305.4688, 
            1079.8594, 
            1099.4688, 
            1900.2031, 
            2479.4688, 
            1071.4688, 
            1005.4688, 
            1633.4688, 
            1069.4688, 
            745.4688, 
            1437.4688, 
            893.4688, 
            1283.4688, 
            1269.4688, 
            861.4688, 
            879.4688, 
            2658.2031, 
            795.4688, 
            2870.2031, 
            1904.2031, 
            1563.4688, 
            1173.4688, 
            2139.4688, 
            1390.2031, 
            1297.4688, 
            1570.2031, 
            927.4688, 
            1599.4688, 
            1101.4688, 
            1041.4688, 
            2379.9688, 
            1139.4688, 
            2138.2031, 
            973.4688, 
            924.2031, 
            965.2656, 
            2270.2031, 
            1659.4688, 
            1337.4688, 
            1042.2031, 
            1527.4688, 
            2079.4688, 
            1049.4688, 
            1246.2031, 
            2564.2031, 
            1059.4688, 
            2043.4688, 
            1226.2031, 
            638.2031, 
            1023.4688, 
            2472.2031, 
            1237.4688, 
            1395.4688, 
            881.4688, 
            2446.2031, 
            1804.2031, 
            969.4688, 
            2255.4688, 
            918.2031, 
            1149.4688, 
            553.4688, 
            2196.2031, 
            491.4688, 
            1499.4688, 
            1526.2031, 
            1600.2031, 
            1041.4688, 
            1054.2031, 
            1563.4688, 
            771.4688, 
            1842.2031, 
            2189.4688, 
            3391.4688, 
            3267.4688, 
            1499.4688, 
            947.4688, 
            1501.4688, 
            1174.2031, 
            1305.4688, 
            1833.4688, 
            1659.4688, 
            2012.2031, 
            857.4688, 
            1779.4688, 
            1395.4688, 
            881.4688, 
            747.4688, 
            1076.2031, 
            1221.4688, 
            1857.4688, 
            2544.2031, 
            867.4688, 
            1684.2031, 
            843.4688, 
            1277.4688, 
            911.4688, 
            1144.2031, 
            969.4688, 
            1141.4688, 
            639.4688, 
            1195.4688, 
            1215.4688, 
            1909.4688, 
            1195.4688, 
            737.4688, 
            2497.4688, 
            1171.4688, 
            1006.2031, 
            1005.4688, 
            1635.4688, 
            1261.4688, 
            739.4688, 
            1428.2031, 
            4440.2031, 
            1907.4688, 
            1242.2031, 
            1009.4688, 
            1250.2031, 
            877.4688, 
            1139.4688, 
            1043.4688, 
            2045.4688, 
            723.4688, 
            1097.4688, 
            3324.7969, 
            1121.4688, 
            1651.4688, 
            885.7969, 
            1623.4688, 
            872.2031, 
            1257.4688, 
            1944.2031, 
            1636.2031, 
            1913.4688, 
            2139.4688, 
            1462.2031, 
            3321.4688, 
            1209.4688, 
            796.2031, 
            1373.4688, 
            3046.2031, 
            539.4688, 
            855.4688, 
            2305.4688, 
            1261.4688, 
            1695.4688, 
            1404.2031, 
            1769.4688, 
            1374.2031, 
            920.2031, 
            2013.4688, 
            1953.4688, 
            1070.2031, 
            2599.4688, 
            1062.2031, 
            1992.2031, 
            2690.2031, 
            1518.2031
        ], 
        "x": [
            1700.0, 
            1500.0, 
            1900.0, 
            1202.0, 
            1150.0, 
            1550.0, 
            3400.0, 
            1200.0, 
            1600.0, 
            3500.0, 
            850.0, 
            600.0, 
            1200.0, 
            800.0, 
            1400.0, 
            3500.0, 
            1800.0, 
            725.0, 
            3645.0, 
            1000.0, 
            2400.0, 
            1500.0, 
            920.0, 
            1400.0, 
            2900.0, 
            1000.0, 
            1100.0, 
            1650.0, 
            3600.0, 
            1100.0, 
            3240.0, 
            2400.0, 
            850.0, 
            2000.0, 
            1250.0, 
            2200.0, 
            3105.0, 
            950.0, 
            1700.0, 
            1650.0, 
            2300.0, 
            850.0, 
            1125.0, 
            1200.0, 
            1000.0, 
            750.0, 
            900.0, 
            3800.0, 
            2150.0, 
            2950.0, 
            1700.0, 
            2300.0, 
            925.0, 
            2600.0, 
            1300.0, 
            1200.0, 
            1300.0, 
            1100.0, 
            2850.0, 
            900.0, 
            2400.0, 
            1200.0, 
            1200.0, 
            950.0, 
            1350.0, 
            1650.0, 
            800.0, 
            2100.0, 
            1350.0, 
            1800.0, 
            1650.0, 
            3500.0, 
            3850.0, 
            1850.0, 
            2400.0, 
            900.0, 
            2845.0, 
            975.0, 
            770.0, 
            3000.0, 
            900.0, 
            800.0, 
            680.0, 
            2800.0, 
            1250.0, 
            800.0, 
            2600.0, 
            900.0, 
            1000.0, 
            850.0, 
            1600.0, 
            1500.0, 
            1850.0, 
            1500.0, 
            1350.0, 
            950.0, 
            1300.0, 
            650.0, 
            2600.0, 
            1400.0, 
            1900.0, 
            785.0, 
            1550.0, 
            1250.0, 
            3300.0, 
            700.0, 
            2400.0, 
            1060.0, 
            1500.0, 
            1910.0, 
            1100.0, 
            1400.0, 
            1200.0, 
            2650.0, 
            3000.0, 
            1240.0, 
            2800.0, 
            1500.0, 
            2800.0, 
            1150.0, 
            1000.0, 
            900.0, 
            1950.0, 
            1800.0, 
            1200.0, 
            1090.0, 
            3000.0, 
            1900.0, 
            2400.0, 
            1200.0, 
            1750.0, 
            3000.0, 
            4000.0, 
            1250.0, 
            1000.0, 
            700.0, 
            2000.0, 
            975.0, 
            825.0, 
            1100.0, 
            1300.0, 
            950.0, 
            1500.0, 
            750.0, 
            850.0, 
            1250.0, 
            4000.0, 
            2200.0, 
            4000.0, 
            900.0, 
            1200.0, 
            1350.0, 
            1300.0, 
            1150.0, 
            1580.0, 
            1300.0, 
            1900.0, 
            900.0, 
            1250.0, 
            650.0, 
            1300.0, 
            1400.0, 
            2400.0, 
            1500.0, 
            1100.0, 
            3500.0, 
            1390.0, 
            3400.0, 
            1950.0, 
            3700.0, 
            1550.0, 
            1650.0, 
            1600.0, 
            1150.0, 
            900.0, 
            1399.0, 
            1000.0, 
            675.0, 
            650.0, 
            800.0, 
            1400.0, 
            1130.0, 
            1300.0, 
            900.0, 
            850.0, 
            900.0, 
            2500.0, 
            1300.0, 
            4000.0, 
            950.0, 
            850.0, 
            1275.0, 
            1400.0, 
            1600.0, 
            1250.0, 
            1035.0, 
            1250.0, 
            1690.0, 
            1850.0, 
            850.0, 
            950.0, 
            850.0, 
            700.0, 
            900.0, 
            1800.0, 
            1600.0, 
            1600.0, 
            4000.0, 
            950.0, 
            2700.0, 
            2700.0, 
            1590.0, 
            2700.0, 
            575.0, 
            1300.0, 
            1500.0, 
            1260.0, 
            1600.0, 
            1150.0, 
            850.0, 
            2000.0, 
            1400.0, 
            690.0, 
            1700.0, 
            1400.0, 
            2500.0, 
            1890.0, 
            1200.0, 
            1850.0, 
            720.0, 
            900.0, 
            1150.0, 
            1350.0, 
            1350.0, 
            1250.0, 
            1000.0, 
            1900.0, 
            1400.0, 
            1600.0, 
            800.0, 
            850.0, 
            900.0, 
            1250.0, 
            1100.0, 
            1100.0, 
            1500.0, 
            1100.0, 
            950.0, 
            2400.0, 
            700.0, 
            1700.0, 
            750.0, 
            900.0, 
            1865.0, 
            700.0, 
            1590.0, 
            900.0, 
            1100.0, 
            650.0, 
            2600.0, 
            1400.0, 
            800.0, 
            850.0, 
            1850.0, 
            2800.0, 
            1500.0, 
            850.0, 
            1400.0, 
            1550.0, 
            3300.0, 
            1200.0, 
            1355.0, 
            750.0, 
            3200.0, 
            3900.0, 
            1050.0, 
            2000.0, 
            875.0, 
            850.0, 
            3450.0, 
            725.0, 
            1100.0, 
            3200.0, 
            1490.0, 
            2500.0, 
            625.0, 
            1425.0, 
            790.0, 
            1700.0, 
            3240.0, 
            2700.0, 
            1500.0, 
            730.0, 
            1400.0, 
            1500.0, 
            1300.0, 
            995.0, 
            600.0, 
            2800.0, 
            1900.0, 
            1430.0, 
            750.0, 
            895.0, 
            1575.0, 
            800.0, 
            1950.0, 
            1400.0, 
            3000.0, 
            1800.0, 
            1375.0, 
            2200.0, 
            1100.0, 
            1100.0, 
            3500.0, 
            1170.0, 
            1200.0, 
            1950.0, 
            3700.0, 
            810.0, 
            650.0, 
            1425.0, 
            900.0, 
            1250.0, 
            1100.0, 
            1700.0, 
            3975.0, 
            1400.0, 
            1200.0, 
            2470.0, 
            1600.0, 
            1045.0, 
            3700.0, 
            1300.0, 
            2995.0, 
            2100.0, 
            850.0, 
            1850.0, 
            1100.0, 
            1500.0, 
            750.0, 
            800.0, 
            1100.0, 
            725.0, 
            3300.0, 
            835.0, 
            950.0, 
            1700.0, 
            750.0, 
            730.0, 
            1500.0, 
            2700.0, 
            1750.0, 
            3300.0, 
            900.0, 
            900.0, 
            1600.0, 
            650.0, 
            1100.0, 
            995.0, 
            2700.0, 
            1500.0, 
            1300.0, 
            1200.0, 
            1850.0, 
            1950.0, 
            1250.0, 
            1100.0, 
            1450.0, 
            3000.0, 
            2450.0, 
            1850.0, 
            1000.0, 
            1250.0, 
            1800.0, 
            1100.0, 
            995.0, 
            1200.0, 
            1300.0, 
            1100.0, 
            3850.0, 
            3200.0, 
            1100.0, 
            1500.0, 
            3950.0, 
            1300.0, 
            1100.0, 
            1200.0, 
            3000.0, 
            850.0, 
            680.0, 
            1000.0, 
            1900.0, 
            1400.0, 
            1200.0, 
            650.0, 
            1935.0, 
            2350.0, 
            950.0, 
            1500.0, 
            1400.0, 
            1900.0, 
            1000.0, 
            3800.0, 
            990.0, 
            1566.0, 
            3000.0, 
            3900.0, 
            1650.0, 
            1200.0, 
            900.0, 
            820.0, 
            750.0, 
            1800.0, 
            780.0, 
            2100.0, 
            1300.0, 
            1800.0, 
            1300.0, 
            1400.0, 
            1650.0, 
            1400.0, 
            1350.0, 
            2500.0, 
            1250.0, 
            870.0, 
            1200.0, 
            890.0, 
            750.0, 
            980.0, 
            950.0, 
            2000.0, 
            850.0, 
            700.0, 
            1300.0, 
            980.0, 
            3100.0, 
            1600.0, 
            550.0, 
            900.0, 
            950.0, 
            1975.0, 
            810.0, 
            1100.0, 
            1300.0, 
            650.0, 
            800.0, 
            1865.0, 
            950.0, 
            995.0, 
            3780.0, 
            1250.0, 
            900.0, 
            850.0, 
            1090.0, 
            2700.0, 
            800.0, 
            650.0, 
            1400.0, 
            950.0, 
            800.0, 
            1500.0, 
            1300.0, 
            2430.0, 
            1100.0, 
            2700.0, 
            900.0, 
            1300.0, 
            700.0, 
            1130.0, 
            3000.0, 
            1067.0, 
            1650.0, 
            2350.0, 
            3630.0, 
            810.0, 
            3990.0, 
            1100.0, 
            1100.0, 
            1400.0, 
            2900.0, 
            795.0, 
            1300.0, 
            1300.0, 
            1350.0, 
            1500.0, 
            900.0, 
            900.0, 
            950.0, 
            2499.0, 
            1490.0, 
            1980.0, 
            1390.0, 
            1500.0, 
            2450.0, 
            2300.0, 
            1390.0, 
            2600.0, 
            1150.0, 
            980.0, 
            1700.0, 
            2700.0, 
            800.0, 
            2600.0, 
            1500.0, 
            2300.0, 
            3000.0, 
            1690.0, 
            1900.0, 
            1200.0, 
            1300.0, 
            1900.0, 
            1000.0, 
            850.0, 
            1900.0, 
            750.0, 
            780.0, 
            1400.0, 
            1300.0, 
            1200.0, 
            1150.0, 
            890.0, 
            850.0, 
            2600.0, 
            975.0, 
            2800.0, 
            1650.0, 
            1700.0, 
            950.0, 
            1950.0, 
            1250.0, 
            745.0, 
            1450.0, 
            900.0, 
            950.0, 
            900.0, 
            690.0, 
            3000.0, 
            950.0, 
            1900.0, 
            750.0, 
            770.0, 
            1500.0, 
            3100.0, 
            1500.0, 
            950.0, 
            800.0, 
            1400.0, 
            2000.0, 
            630.0, 
            1100.0, 
            3500.0, 
            1380.0, 
            2700.0, 
            1000.0, 
            657.0, 
            740.0, 
            2700.0, 
            790.0, 
            1650.0, 
            745.0, 
            2100.0, 
            2650.0, 
            875.0, 
            1950.0, 
            1000.0, 
            1045.0, 
            800.0, 
            1950.0, 
            520.0, 
            1350.0, 
            1100.0, 
            2500.0, 
            850.0, 
            1099.0, 
            1950.0, 
            780.0, 
            2350.0, 
            2000.0, 
            3500.0, 
            3700.0, 
            1700.0, 
            815.0, 
            1275.0, 
            915.0, 
            1300.0, 
            2300.0, 
            1600.0, 
            1900.0, 
            980.0, 
            1700.0, 
            1450.0, 
            1000.0, 
            585.0, 
            1050.0, 
            1250.0, 
            1900.0, 
            2900.0, 
            600.0, 
            2900.0, 
            650.0, 
            950.0, 
            800.0, 
            1390.0, 
            900.0, 
            1000.0, 
            750.0, 
            1700.0, 
            1500.0, 
            1900.0, 
            890.0, 
            800.0, 
            2300.0, 
            1200.0, 
            699.0, 
            1000.0, 
            1850.0, 
            850.0, 
            680.0, 
            1300.0, 
            3500.0, 
            1650.0, 
            990.0, 
            1150.0, 
            1100.0, 
            800.0, 
            1100.0, 
            1300.0, 
            2800.0, 
            750.0, 
            1150.0, 
            3950.0, 
            850.0, 
            1100.0, 
            1500.0, 
            1800.0, 
            850.0, 
            1700.0, 
            2650.0, 
            1300.0, 
            1600.0, 
            1950.0, 
            975.0, 
            4000.0, 
            850.0, 
            815.0, 
            1800.0, 
            3800.0, 
            900.0, 
            900.0, 
            3600.0, 
            960.0, 
            1250.0, 
            820.0, 
            1500.0, 
            1240.0, 
            800.0, 
            3105.0, 
            2200.0, 
            1000.0, 
            2300.0, 
            850.0, 
            2970.0, 
            2100.0, 
            1450.0
        ]
    }, 
    "processed_feature_names": [
        "bathrooms", 
        "distance", 
        "floor", 
        "rooms", 
        "size", 
        "dummy:has360:False", 
        "dummy:has360:N/A", 
        "dummy:hasLift:True", 
        "dummy:hasLift:N/A", 
        "dummy:propertyType:flat", 
        "dummy:propertyType:penthouse", 
        "dummy:propertyType:studio", 
        "dummy:propertyType:duplex", 
        "dummy:propertyType:N/A", 
        "dummy:exterior:True", 
        "dummy:exterior:N/A", 
        "dummy:hasPlan:False", 
        "dummy:hasPlan:N/A", 
        "dummy:hasVideo:False", 
        "dummy:hasVideo:N/A", 
        "dummy:detailedType_typology:flat", 
        "dummy:detailedType_typology:N/A", 
        "dummy:hasParkingSpace:True", 
        "dummy:hasParkingSpace:N/A", 
        "dummy:hasParkingSpace:__Others__"
    ], 
    "regression_performance": {
        "max_error": 1292.3171875, 
        "median_error": -34.3359375, 
        "error_distribution": [
            {
                "count": 36, 
                "bin_max": -489.02946874999998, 
                "bin_id": 0, 
                "bin_min": -688.93614906250002
            }, 
            {
                "count": 74, 
                "bin_max": -291.10206249999993, 
                "bin_id": 1, 
                "bin_min": -489.02946874999998
            }, 
            {
                "count": 170, 
                "bin_max": -93.174656249999884, 
                "bin_id": 2, 
                "bin_min": -291.10206249999993
            }, 
            {
                "count": 166, 
                "bin_max": 104.75275000000011, 
                "bin_id": 3, 
                "bin_min": -93.174656249999884
            }, 
            {
                "count": 93, 
                "bin_max": 302.6801562500001, 
                "bin_id": 4, 
                "bin_min": 104.75275000000011
            }, 
            {
                "count": 41, 
                "bin_max": 500.6075625000002, 
                "bin_id": 5, 
                "bin_min": 302.6801562500001
            }, 
            {
                "count": 31, 
                "bin_max": 698.53496875000008, 
                "bin_id": 6, 
                "bin_min": 500.6075625000002
            }, 
            {
                "count": 22, 
                "bin_max": 896.46237500000018, 
                "bin_id": 7, 
                "bin_min": 698.53496875000008
            }, 
            {
                "count": 9, 
                "bin_max": 1094.3897812500004, 
                "bin_id": 8, 
                "bin_min": 896.46237500000018
            }, 
            {
                "count": 22, 
                "bin_max": 1292.3171875, 
                "bin_id": 9, 
                "bin_min": 1094.3897812500004
            }
        ], 
        "min_error": -686.95687499999997, 
        "average_error": 37.20582737198796, 
        "std_error": 407.28431456751815, 
        "p75_error": 201.09765625, 
        "p90_error": 618.2828125000003, 
        "p25_error": -215.46875
    }
}