{
    "gridSize": 5, 
    "nThreads": 4, 
    "metric": "R2", 
    "gridPoints": [
        {
            "index": 0, 
            "finishedAt": 1544050863063.0, 
            "score": 0.1613548704724983, 
            "parameters": {
                "hidden_layer_sizes": 30
            }, 
            "time": 14662.0
        }, 
        {
            "index": 1, 
            "finishedAt": 1544050869362.0, 
            "score": 0.62069670711297353, 
            "parameters": {
                "hidden_layer_sizes": 60
            }, 
            "time": 19241.0
        }, 
        {
            "index": 2, 
            "finishedAt": 1544050879909.0, 
            "score": 0.7116346323741336, 
            "parameters": {
                "hidden_layer_sizes": 90
            }, 
            "time": 26432.0
        }, 
        {
            "index": 3, 
            "finishedAt": 1544050875460.0, 
            "score": 0.62069670711297353, 
            "parameters": {
                "hidden_layer_sizes": 60
            }, 
            "time": 18764.0
        }, 
        {
            "index": 4, 
            "finishedAt": 1544050881886.0, 
            "score": 0.1613548704724983, 
            "parameters": {
                "hidden_layer_sizes": 30
            }, 
            "time": 11901.0
        }
    ], 
    "startedAt": 1544050858124, 
    "nSplits": 3
}