[
    {
        "parameters": {
            "hidden_layer_sizes": 30
        }, 
        "score_time": 8, 
        "test_score": 0.14921032828388303, 
        "fit_time": 4919, 
        "num_samples": 885, 
        "best_iteration": null, 
        "train_score": 0.18100432443188375, 
        "parameter_id": 0, 
        "time": 4927, 
        "done_at": 1544050863063, 
        "grid_point_id": "{\"hidden_layer_sizes\": 30}@1"
    }, 
    {
        "parameters": {
            "hidden_layer_sizes": 30
        }, 
        "score_time": 8, 
        "test_score": 0.17002127931914524, 
        "fit_time": 4894, 
        "num_samples": 885, 
        "best_iteration": null, 
        "train_score": 0.15807125832142688, 
        "parameter_id": 0, 
        "time": 4902, 
        "done_at": 1544050863036, 
        "grid_point_id": "{\"hidden_layer_sizes\": 30}@0"
    }, 
    {
        "parameters": {
            "hidden_layer_sizes": 30
        }, 
        "score_time": 21, 
        "test_score": 0.16483300381446664, 
        "fit_time": 4812, 
        "num_samples": 885, 
        "best_iteration": null, 
        "train_score": 0.16560562016774738, 
        "parameter_id": 0, 
        "time": 4833, 
        "done_at": 1544050862971, 
        "grid_point_id": "{\"hidden_layer_sizes\": 30}@2"
    }, 
    {
        "parameters": {
            "hidden_layer_sizes": 60
        }, 
        "score_time": 12, 
        "test_score": 0.6271421379303606, 
        "fit_time": 6628, 
        "num_samples": 885, 
        "best_iteration": null, 
        "train_score": 0.6141753714780656, 
        "parameter_id": 1, 
        "time": 6640, 
        "done_at": 1544050864787, 
        "grid_point_id": "{\"hidden_layer_sizes\": 60}@0"
    }, 
    {
        "parameters": {
            "hidden_layer_sizes": 60
        }, 
        "score_time": 12, 
        "test_score": 0.6128606643265279, 
        "fit_time": 6308, 
        "num_samples": 885, 
        "best_iteration": null, 
        "train_score": 0.624113113137587, 
        "parameter_id": 1, 
        "time": 6320, 
        "done_at": 1544050869362, 
        "grid_point_id": "{\"hidden_layer_sizes\": 60}@2"
    }, 
    {
        "parameters": {
            "hidden_layer_sizes": 60
        }, 
        "score_time": 14, 
        "test_score": 0.6220873190820322, 
        "fit_time": 6267, 
        "num_samples": 885, 
        "best_iteration": null, 
        "train_score": 0.6432897380060778, 
        "parameter_id": 1, 
        "time": 6281, 
        "done_at": 1544050869259, 
        "grid_point_id": "{\"hidden_layer_sizes\": 60}@1"
    }, 
    {
        "parameters": {
            "hidden_layer_sizes": 60
        }, 
        "score_time": 11, 
        "test_score": 0.6271421379303606, 
        "fit_time": 6341, 
        "num_samples": 885, 
        "best_iteration": null, 
        "train_score": 0.6141753714780656, 
        "parameter_id": 3, 
        "time": 6352, 
        "done_at": 1544050869422, 
        "grid_point_id": "{\"hidden_layer_sizes\": 60}@0"
    }, 
    {
        "parameters": {
            "hidden_layer_sizes": 60
        }, 
        "score_time": 13, 
        "test_score": 0.6220873190820322, 
        "fit_time": 6205, 
        "num_samples": 885, 
        "best_iteration": null, 
        "train_score": 0.6432897380060778, 
        "parameter_id": 3, 
        "time": 6218, 
        "done_at": 1544050871014, 
        "grid_point_id": "{\"hidden_layer_sizes\": 60}@1"
    }, 
    {
        "parameters": {
            "hidden_layer_sizes": 60
        }, 
        "score_time": 19, 
        "test_score": 0.6128606643265279, 
        "fit_time": 6175, 
        "num_samples": 885, 
        "best_iteration": null, 
        "train_score": 0.624113113137587, 
        "parameter_id": 3, 
        "time": 6194, 
        "done_at": 1544050875460, 
        "grid_point_id": "{\"hidden_layer_sizes\": 60}@2"
    }, 
    {
        "parameters": {
            "hidden_layer_sizes": 90
        }, 
        "score_time": 27, 
        "test_score": 0.6966694748199354, 
        "fit_time": 8699, 
        "num_samples": 885, 
        "best_iteration": null, 
        "train_score": 0.7340859725677895, 
        "parameter_id": 2, 
        "time": 8726, 
        "done_at": 1544050878155, 
        "grid_point_id": "{\"hidden_layer_sizes\": 90}@1"
    }, 
    {
        "parameters": {
            "hidden_layer_sizes": 90
        }, 
        "score_time": 18, 
        "test_score": 0.7292691720855892, 
        "fit_time": 8800, 
        "num_samples": 885, 
        "best_iteration": null, 
        "train_score": 0.7104009996186599, 
        "parameter_id": 2, 
        "time": 8818, 
        "done_at": 1544050878188, 
        "grid_point_id": "{\"hidden_layer_sizes\": 90}@0"
    }, 
    {
        "parameters": {
            "hidden_layer_sizes": 30
        }, 
        "score_time": 7, 
        "test_score": 0.17002127931914524, 
        "fit_time": 4547, 
        "num_samples": 885, 
        "best_iteration": null, 
        "train_score": 0.15807125832142688, 
        "parameter_id": 4, 
        "time": 4554, 
        "done_at": 1544050880019, 
        "grid_point_id": "{\"hidden_layer_sizes\": 30}@0"
    }, 
    {
        "parameters": {
            "hidden_layer_sizes": 90
        }, 
        "score_time": 15, 
        "test_score": 0.7089652502168764, 
        "fit_time": 8873, 
        "num_samples": 885, 
        "best_iteration": null, 
        "train_score": 0.7180048969730826, 
        "parameter_id": 2, 
        "time": 8888, 
        "done_at": 1544050879909, 
        "grid_point_id": "{\"hidden_layer_sizes\": 90}@2"
    }, 
    {
        "parameters": {
            "hidden_layer_sizes": 30
        }, 
        "score_time": 7, 
        "test_score": 0.16483300381446664, 
        "fit_time": 3684, 
        "num_samples": 885, 
        "best_iteration": null, 
        "train_score": 0.16560562016774738, 
        "parameter_id": 4, 
        "time": 3691, 
        "done_at": 1544050881886, 
        "grid_point_id": "{\"hidden_layer_sizes\": 30}@2"
    }, 
    {
        "parameters": {
            "hidden_layer_sizes": 30
        }, 
        "score_time": 8, 
        "test_score": 0.14921032828388303, 
        "fit_time": 3648, 
        "num_samples": 885, 
        "best_iteration": null, 
        "train_score": 0.18100432443188375, 
        "parameter_id": 4, 
        "time": 3656, 
        "done_at": 1544050881817, 
        "grid_point_id": "{\"hidden_layer_sizes\": 30}@1"
    }
]