{
    "usedGridSearch": true, 
    "gridSize": 5, 
    "modelInputNRows": 2655, 
    "modelInputNCols": 331, 
    "modelInputMemory": 7030440, 
    "gridCells": [
        {
            "scoreTimeStd": 0.0061282587702834127, 
            "scoreTime": 0.012333333333333335, 
            "fitTime": 4.875, 
            "score": 0.1613548704724983, 
            "params": {
                "hidden_layer_sizes": 30
            }, 
            "fitTimeStd": 0.045701932854821846, 
            "scoreStd": 0.0088448470650582429
        }, 
        {
            "scoreTimeStd": 0.00094280904158206339, 
            "scoreTime": 0.012666666666666668, 
            "fitTime": 6.4009999999999998, 
            "score": 0.62069670711297353, 
            "params": {
                "hidden_layer_sizes": 60
            }, 
            "fitTimeStd": 0.16138360098432139, 
            "scoreStd": 0.0059127248828612219
        }, 
        {
            "scoreTimeStd": 0.0033993463423951896, 
            "scoreTime": 0.014333333333333332, 
            "fitTime": 6.2403333333333331, 
            "score": 0.62069670711297353, 
            "params": {
                "hidden_layer_sizes": 60
            }, 
            "fitTimeStd": 0.072228033954198884, 
            "scoreStd": 0.0059127248828612219
        }, 
        {
            "scoreTimeStd": 0.0050990195135927853, 
            "scoreTime": 0.02, 
            "fitTime": 8.7906666666666666, 
            "score": 0.7116346323741336, 
            "params": {
                "hidden_layer_sizes": 90
            }, 
            "fitTimeStd": 0.0713411210702182, 
            "scoreStd": 0.013441955866593762
        }, 
        {
            "scoreTimeStd": 0.00047140452079103169, 
            "scoreTime": 0.0073333333333333332, 
            "fitTime": 3.9596666666666671, 
            "score": 0.1613548704724983, 
            "params": {
                "hidden_layer_sizes": 30
            }, 
            "fitTimeStd": 0.41556734980291948, 
            "scoreStd": 0.0088448470650582429
        }
    ], 
    "gridBestScore": 0.7116346323741336, 
    "modelInputIsSparse": false
}