{
    "metrics": {
        "rmse": 391.1070301182344, 
        "pearson": 0.88172962297058177, 
        "mae": 274.16303027215338, 
        "r2": 0.77454345412482417, 
        "mape": 0.1827778089732184, 
        "mse": 152964.70900790548, 
        "evs": 0.77561075539845181, 
        "rmsle": 0.2419027131891571
    }, 
    "scatterPlotData": {
        "y": [
            1843.1775, 
            1614.137, 
            2137.9675, 
            1220.6369, 
            1060.525, 
            1432.5622, 
            1945.3309, 
            1384.3519, 
            1876.3017, 
            2374.457, 
            833.4064, 
            426.8666, 
            1521.1928, 
            1121.9711, 
            1356.5789, 
            2718.7495, 
            1944.7018, 
            879.1422, 
            2102.8439, 
            1082.0188, 
            2496.3931, 
            1334.6153, 
            1284.3357, 
            2246.0104, 
            2352.1567, 
            1063.2137, 
            935.0271, 
            2199.5458, 
            2936.0005, 
            944.5908, 
            1819.6157, 
            3015.1671, 
            1097.2892, 
            1903.1192, 
            1381.4293, 
            1999.1582, 
            1923.2276, 
            830.5717, 
            1826.2103, 
            1661.2051, 
            2361.7591, 
            713.1942, 
            1255.5048, 
            1365.6531, 
            1654.4064, 
            548.1111, 
            1180.8446, 
            2751.1691, 
            2242.6928, 
            2766.7797, 
            1806.2798, 
            2464.7782, 
            1234.2912, 
            3400.4215, 
            1268.5847, 
            1421.6811, 
            1626.6519, 
            1254.3684, 
            2851.7862, 
            1105.5584, 
            2601.3835, 
            1089.0871, 
            1299.5284, 
            1074.0198, 
            1224.6171, 
            1579.966, 
            1062.6563, 
            2206.8353, 
            1470.0535, 
            2297.8268, 
            1955.0667, 
            2145.9733, 
            3905.6599, 
            2160.6193, 
            2158.2599, 
            1193.0845, 
            1345.0916, 
            896.0107, 
            1004.779, 
            2762.9177, 
            928.2223, 
            1150.0542, 
            631.9475, 
            2491.0888, 
            1291.6855, 
            362.5247, 
            1387.0365, 
            826.1665, 
            1175.7608, 
            1187.2633, 
            1261.4368, 
            1478.6064, 
            2030.823, 
            1119.8657, 
            1613.5548, 
            1059.8745, 
            1978.9646, 
            479.0507, 
            2712.3135, 
            1619.594, 
            2075.9228, 
            863.4511, 
            2135.4921, 
            1407.6171, 
            2094.765, 
            331.7571, 
            1643.1973, 
            852.6603, 
            1522.4116, 
            1958.6694, 
            1190.6925, 
            1482.9189, 
            1371.8997, 
            2559.1731, 
            3026.8492, 
            1547.1104, 
            2874.8139, 
            1725.4673, 
            2554.391, 
            1334.4843, 
            998.0633, 
            1271.5747, 
            2816.7598, 
            1864.6918, 
            1321.9593, 
            1075.3894, 
            2391.0693, 
            1409.9257, 
            2094.1212, 
            1150.8107, 
            2198.1408, 
            2902.6695, 
            3354.9318, 
            1285.3266, 
            1484.307, 
            584.8828, 
            1814.5958, 
            1470.4287, 
            1076.7049, 
            1186.1421, 
            1517.6834, 
            993.1365, 
            1814.6145, 
            938.9006, 
            790.8201, 
            1402.6276, 
            3978.9081, 
            1935.8291, 
            3750.5985, 
            1075.3637, 
            1344.7401, 
            1328.8758, 
            1430.5271, 
            1335.9638, 
            1944.8784, 
            1412.5605, 
            1755.2842, 
            1132.1298, 
            1366.5426, 
            133.5493, 
            1674.1853, 
            1686.6795, 
            2576.0429, 
            1533.9583, 
            1301.6819, 
            3571.73, 
            1652.186, 
            2888.0306, 
            2349.4094, 
            2521.6173, 
            2044.9065, 
            2012.7982, 
            1576.8022, 
            910.6838, 
            876.9538, 
            2031.818, 
            1097.0186, 
            742.2644, 
            824.086, 
            899.2998, 
            1775.7458, 
            1009.6276, 
            1268.9234, 
            1007.6021, 
            632.5529, 
            1012.1602, 
            2340.3046, 
            1044.9022, 
            3558.1557, 
            1179.0705, 
            639.956, 
            1628.9196, 
            1646.1853, 
            2275.8024, 
            1169.2981, 
            954.2789, 
            1525.8281, 
            2031.4624, 
            1359.3504, 
            1123.5293, 
            470.4004, 
            782.9047, 
            1000.7715, 
            934.0181, 
            1422.2174, 
            1522.8452, 
            1523.5521, 
            4032.2029, 
            822.9677, 
            2923.7812, 
            2078.8889, 
            1505.1238, 
            2174.091, 
            458.5244, 
            1074.9471, 
            1243.8777, 
            1303.3293, 
            1536.5761, 
            1126.0332, 
            1009.3701, 
            2093.8124, 
            1546.6111, 
            317.0017, 
            1866.7669, 
            1544.8536, 
            2875.3423, 
            1316.2151, 
            1173.2877, 
            1857.3854, 
            737.5189, 
            1071.3981, 
            1780.6113, 
            1435.0794, 
            937.7553, 
            1528.1716, 
            1323.4973, 
            1907.7915, 
            1469.1568, 
            1466.6649, 
            581.1041, 
            1361.7099, 
            795.0808, 
            1577.1145, 
            819.76, 
            1307.6625, 
            1716.8312, 
            1264.8495, 
            891.8448, 
            2496.3931, 
            818.7035, 
            1283.4793, 
            748.4716, 
            1222.9096, 
            2170.0564, 
            532.0533, 
            1468.9114, 
            1192.9326, 
            1455.8563, 
            333.5946, 
            2064.9977, 
            1481.5018, 
            660.0037, 
            987.7914, 
            1808.402, 
            3116.8688, 
            1706.7791, 
            932.8969, 
            1687.8179, 
            1281.8894, 
            2759.3147, 
            1344.7401, 
            1067.8958, 
            950.6936, 
            2685.2412, 
            3625.7719, 
            1341.4894, 
            2174.9332, 
            927.3679, 
            904.8934, 
            2921.4717, 
            694.5924, 
            1625.9599, 
            2547.8725, 
            1760.767, 
            2705.5661, 
            542.5118, 
            1573.6061, 
            789.1061, 
            2116.7866, 
            2258.0552, 
            2722.9164, 
            1750.4174, 
            592.628, 
            1713.535, 
            1273.69, 
            1397.5606, 
            1274.2687, 
            422.8893, 
            1894.9007, 
            2357.403, 
            1691.3414, 
            605.5386, 
            973.4916, 
            1468.398, 
            801.9845, 
            2263.8281, 
            1383.4838, 
            3457.0968, 
            1762.1141, 
            1054.4637, 
            1986.7029, 
            1392.0622, 
            1486.2846, 
            3206.9031, 
            1336.1661, 
            1568.5326, 
            1996.0129, 
            3050.0817, 
            1261.8827, 
            449.0941, 
            1706.7354, 
            871.3873, 
            805.0154, 
            1049.1146, 
            2107.0131, 
            4373.9266, 
            1824.3759, 
            883.743, 
            1522.2098, 
            1482.8586, 
            837.7988, 
            1781.1663, 
            1059.0731, 
            1389.7115, 
            1573.6984, 
            1151.8718, 
            2000.2172, 
            942.9507, 
            1641.1196, 
            1245.5353, 
            1231.2661, 
            1433.6037, 
            826.7854, 
            2409.336, 
            1197.5132, 
            1165.261, 
            1624.1634, 
            921.2427, 
            747.3169, 
            1139.9633, 
            1890.8518, 
            1491.3952, 
            3001.088, 
            605.4067, 
            945.1033, 
            1737.9559, 
            560.3962, 
            835.1874, 
            1364.0183, 
            2596.6862, 
            1192.7935, 
            1772.9302, 
            1259.0259, 
            1812.8051, 
            1911.646, 
            1389.4738, 
            1109.8214, 
            1508.221, 
            2762.9177, 
            2438.0163, 
            1890.3611, 
            870.3651, 
            1367.8762, 
            1405.8222, 
            885.2565, 
            1192.1684, 
            1340.0464, 
            1468.0144, 
            1384.006, 
            2476.6608, 
            2397.0647, 
            1293.9292, 
            2019.2017, 
            2381.6326, 
            1184.5505, 
            1470.5575, 
            1503.9082, 
            2913.9491, 
            791.338, 
            834.0235, 
            1078.2621, 
            1577.6819, 
            1629.5946, 
            1254.3249, 
            691.5459, 
            1930.8092, 
            2161.4422, 
            1271.2686, 
            1799.388, 
            1642.4484, 
            1957.754, 
            1290.3666, 
            3297.1456, 
            957.2046, 
            2095.009, 
            2436.9635, 
            2426.1247, 
            1315.6055, 
            1035.9804, 
            647.2983, 
            623.3999, 
            633.1118, 
            2121.2462, 
            972.3836, 
            1887.6436, 
            1429.2777, 
            1984.9785, 
            1632.032, 
            1592.0777, 
            1480.4737, 
            1617.6234, 
            1591.0063, 
            2121.2607, 
            1775.8197, 
            1324.6604, 
            1141.259, 
            1239.4947, 
            830.8944, 
            919.9723, 
            1393.3374, 
            1970.4301, 
            574.668, 
            671.6592, 
            1103.0914, 
            920.7602, 
            2539.4368, 
            1482.5979, 
            724.1228, 
            1306.5034, 
            787.2636, 
            2245.4352, 
            563.9299, 
            1152.513, 
            1989.8016, 
            1150.312, 
            720.1558, 
            1916.3657, 
            1298.0888, 
            1221.2346, 
            2070.6643, 
            1244.3327, 
            848.5456, 
            690.3291, 
            777.0173, 
            3005.4422, 
            827.8314, 
            500.0123, 
            1816.8128, 
            1195.6792, 
            1018.2544, 
            1520.8989, 
            1351.2781, 
            1395.402, 
            1362.8791, 
            2394.6487, 
            1151.9339, 
            1758.0107, 
            813.9559, 
            1240.6193, 
            2301.117, 
            1223.1901, 
            1847.8228, 
            2316.2338, 
            2135.9101, 
            1144.8999, 
            3304.3226, 
            827.7389, 
            1133.0014, 
            715.1139, 
            2696.188, 
            777.1465, 
            996.6114, 
            1553.2292, 
            1368.6518, 
            1912.7307, 
            860.8249, 
            1385.9907, 
            680.5424, 
            2375.9092, 
            1530.2143, 
            1922.4976, 
            1394.2104, 
            1368.0108, 
            2428.008, 
            2192.8207, 
            1597.7714, 
            2220.5981, 
            744.031, 
            663.2523, 
            1576.4555, 
            2214.1802, 
            1553.4623, 
            2332.483, 
            1260.1927, 
            1912.9316, 
            2255.7192, 
            2320.9378, 
            1836.1043, 
            829.5121, 
            1783.4196, 
            2417.7012, 
            1256.8369, 
            1311.2197, 
            1892.5136, 
            906.4094, 
            811.7531, 
            1385.8203, 
            963.9741, 
            1329.2106, 
            1474.3112, 
            1110.5119, 
            1026.6991, 
            2540.8769, 
            856.9326, 
            2657.6921, 
            2070.8463, 
            1700.9551, 
            1129.3227, 
            1917.9342, 
            1322.9417, 
            944.908, 
            1446.494, 
            1029.4595, 
            1244.0015, 
            982.715, 
            1005.5158, 
            2869.683, 
            1182.7965, 
            2023.2356, 
            885.2129, 
            847.2097, 
            1379.942, 
            2534.4394, 
            1812.6521, 
            1195.6792, 
            1098.7389, 
            1568.1332, 
            2009.5366, 
            604.1273, 
            1104.7262, 
            2588.4598, 
            1294.8646, 
            2072.9614, 
            1349.968, 
            464.1459, 
            816.9145, 
            2570.4113, 
            957.3853, 
            1584.4859, 
            992.6112, 
            2595.5067, 
            1689.5162, 
            819.6073, 
            2247.5174, 
            1021.5978, 
            837.7988, 
            803.3407, 
            2192.3187, 
            385.4107, 
            1505.325, 
            1506.0407, 
            2033.9297, 
            874.1023, 
            1089.5235, 
            1755.8153, 
            743.8086, 
            1930.099, 
            2122.6126, 
            3363.7107, 
            3315.9775, 
            1192.6264, 
            811.1172, 
            1566.5497, 
            1061.4537, 
            1357.1923, 
            2038.5113, 
            1581.778, 
            1734.6603, 
            881.7964, 
            1908.6304, 
            1216.7431, 
            762.5273, 
            564.6359, 
            1055.2123, 
            1145.1216, 
            2072.0746, 
            2632.9493, 
            802.8504, 
            1923.7735, 
            721.9097, 
            1402.0885, 
            795.7419, 
            1122.8704, 
            1095.5338, 
            1198.7907, 
            296.9195, 
            1365.4884, 
            1223.2225, 
            2018.5147, 
            1117.1755, 
            793.3624, 
            2503.002, 
            1149.1617, 
            693.1598, 
            797.9864, 
            1778.1516, 
            1201.5655, 
            867.7069, 
            1596.0909, 
            3406.3061, 
            1543.5995, 
            1262.4316, 
            737.0722, 
            946.7039, 
            1083.7733, 
            1179.5234, 
            1075.2043, 
            2220.6773, 
            455.4636, 
            928.2316, 
            3050.7246, 
            909.407, 
            1419.6886, 
            1455.2263, 
            1385.9368, 
            723.9867, 
            1422.6096, 
            2292.9402, 
            1978.9646, 
            1797.9788, 
            1917.9342, 
            1321.2199, 
            3340.7867, 
            1114.732, 
            617.4912, 
            1751.0318, 
            3027.6272, 
            557.8492, 
            656.9304, 
            2599.1292, 
            1156.0594, 
            1713.2593, 
            1034.3477, 
            1981.8374, 
            1317.2719, 
            721.1641, 
            1864.4525, 
            2060.6821, 
            1033.243, 
            2518.7365, 
            910.4421, 
            1673.2737, 
            2691.3135, 
            1609.043
        ], 
        "x": [
            1700.0, 
            1500.0, 
            1900.0, 
            1202.0, 
            1150.0, 
            1550.0, 
            3400.0, 
            1200.0, 
            1600.0, 
            3500.0, 
            850.0, 
            600.0, 
            1200.0, 
            800.0, 
            1400.0, 
            3500.0, 
            1800.0, 
            725.0, 
            3645.0, 
            1000.0, 
            2400.0, 
            1500.0, 
            920.0, 
            1400.0, 
            2900.0, 
            1000.0, 
            1100.0, 
            1650.0, 
            3600.0, 
            1100.0, 
            3240.0, 
            2400.0, 
            850.0, 
            2000.0, 
            1250.0, 
            2200.0, 
            3105.0, 
            950.0, 
            1700.0, 
            1650.0, 
            2300.0, 
            850.0, 
            1125.0, 
            1200.0, 
            1000.0, 
            750.0, 
            900.0, 
            3800.0, 
            2150.0, 
            2950.0, 
            1700.0, 
            2300.0, 
            925.0, 
            2600.0, 
            1300.0, 
            1200.0, 
            1300.0, 
            1100.0, 
            2850.0, 
            900.0, 
            2400.0, 
            1200.0, 
            1200.0, 
            950.0, 
            1350.0, 
            1650.0, 
            800.0, 
            2100.0, 
            1350.0, 
            1800.0, 
            1650.0, 
            3500.0, 
            3850.0, 
            1850.0, 
            2400.0, 
            900.0, 
            2845.0, 
            975.0, 
            770.0, 
            3000.0, 
            900.0, 
            800.0, 
            680.0, 
            2800.0, 
            1250.0, 
            800.0, 
            2600.0, 
            900.0, 
            1000.0, 
            850.0, 
            1600.0, 
            1500.0, 
            1850.0, 
            1500.0, 
            1350.0, 
            950.0, 
            1300.0, 
            650.0, 
            2600.0, 
            1400.0, 
            1900.0, 
            785.0, 
            1550.0, 
            1250.0, 
            3300.0, 
            700.0, 
            2400.0, 
            1060.0, 
            1500.0, 
            1910.0, 
            1100.0, 
            1400.0, 
            1200.0, 
            2650.0, 
            3000.0, 
            1240.0, 
            2800.0, 
            1500.0, 
            2800.0, 
            1150.0, 
            1000.0, 
            900.0, 
            1950.0, 
            1800.0, 
            1200.0, 
            1090.0, 
            3000.0, 
            1900.0, 
            2400.0, 
            1200.0, 
            1750.0, 
            3000.0, 
            4000.0, 
            1250.0, 
            1000.0, 
            700.0, 
            2000.0, 
            975.0, 
            825.0, 
            1100.0, 
            1300.0, 
            950.0, 
            1500.0, 
            750.0, 
            850.0, 
            1250.0, 
            4000.0, 
            2200.0, 
            4000.0, 
            900.0, 
            1200.0, 
            1350.0, 
            1300.0, 
            1150.0, 
            1580.0, 
            1300.0, 
            1900.0, 
            900.0, 
            1250.0, 
            650.0, 
            1300.0, 
            1400.0, 
            2400.0, 
            1500.0, 
            1100.0, 
            3500.0, 
            1390.0, 
            3400.0, 
            1950.0, 
            3700.0, 
            1550.0, 
            1650.0, 
            1600.0, 
            1150.0, 
            900.0, 
            1399.0, 
            1000.0, 
            675.0, 
            650.0, 
            800.0, 
            1400.0, 
            1130.0, 
            1300.0, 
            900.0, 
            850.0, 
            900.0, 
            2500.0, 
            1300.0, 
            4000.0, 
            950.0, 
            850.0, 
            1275.0, 
            1400.0, 
            1600.0, 
            1250.0, 
            1035.0, 
            1250.0, 
            1690.0, 
            1850.0, 
            850.0, 
            950.0, 
            850.0, 
            700.0, 
            900.0, 
            1800.0, 
            1600.0, 
            1600.0, 
            4000.0, 
            950.0, 
            2700.0, 
            2700.0, 
            1590.0, 
            2700.0, 
            575.0, 
            1300.0, 
            1500.0, 
            1260.0, 
            1600.0, 
            1150.0, 
            850.0, 
            2000.0, 
            1400.0, 
            690.0, 
            1700.0, 
            1400.0, 
            2500.0, 
            1890.0, 
            1200.0, 
            1850.0, 
            720.0, 
            900.0, 
            1150.0, 
            1350.0, 
            1350.0, 
            1250.0, 
            1000.0, 
            1900.0, 
            1400.0, 
            1600.0, 
            800.0, 
            850.0, 
            900.0, 
            1250.0, 
            1100.0, 
            1100.0, 
            1500.0, 
            1100.0, 
            950.0, 
            2400.0, 
            700.0, 
            1700.0, 
            750.0, 
            900.0, 
            1865.0, 
            700.0, 
            1590.0, 
            900.0, 
            1100.0, 
            650.0, 
            2600.0, 
            1400.0, 
            800.0, 
            850.0, 
            1850.0, 
            2800.0, 
            1500.0, 
            850.0, 
            1400.0, 
            1550.0, 
            3300.0, 
            1200.0, 
            1355.0, 
            750.0, 
            3200.0, 
            3900.0, 
            1050.0, 
            2000.0, 
            875.0, 
            850.0, 
            3450.0, 
            725.0, 
            1100.0, 
            3200.0, 
            1490.0, 
            2500.0, 
            625.0, 
            1425.0, 
            790.0, 
            1700.0, 
            3240.0, 
            2700.0, 
            1500.0, 
            730.0, 
            1400.0, 
            1500.0, 
            1300.0, 
            995.0, 
            600.0, 
            2800.0, 
            1900.0, 
            1430.0, 
            750.0, 
            895.0, 
            1575.0, 
            800.0, 
            1950.0, 
            1400.0, 
            3000.0, 
            1800.0, 
            1375.0, 
            2200.0, 
            1100.0, 
            1100.0, 
            3500.0, 
            1170.0, 
            1200.0, 
            1950.0, 
            3700.0, 
            810.0, 
            650.0, 
            1425.0, 
            900.0, 
            1250.0, 
            1100.0, 
            1700.0, 
            3975.0, 
            1400.0, 
            1200.0, 
            2470.0, 
            1600.0, 
            1045.0, 
            3700.0, 
            1300.0, 
            2995.0, 
            2100.0, 
            850.0, 
            1850.0, 
            1100.0, 
            1500.0, 
            750.0, 
            800.0, 
            1100.0, 
            725.0, 
            3300.0, 
            835.0, 
            950.0, 
            1700.0, 
            750.0, 
            730.0, 
            1500.0, 
            2700.0, 
            1750.0, 
            3300.0, 
            900.0, 
            900.0, 
            1600.0, 
            650.0, 
            1100.0, 
            995.0, 
            2700.0, 
            1500.0, 
            1300.0, 
            1200.0, 
            1850.0, 
            1950.0, 
            1250.0, 
            1100.0, 
            1450.0, 
            3000.0, 
            2450.0, 
            1850.0, 
            1000.0, 
            1250.0, 
            1800.0, 
            1100.0, 
            995.0, 
            1200.0, 
            1300.0, 
            1100.0, 
            3850.0, 
            3200.0, 
            1100.0, 
            1500.0, 
            3950.0, 
            1300.0, 
            1100.0, 
            1200.0, 
            3000.0, 
            850.0, 
            680.0, 
            1000.0, 
            1900.0, 
            1400.0, 
            1200.0, 
            650.0, 
            1935.0, 
            2350.0, 
            950.0, 
            1500.0, 
            1400.0, 
            1900.0, 
            1000.0, 
            3800.0, 
            990.0, 
            1566.0, 
            3000.0, 
            3900.0, 
            1650.0, 
            1200.0, 
            900.0, 
            820.0, 
            750.0, 
            1800.0, 
            780.0, 
            2100.0, 
            1300.0, 
            1800.0, 
            1300.0, 
            1400.0, 
            1650.0, 
            1400.0, 
            1350.0, 
            2500.0, 
            1250.0, 
            870.0, 
            1200.0, 
            890.0, 
            750.0, 
            980.0, 
            950.0, 
            2000.0, 
            850.0, 
            700.0, 
            1300.0, 
            980.0, 
            3100.0, 
            1600.0, 
            550.0, 
            900.0, 
            950.0, 
            1975.0, 
            810.0, 
            1100.0, 
            1300.0, 
            650.0, 
            800.0, 
            1865.0, 
            950.0, 
            995.0, 
            3780.0, 
            1250.0, 
            900.0, 
            850.0, 
            1090.0, 
            2700.0, 
            800.0, 
            650.0, 
            1400.0, 
            950.0, 
            800.0, 
            1500.0, 
            1300.0, 
            2430.0, 
            1100.0, 
            2700.0, 
            900.0, 
            1300.0, 
            700.0, 
            1130.0, 
            3000.0, 
            1067.0, 
            1650.0, 
            2350.0, 
            3630.0, 
            810.0, 
            3990.0, 
            1100.0, 
            1100.0, 
            1400.0, 
            2900.0, 
            795.0, 
            1300.0, 
            1300.0, 
            1350.0, 
            1500.0, 
            900.0, 
            900.0, 
            950.0, 
            2499.0, 
            1490.0, 
            1980.0, 
            1390.0, 
            1500.0, 
            2450.0, 
            2300.0, 
            1390.0, 
            2600.0, 
            1150.0, 
            980.0, 
            1700.0, 
            2700.0, 
            800.0, 
            2600.0, 
            1500.0, 
            2300.0, 
            3000.0, 
            1690.0, 
            1900.0, 
            1200.0, 
            1300.0, 
            1900.0, 
            1000.0, 
            850.0, 
            1900.0, 
            750.0, 
            780.0, 
            1400.0, 
            1300.0, 
            1200.0, 
            1150.0, 
            890.0, 
            850.0, 
            2600.0, 
            975.0, 
            2800.0, 
            1650.0, 
            1700.0, 
            950.0, 
            1950.0, 
            1250.0, 
            745.0, 
            1450.0, 
            900.0, 
            950.0, 
            900.0, 
            690.0, 
            3000.0, 
            950.0, 
            1900.0, 
            750.0, 
            770.0, 
            1500.0, 
            3100.0, 
            1500.0, 
            950.0, 
            800.0, 
            1400.0, 
            2000.0, 
            630.0, 
            1100.0, 
            3500.0, 
            1380.0, 
            2700.0, 
            1000.0, 
            657.0, 
            740.0, 
            2700.0, 
            790.0, 
            1650.0, 
            745.0, 
            2100.0, 
            2650.0, 
            875.0, 
            1950.0, 
            1000.0, 
            1045.0, 
            800.0, 
            1950.0, 
            520.0, 
            1350.0, 
            1100.0, 
            2500.0, 
            850.0, 
            1099.0, 
            1950.0, 
            780.0, 
            2350.0, 
            2000.0, 
            3500.0, 
            3700.0, 
            1700.0, 
            815.0, 
            1275.0, 
            915.0, 
            1300.0, 
            2300.0, 
            1600.0, 
            1900.0, 
            980.0, 
            1700.0, 
            1450.0, 
            1000.0, 
            585.0, 
            1050.0, 
            1250.0, 
            1900.0, 
            2900.0, 
            600.0, 
            2900.0, 
            650.0, 
            950.0, 
            800.0, 
            1390.0, 
            900.0, 
            1000.0, 
            750.0, 
            1700.0, 
            1500.0, 
            1900.0, 
            890.0, 
            800.0, 
            2300.0, 
            1200.0, 
            699.0, 
            1000.0, 
            1850.0, 
            850.0, 
            680.0, 
            1300.0, 
            3500.0, 
            1650.0, 
            990.0, 
            1150.0, 
            1100.0, 
            800.0, 
            1100.0, 
            1300.0, 
            2800.0, 
            750.0, 
            1150.0, 
            3950.0, 
            850.0, 
            1100.0, 
            1500.0, 
            1800.0, 
            850.0, 
            1700.0, 
            2650.0, 
            1300.0, 
            1600.0, 
            1950.0, 
            975.0, 
            4000.0, 
            850.0, 
            815.0, 
            1800.0, 
            3800.0, 
            900.0, 
            900.0, 
            3600.0, 
            960.0, 
            1250.0, 
            820.0, 
            1500.0, 
            1240.0, 
            800.0, 
            3105.0, 
            2200.0, 
            1000.0, 
            2300.0, 
            850.0, 
            2970.0, 
            2100.0, 
            1450.0
        ]
    }, 
    "processed_feature_names": [
        "bathrooms", 
        "distance", 
        "floor", 
        "numPhotos", 
        "rooms", 
        "size", 
        "dummy:status:good", 
        "dummy:status:renew", 
        "dummy:status:N/A", 
        "dummy:status:__Others__", 
        "dummy:has360:False", 
        "dummy:has360:True", 
        "dummy:has360:N/A", 
        "dummy:has360:__Others__", 
        "dummy:has3DTour:False", 
        "dummy:has3DTour:True", 
        "dummy:has3DTour:N/A", 
        "dummy:has3DTour:__Others__", 
        "dummy:hasLift:True", 
        "dummy:hasLift:False", 
        "dummy:hasLift:N/A", 
        "dummy:hasLift:__Others__", 
        "dummy:propertyType:flat", 
        "dummy:propertyType:penthouse", 
        "dummy:propertyType:studio", 
        "dummy:propertyType:duplex", 
        "dummy:propertyType:chalet", 
        "dummy:propertyType:N/A", 
        "dummy:propertyType:__Others__", 
        "dummy:municipality:Madrid", 
        "dummy:municipality:Pozuelo de Alarc\u00f3n", 
        "dummy:municipality:Majadahonda", 
        "dummy:municipality:La Moraleja", 
        "dummy:municipality:Alcorc\u00f3n", 
        "dummy:municipality:Legan\u00e9s", 
        "dummy:municipality:Getafe", 
        "dummy:municipality:Boadilla del Monte", 
        "dummy:municipality:Alcobendas", 
        "dummy:municipality:Coslada", 
        "dummy:municipality:San Fernando de Henares", 
        "dummy:municipality:Las Rozas de Madrid", 
        "dummy:municipality:Rivas-Vaciamadrid", 
        "dummy:municipality:N/A", 
        "dummy:municipality:__Others__", 
        "dummy:exterior:True", 
        "dummy:exterior:False", 
        "dummy:exterior:N/A", 
        "dummy:exterior:__Others__", 
        "dummy:neighborhood:Recoletos", 
        "dummy:neighborhood:Lavapi\u00e9s-Embajadores", 
        "dummy:neighborhood:Castellana", 
        "dummy:neighborhood:Goya", 
        "dummy:neighborhood:Palacio", 
        "dummy:neighborhood:Malasa\u00f1a-Universidad", 
        "dummy:neighborhood:Chueca-Justicia", 
        "dummy:neighborhood:Arg\u00fcelles", 
        "dummy:neighborhood:Trafalgar", 
        "dummy:neighborhood:Lista", 
        "dummy:neighborhood:Bernab\u00e9u-Hispanoam\u00e9rica", 
        "dummy:neighborhood:Almagro", 
        "dummy:neighborhood:Cuzco-Castillejos", 
        "dummy:neighborhood:Huertas-Cortes", 
        "dummy:neighborhood:El Viso", 
        "dummy:neighborhood:Conde Orgaz-Piovera", 
        "dummy:neighborhood:Sanchinarro", 
        "dummy:neighborhood:Castilla", 
        "dummy:neighborhood:Nueva Espa\u00f1a", 
        "dummy:neighborhood:Sol", 
        "dummy:neighborhood:Prosperidad", 
        "dummy:neighborhood:Ibiza", 
        "dummy:neighborhood:Cuatro Caminos", 
        "dummy:neighborhood:Arapiles", 
        "dummy:neighborhood:Las Tablas", 
        "dummy:neighborhood:Ventilla-Almenara", 
        "dummy:neighborhood:Guindalera", 
        "dummy:neighborhood:Nuevos Ministerios-R\u00edos Rosas", 
        "dummy:neighborhood:Aravaca", 
        "dummy:neighborhood:Ciudad Jard\u00edn", 
        "dummy:neighborhood:Costillares", 
        "dummy:neighborhood:Fuente del Berro", 
        "dummy:neighborhood:San Pascual", 
        "dummy:neighborhood:Bellas Vistas", 
        "dummy:neighborhood:Vallehermoso", 
        "dummy:neighborhood:Ensanche de Vallecas - La Gavia", 
        "dummy:neighborhood:Gaztambide", 
        "dummy:neighborhood:Jer\u00f3nimos", 
        "dummy:neighborhood:Pac\u00edfico", 
        "dummy:neighborhood:La Paz", 
        "dummy:neighborhood:Acacias", 
        "dummy:neighborhood:Rejas", 
        "dummy:neighborhood:Legazpi", 
        "dummy:neighborhood:Ni\u00f1o Jes\u00fas", 
        "dummy:neighborhood:Canillas", 
        "dummy:neighborhood:San Juan Bautista", 
        "dummy:neighborhood:Palos de Moguer", 
        "dummy:neighborhood:Valdemar\u00edn", 
        "dummy:neighborhood:Pe\u00f1agrande", 
        "dummy:neighborhood:Pilar", 
        "dummy:neighborhood:Simancas", 
        "dummy:neighborhood:Concepci\u00f3n", 
        "dummy:neighborhood:Valdeacederas", 
        "dummy:neighborhood:Ventas", 
        "dummy:neighborhood:Estrella", 
        "dummy:neighborhood:Pueblo Nuevo", 
        "dummy:neighborhood:Chopera", 
        "dummy:neighborhood:Atalaya", 
        "dummy:neighborhood:Berruguete", 
        "dummy:neighborhood:Comillas", 
        "dummy:neighborhood:Adelfas", 
        "dummy:neighborhood:Tres Olivos - Valverde", 
        "dummy:neighborhood:Valdezarza", 
        "dummy:neighborhood:Pinar del Rey", 
        "dummy:neighborhood:Alameda de Osuna", 
        "dummy:neighborhood:Colina", 
        "dummy:neighborhood:Somosaguas", 
        "dummy:neighborhood:Lucero", 
        "dummy:neighborhood:Imperial", 
        "dummy:neighborhood:Montecarmelo", 
        "dummy:neighborhood:Zona Avenida Europa", 
        "dummy:neighborhood:Delicias", 
        "dummy:neighborhood:Palomas", 
        "dummy:neighborhood:Ciudad Universitaria", 
        "dummy:neighborhood:San Diego", 
        "dummy:neighborhood:Mirasierra", 
        "dummy:neighborhood:Prado de Somosaguas", 
        "dummy:neighborhood:Opa\u00f1el", 
        "dummy:neighborhood:Numancia", 
        "dummy:neighborhood:Vista Alegre", 
        "dummy:neighborhood:Valdebernardo - Valderribas", 
        "dummy:neighborhood:Zona Estaci\u00f3n", 
        "dummy:neighborhood:Zona norte", 
        "dummy:neighborhood:Valdebebas - Valdefuentes", 
        "dummy:neighborhood:Almendrales", 
        "dummy:neighborhood:Rosas", 
        "dummy:neighborhood:Puerta del \u00c1ngel", 
        "dummy:neighborhood:Zof\u00edo", 
        "dummy:neighborhood:Parque Lisboa - La Paz", 
        "dummy:neighborhood:Quintana", 
        "dummy:neighborhood:San Isidro", 
        "dummy:neighborhood:\u00c1guilas", 
        "dummy:neighborhood:Campo de las Naciones-Corralejos", 
        "dummy:neighborhood:Ambroz", 
        "dummy:neighborhood:Casco Hist\u00f3rico de Vallecas", 
        "dummy:neighborhood:Moscard\u00f3", 
        "dummy:neighborhood:Abrantes", 
        "dummy:neighborhood:Canillejas", 
        "dummy:neighborhood:Horcajo", 
        "dummy:neighborhood:Puerta Bonita", 
        "dummy:neighborhood:N/A", 
        "dummy:neighborhood:__Others__", 
        "dummy:hasPlan:False", 
        "dummy:hasPlan:True", 
        "dummy:hasPlan:N/A", 
        "dummy:hasPlan:__Others__", 
        "dummy:district:Centro", 
        "dummy:district:Salamanca", 
        "dummy:district:Chamart\u00edn", 
        "dummy:district:Chamber\u00ed", 
        "dummy:district:Tetu\u00e1n", 
        "dummy:district:Hortaleza", 
        "dummy:district:Ciudad Lineal", 
        "dummy:district:Moncloa", 
        "dummy:district:Retiro", 
        "dummy:district:Fuencarral", 
        "dummy:district:Arganzuela", 
        "dummy:district:San Blas", 
        "dummy:district:Carabanchel", 
        "dummy:district:Latina", 
        "dummy:district:Villa de Vallecas", 
        "dummy:district:Usera", 
        "dummy:district:Encinar de los Reyes", 
        "dummy:district:Puente de Vallecas", 
        "dummy:district:Barajas", 
        "dummy:district:Zona Monte el Pilar", 
        "dummy:district:Vic\u00e1lvaro", 
        "dummy:district:Golf - El Carralero", 
        "dummy:district:Zona Prado de Somosaguas - La Finca", 
        "dummy:district:Somosaguas", 
        "dummy:district:Zona Avenida Europa", 
        "dummy:district:El Soto de la Moraleja", 
        "dummy:district:Villaverde", 
        "dummy:district:Moratalaz", 
        "dummy:district:Zona Estaci\u00f3n", 
        "dummy:district:Zona norte", 
        "dummy:district:Parque Lisboa - La Paz", 
        "dummy:district:Valdepastores - Las Encinas", 
        "dummy:district:Urbanizaciones", 
        "dummy:district:Getafe Centro", 
        "dummy:district:Zarzaquemada", 
        "dummy:district:San Nicasio - Campo de Tiro - Solagua", 
        "dummy:district:Zona Pueblo", 
        "dummy:district:Prado de Santo Domingo", 
        "dummy:district:Valdepelayo - Montepinos - Arroyo Culebro", 
        "dummy:district:Casco Antiguo", 
        "dummy:district:Valderas - Los Castillos", 
        "dummy:district:El Bercial", 
        "dummy:district:El Carrascal", 
        "dummy:district:Yucat\u00e1n- Las Cornisas", 
        "dummy:district:Alcobendas Centro", 
        "dummy:district:Fuencasa", 
        "dummy:district:Ensanche", 
        "dummy:district:Arroyo de la Vega", 
        "dummy:district:Valdelacasa", 
        "dummy:district:Universidad", 
        "dummy:district:Zona Carretera del Plant\u00edo", 
        "dummy:district:Urb. este - Montepr\u00edncipe", 
        "dummy:district:El Puerto", 
        "dummy:district:Parque Ondarreta - Urtinsa", 
        "dummy:district:Buenavista", 
        "dummy:district:Valleaguado - La Ca\u00f1ada", 
        "dummy:district:Covibar - Pablo Iglesias", 
        "dummy:district:Las Dehesillas - Vereda de los Estudiantes", 
        "dummy:district:Norte", 
        "dummy:district:Juan de la Cierva", 
        "dummy:district:Getafe norte", 
        "dummy:district:El Barral Ferial", 
        "dummy:district:N/A", 
        "dummy:district:__Others__", 
        "dummy:hasVideo:False", 
        "dummy:hasVideo:True", 
        "dummy:hasVideo:N/A", 
        "dummy:hasVideo:__Others__", 
        "dummy:detailedType_typology:flat", 
        "dummy:detailedType_typology:chalet", 
        "dummy:detailedType_typology:N/A", 
        "dummy:detailedType_typology:__Others__", 
        "dummy:externalReference:27010001", 
        "dummy:externalReference:22000040", 
        "dummy:externalReference:11.2", 
        "dummy:externalReference:V40-CS-2130", 
        "dummy:externalReference:22000613", 
        "dummy:externalReference:RP40201849985", 
        "dummy:externalReference:22970", 
        "dummy:externalReference:M-41-00618", 
        "dummy:externalReference:OT20010", 
        "dummy:externalReference:04116", 
        "dummy:externalReference:02940", 
        "dummy:externalReference:W-02CR09", 
        "dummy:externalReference:RE-pala", 
        "dummy:externalReference:W-02DUPU", 
        "dummy:externalReference:ALQ-13106", 
        "dummy:externalReference:W-02DPOQ", 
        "dummy:externalReference:BRA 359", 
        "dummy:externalReference:W-02ECCO", 
        "dummy:externalReference:W-02DOWS", 
        "dummy:externalReference:eg130348", 
        "dummy:externalReference:03380", 
        "dummy:externalReference:03439", 
        "dummy:externalReference:03672", 
        "dummy:externalReference:mdat8", 
        "dummy:externalReference:W-02DP5X", 
        "dummy:externalReference:02424", 
        "dummy:externalReference:04043", 
        "dummy:externalReference:W-02EC6R", 
        "dummy:externalReference:03201", 
        "dummy:externalReference:03732", 
        "dummy:externalReference:22000641", 
        "dummy:externalReference:W-02E4D6", 
        "dummy:externalReference:AM1811011", 
        "dummy:externalReference:156", 
        "dummy:externalReference:03315", 
        "dummy:externalReference:W-02B6L3", 
        "dummy:externalReference:144127", 
        "dummy:externalReference:JSC-A-3378", 
        "dummy:externalReference:12459", 
        "dummy:externalReference:MON - 3561", 
        "dummy:externalReference:03280", 
        "dummy:externalReference:RE-ALG", 
        "dummy:externalReference:03940", 
        "dummy:externalReference:103154", 
        "dummy:externalReference:03685", 
        "dummy:externalReference:03969", 
        "dummy:externalReference:68", 
        "dummy:externalReference:Edificio Hispanidad", 
        "dummy:externalReference:AM1810073", 
        "dummy:externalReference:EOR23883", 
        "dummy:externalReference:1258", 
        "dummy:externalReference:03899", 
        "dummy:externalReference:03208", 
        "dummy:externalReference:ap18372", 
        "dummy:externalReference:W-02E4I4", 
        "dummy:externalReference:RE-AMB", 
        "dummy:externalReference:03170", 
        "dummy:externalReference:151339", 
        "dummy:externalReference:W-02E30C", 
        "dummy:externalReference:03176", 
        "dummy:externalReference:01437", 
        "dummy:externalReference:03565", 
        "dummy:externalReference:03024", 
        "dummy:externalReference:RE-PC", 
        "dummy:externalReference:Guido Alberto tlf. 675 728 461", 
        "dummy:externalReference:03128", 
        "dummy:externalReference:W-02B16Y", 
        "dummy:externalReference:SGG129017", 
        "dummy:externalReference:Fuencarral XIII", 
        "dummy:externalReference:22000636", 
        "dummy:externalReference:W-02E2Z4", 
        "dummy:externalReference:W-02C180", 
        "dummy:externalReference:BADA", 
        "dummy:externalReference:RE-FL", 
        "dummy:externalReference:03519", 
        "dummy:externalReference:04029", 
        "dummy:externalReference:104059", 
        "dummy:externalReference:03742", 
        "dummy:externalReference:W-02DM51", 
        "dummy:externalReference:03403", 
        "dummy:externalReference:L0455MA", 
        "dummy:externalReference:RE-EP", 
        "dummy:externalReference:03526", 
        "dummy:externalReference:W-02E4AL", 
        "dummy:externalReference:02709", 
        "dummy:externalReference:SGF86609", 
        "dummy:externalReference:Retiro", 
        "dummy:externalReference:RE-19628", 
        "dummy:externalReference:Edificio Atrium", 
        "dummy:externalReference:1049", 
        "dummy:externalReference:SRB_SOLVIA_48300", 
        "dummy:externalReference:SRB_SOLVIA_54137", 
        "dummy:externalReference:153450", 
        "dummy:externalReference:JPalquiler", 
        "dummy:externalReference:03348", 
        "dummy:externalReference:RP129201850040", 
        "dummy:externalReference:03143", 
        "dummy:externalReference:03215", 
        "dummy:externalReference:MON - 3569", 
        "dummy:externalReference:AC9", 
        "dummy:externalReference:N/A", 
        "dummy:externalReference:__Others__", 
        "dummy:hasParkingSpace:True", 
        "dummy:hasParkingSpace:N/A", 
        "dummy:hasParkingSpace:__Others__"
    ], 
    "regression_performance": {
        "max_error": 1233.3756284504693, 
        "median_error": -28.0268394818587, 
        "error_distribution": [
            {
                "count": 49, 
                "bin_max": -407.48234296502073, 
                "bin_id": 0, 
                "bin_min": -591.6230708683147
            }, 
            {
                "count": 108, 
                "bin_max": -225.16479058552187, 
                "bin_id": 1, 
                "bin_min": -407.48234296502073
            }, 
            {
                "count": 163, 
                "bin_max": -42.847238206023007, 
                "bin_id": 2, 
                "bin_min": -225.16479058552187
            }, 
            {
                "count": 157, 
                "bin_max": 139.47031417347591, 
                "bin_id": 3, 
                "bin_min": -42.847238206023007
            }, 
            {
                "count": 91, 
                "bin_max": 321.78786655297483, 
                "bin_id": 4, 
                "bin_min": 139.47031417347591
            }, 
            {
                "count": 34, 
                "bin_max": 504.10541893247364, 
                "bin_id": 5, 
                "bin_min": 321.78786655297483
            }, 
            {
                "count": 25, 
                "bin_max": 686.42297131197256, 
                "bin_id": 6, 
                "bin_min": 504.10541893247364
            }, 
            {
                "count": 7, 
                "bin_max": 868.74052369147148, 
                "bin_id": 7, 
                "bin_min": 686.42297131197256
            }, 
            {
                "count": 11, 
                "bin_max": 1051.0580760709704, 
                "bin_id": 8, 
                "bin_min": 868.74052369147148
            }, 
            {
                "count": 19, 
                "bin_max": 1233.3756284504693, 
                "bin_id": 9, 
                "bin_min": 1051.0580760709704
            }
        ], 
        "min_error": -589.79989534451965, 
        "average_error": 23.602330221928625, 
        "std_error": 365.84333450243076, 
        "p75_error": 183.76628653624527, 
        "p90_error": 475.5407998899867, 
        "p25_error": -215.65354320393095
    }
}